api	Api	dev.s7a.strata.action.ActionDispatcher#constructor:1:(Ljava/util/List;)V
api	Api	dev.s7a.strata.action.ActionDispatcher#field:25:Companion:Ldev/s7a/strata/action/ActionDispatcher$Companion;
api	Api	dev.s7a.strata.action.ActionDispatcher#method:17:dispatch:(Ldev/s7a/strata/ui/UiSession;Ldev/s7a/strata/action/ActionKey;Ljava/lang/Object;)Ldev/s7a/strata/action/ActionResult;
api	Api	dev.s7a.strata.action.ActionDispatcher#type:17:java.lang.Object:
api	Api	dev.s7a.strata.action.ActionDispatcher$Companion#method:17:getEmpty:()Ldev/s7a/strata/action/ActionDispatcher;
api	Api	dev.s7a.strata.action.ActionDispatcher$Companion#type:25:java.lang.Object:
api	Api	dev.s7a.strata.action.ActionHandler#constructor:1:(Ldev/s7a/strata/action/ActionKey;Lkotlin/jvm/functions/Function2;)V
api	Api	dev.s7a.strata.action.ActionHandler#method:17:dispatch:(Ldev/s7a/strata/ui/UiSession;Ljava/lang/Object;)Ldev/s7a/strata/action/ActionResult;
api	Api	dev.s7a.strata.action.ActionHandler#method:17:getKey:()Ldev/s7a/strata/action/ActionKey;
api	Api	dev.s7a.strata.action.ActionHandler#type:17:java.lang.Object:
api	Api	dev.s7a.strata.action.ActionKey#constructor:1:(Ljava/lang/String;)V
api	Api	dev.s7a.strata.action.ActionKey#method:17:getName:()Ljava/lang/String;
api	Api	dev.s7a.strata.action.ActionKey#method:1:toString:()Ljava/lang/String;
api	Api	dev.s7a.strata.action.ActionKey#type:17:java.lang.Object:
api	Api	dev.s7a.strata.action.ActionResult#field:16409:Consumed:Ldev/s7a/strata/action/ActionResult;
api	Api	dev.s7a.strata.action.ActionResult#field:16409:Ignored:Ldev/s7a/strata/action/ActionResult;
api	Api	dev.s7a.strata.action.ActionResult#method:9:getEntries:()Lkotlin/enums/EnumEntries;
api	Api	dev.s7a.strata.action.ActionResult#method:9:valueOf:(Ljava/lang/String;)Ldev/s7a/strata/action/ActionResult;
api	Api	dev.s7a.strata.action.ActionResult#method:9:values:()[Ldev/s7a/strata/action/ActionResult;
api	Api	dev.s7a.strata.action.ActionResult#type:16401:java.lang.Enum:
api	Api	dev.s7a.strata.action.ComponentActions#field:25:INSTANCE:Ldev/s7a/strata/action/ComponentActions;
api	Api	dev.s7a.strata.action.ComponentActions#method:17:getCheckedChange:()Ldev/s7a/strata/action/ActionKey;
api	Api	dev.s7a.strata.action.ComponentActions#method:17:getCycle:()Ldev/s7a/strata/action/ActionKey;
api	Api	dev.s7a.strata.action.ComponentActions#method:17:getLeadingItemsRequested:()Ldev/s7a/strata/action/ActionKey;
api	Api	dev.s7a.strata.action.ComponentActions#method:17:getSelectionChange:()Ldev/s7a/strata/action/ActionKey;
api	Api	dev.s7a.strata.action.ComponentActions#method:17:getSliderChange:()Ldev/s7a/strata/action/ActionKey;
api	Api	dev.s7a.strata.action.ComponentActions#method:17:getTrailingItemsRequested:()Ldev/s7a/strata/action/ActionKey;
api	Api	dev.s7a.strata.action.ComponentActions#type:17:java.lang.Object:
api	Api	dev.s7a.strata.action.ListLoadRequest#constructor:1:(I)V
api	Api	dev.s7a.strata.action.ListLoadRequest#method:17:component1:()I
api	Api	dev.s7a.strata.action.ListLoadRequest#method:17:copy:(I)Ldev/s7a/strata/action/ListLoadRequest;
api	Api	dev.s7a.strata.action.ListLoadRequest#method:17:getSuggestedCount:()I
api	Api	dev.s7a.strata.action.ListLoadRequest#method:1:equals:(Ljava/lang/Object;)Z
api	Api	dev.s7a.strata.action.ListLoadRequest#method:1:hashCode:()I
api	Api	dev.s7a.strata.action.ListLoadRequest#method:1:toString:()Ljava/lang/String;
api	Api	dev.s7a.strata.action.ListLoadRequest#type:17:java.lang.Object:
api	Api	dev.s7a.strata.component.CanvasBinding#method:1025:close:()V
api	Api	dev.s7a.strata.component.CanvasBinding#method:1025:paint:(Ldev/s7a/strata/render/PaintScope;)V
api	Api	dev.s7a.strata.component.CanvasBinding#method:1:captureFrame:()V
api	Api	dev.s7a.strata.component.CanvasBinding#method:1:commitFrame:()Z
api	Api	dev.s7a.strata.component.CanvasBinding#method:1:project:(Ldev/s7a/strata/geometry/IntSize;)Ldev/s7a/strata/projection/DeclarationProjection;
api	Api	dev.s7a.strata.component.CanvasBinding#type:1537::java.lang.AutoCloseable
api	Api	dev.s7a.strata.component.CanvasBinding$DefaultImpls#method:9:captureFrame:(Ldev/s7a/strata/component/CanvasBinding;)V
api	Api	dev.s7a.strata.component.CanvasBinding$DefaultImpls#method:9:commitFrame:(Ldev/s7a/strata/component/CanvasBinding;)Z
api	Api	dev.s7a.strata.component.CanvasBinding$DefaultImpls#method:9:project:(Ldev/s7a/strata/component/CanvasBinding;Ldev/s7a/strata/geometry/IntSize;)Ldev/s7a/strata/projection/DeclarationProjection;
api	Api	dev.s7a.strata.component.CanvasBinding$DefaultImpls#type:25:java.lang.Object:
api	Api	dev.s7a.strata.component.CanvasComponentsKt#method:25:Canvas:(Ldev/s7a/strata/component/UiScope;Ldev/s7a/strata/component/CanvasSource;Ldev/s7a/strata/geometry/IntSize;Ldev/s7a/strata/modifier/Modifier;Ldev/s7a/strata/element/ElementKey;)V
api	Api	dev.s7a.strata.component.CanvasComponentsKt#type:17:java.lang.Object:
api	Api	dev.s7a.strata.component.CanvasElement#constructor:1:(Ldev/s7a/strata/component/CanvasSource;Ldev/s7a/strata/geometry/IntSize;Ldev/s7a/strata/modifier/Modifier;Ldev/s7a/strata/element/ElementKey;)V
api	Api	dev.s7a.strata.component.CanvasElement#type:17:dev.s7a.strata.element.Element:
api	Api	dev.s7a.strata.component.CanvasId#method:17:getValue:()J
api	Api	dev.s7a.strata.component.CanvasId#method:1:equals:(Ljava/lang/Object;)Z
api	Api	dev.s7a.strata.component.CanvasId#method:1:hashCode:()I
api	Api	dev.s7a.strata.component.CanvasId#method:1:toString:()Ljava/lang/String;
api	Api	dev.s7a.strata.component.CanvasId#method:25:equals-impl0:(JJ)Z
api	Api	dev.s7a.strata.component.CanvasId#method:9:constructor-impl:(J)J
api	Api	dev.s7a.strata.component.CanvasId#method:9:equals-impl:(JLjava/lang/Object;)Z
api	Api	dev.s7a.strata.component.CanvasId#method:9:hashCode-impl:(J)I
api	Api	dev.s7a.strata.component.CanvasId#method:9:toString-impl:(J)Ljava/lang/String;
api	Api	dev.s7a.strata.component.CanvasId#type:17:java.lang.Object:
api	Api	dev.s7a.strata.component.CanvasSource#method:1025:open-F1gC8AI:(J)Ldev/s7a/strata/component/CanvasBinding;
api	Api	dev.s7a.strata.component.CanvasSource#type:1537::
api	Api	dev.s7a.strata.component.CanvasSourcesKt#method:25:canvasSource:(Ldev/s7a/strata/render/DrawImage;)Ldev/s7a/strata/component/CanvasSource;
api	Api	dev.s7a.strata.component.CanvasSourcesKt#method:25:canvasSource:(Ldev/s7a/strata/state/StateSource;)Ldev/s7a/strata/component/CanvasSource;
api	Api	dev.s7a.strata.component.CanvasSourcesKt#type:17:java.lang.Object:
api	Api	dev.s7a.strata.component.CheckboxState#constructor:1:()V
api	Api	dev.s7a.strata.component.CheckboxState#constructor:1:(Z)V
api	Api	dev.s7a.strata.component.CheckboxState#method:17:getChecked:()Z
api	Api	dev.s7a.strata.component.CheckboxState#method:17:observe:(Lkotlin/jvm/functions/Function1;)Ldev/s7a/strata/component/ComponentStateSubscription;
api	Api	dev.s7a.strata.component.CheckboxState#method:17:setChecked:(Z)V
api	Api	dev.s7a.strata.component.CheckboxState#method:17:toggle:()Z
api	Api	dev.s7a.strata.component.CheckboxState#type:17:java.lang.Object:
api	Api	dev.s7a.strata.component.ColumnScope#field:25:Companion:Ldev/s7a/strata/component/ColumnScope$Companion;
api	Api	dev.s7a.strata.component.ColumnScope#method:17:align:(Ldev/s7a/strata/modifier/Modifier;Ldev/s7a/strata/layout/HorizontalAlignment;)Ldev/s7a/strata/modifier/Modifier;
api	Api	dev.s7a.strata.component.ColumnScope#method:17:weight:(Ldev/s7a/strata/modifier/Modifier;FZ)Ldev/s7a/strata/modifier/Modifier;
api	Api	dev.s7a.strata.component.ColumnScope#type:1025:dev.s7a.strata.component.UiScope:
api	Api	dev.s7a.strata.component.ColumnScope$Companion#type:25:java.lang.Object:
api	Api	dev.s7a.strata.component.ComponentStateSubscription#constructor:1:(Lkotlin/jvm/functions/Function0;)V
api	Api	dev.s7a.strata.component.ComponentStateSubscription#method:1:close:()V
api	Api	dev.s7a.strata.component.ComponentStateSubscription#type:17:java.lang.Object:java.lang.AutoCloseable
api	Api	dev.s7a.strata.component.CpuCanvasSource#constructor:1:(Ldev/s7a/strata/state/StateSource;)V
api	Api	dev.s7a.strata.component.CpuCanvasSource#method:1:open-F1gC8AI:(J)Ldev/s7a/strata/component/CanvasBinding;
api	Api	dev.s7a.strata.component.CpuCanvasSource#type:17:java.lang.Object:dev.s7a.strata.component.CanvasSource
api	Api	dev.s7a.strata.component.CycleButtonState#constructor:1:(Ljava/util/Collection;Ljava/lang/Object;Lkotlin/jvm/functions/Function1;)V
api	Api	dev.s7a.strata.component.CycleButtonState#constructor:1:(Ljava/util/List;)V
api	Api	dev.s7a.strata.component.CycleButtonState#constructor:1:(Ljava/util/List;Ljava/lang/Object;)V
api	Api	dev.s7a.strata.component.CycleButtonState#field:25:Companion:Ldev/s7a/strata/component/CycleButtonState$Companion;
api	Api	dev.s7a.strata.component.CycleButtonState#method:17:format:(Ljava/lang/Object;)Ljava/lang/String;
api	Api	dev.s7a.strata.component.CycleButtonState#method:17:formatKnownMember$dev_s7a_strata_api:(Ljava/lang/Object;)Ljava/lang/String;
api	Api	dev.s7a.strata.component.CycleButtonState#method:17:getValue:()Ljava/lang/Object;
api	Api	dev.s7a.strata.component.CycleButtonState#method:17:getValues:()Ljava/util/List;
api	Api	dev.s7a.strata.component.CycleButtonState#method:17:next:()Ljava/lang/Object;
api	Api	dev.s7a.strata.component.CycleButtonState#method:17:observe:(Lkotlin/jvm/functions/Function1;)Ldev/s7a/strata/component/ComponentStateSubscription;
api	Api	dev.s7a.strata.component.CycleButtonState#method:17:previous:()Ljava/lang/Object;
api	Api	dev.s7a.strata.component.CycleButtonState#method:17:setValue:(Ljava/lang/Object;)V
api	Api	dev.s7a.strata.component.CycleButtonState#type:17:java.lang.Object:
api	Api	dev.s7a.strata.component.CycleButtonState$Companion#type:25:java.lang.Object:
api	Api	dev.s7a.strata.component.CycleButtonState$Companion$invoke$1#constructor:1:()V
api	Api	dev.s7a.strata.component.CycleButtonState$Companion$invoke$1#field:25:INSTANCE:Ldev/s7a/strata/component/CycleButtonState$Companion$invoke$1;
api	Api	dev.s7a.strata.component.CycleButtonState$Companion$invoke$1#method:17:invoke:(Ljava/lang/Enum;)Ljava/lang/String;
api	Api	dev.s7a.strata.component.CycleButtonState$Companion$invoke$1#type:25:java.lang.Object:kotlin.jvm.functions.Function1
api	Api	dev.s7a.strata.component.FlowRowScope#field:25:Companion:Ldev/s7a/strata/component/FlowRowScope$Companion;
api	Api	dev.s7a.strata.component.FlowRowScope#method:17:align:(Ldev/s7a/strata/modifier/Modifier;Ldev/s7a/strata/layout/VerticalAlignment;)Ldev/s7a/strata/modifier/Modifier;
api	Api	dev.s7a.strata.component.FlowRowScope#type:1025:dev.s7a.strata.component.UiScope:
api	Api	dev.s7a.strata.component.FlowRowScope$Companion#type:25:java.lang.Object:
api	Api	dev.s7a.strata.component.GridScope#field:25:Companion:Ldev/s7a/strata/component/GridScope$Companion;
api	Api	dev.s7a.strata.component.GridScope#method:17:align:(Ldev/s7a/strata/modifier/Modifier;Ldev/s7a/strata/layout/Alignment;)Ldev/s7a/strata/modifier/Modifier;
api	Api	dev.s7a.strata.component.GridScope#type:1025:dev.s7a.strata.component.UiScope:
api	Api	dev.s7a.strata.component.GridScope$Companion#type:25:java.lang.Object:
api	Api	dev.s7a.strata.component.ImageScale#field:16409:Stretch:Ldev/s7a/strata/component/ImageScale;
api	Api	dev.s7a.strata.component.ImageScale#field:16409:Tile:Ldev/s7a/strata/component/ImageScale;
api	Api	dev.s7a.strata.component.ImageScale#method:9:getEntries:()Lkotlin/enums/EnumEntries;
api	Api	dev.s7a.strata.component.ImageScale#method:9:valueOf:(Ljava/lang/String;)Ldev/s7a/strata/component/ImageScale;
api	Api	dev.s7a.strata.component.ImageScale#method:9:values:()[Ldev/s7a/strata/component/ImageScale;
api	Api	dev.s7a.strata.component.ImageScale#type:16401:java.lang.Enum:
api	Api	dev.s7a.strata.component.ImageSource#type:1537::
api	Api	dev.s7a.strata.component.ImageSource$Pixels#constructor:1:(Ldev/s7a/strata/render/DrawImage;)V
api	Api	dev.s7a.strata.component.ImageSource$Pixels#method:17:component1:()Ldev/s7a/strata/render/DrawImage;
api	Api	dev.s7a.strata.component.ImageSource$Pixels#method:17:copy:(Ldev/s7a/strata/render/DrawImage;)Ldev/s7a/strata/component/ImageSource$Pixels;
api	Api	dev.s7a.strata.component.ImageSource$Pixels#method:17:getImage:()Ldev/s7a/strata/render/DrawImage;
api	Api	dev.s7a.strata.component.ImageSource$Pixels#method:1:equals:(Ljava/lang/Object;)Z
api	Api	dev.s7a.strata.component.ImageSource$Pixels#method:1:hashCode:()I
api	Api	dev.s7a.strata.component.ImageSource$Pixels#method:1:toString:()Ljava/lang/String;
api	Api	dev.s7a.strata.component.ImageSource$Pixels#type:25:java.lang.Object:dev.s7a.strata.component.ImageSource
api	Api	dev.s7a.strata.component.ImageSource$Resource#constructor:1:(Ldev/s7a/strata/resource/ResourceId;)V
api	Api	dev.s7a.strata.component.ImageSource$Resource#method:17:component1:()Ldev/s7a/strata/resource/ResourceId;
api	Api	dev.s7a.strata.component.ImageSource$Resource#method:17:copy:(Ldev/s7a/strata/resource/ResourceId;)Ldev/s7a/strata/component/ImageSource$Resource;
api	Api	dev.s7a.strata.component.ImageSource$Resource#method:17:getId:()Ldev/s7a/strata/resource/ResourceId;
api	Api	dev.s7a.strata.component.ImageSource$Resource#method:1:equals:(Ljava/lang/Object;)Z
api	Api	dev.s7a.strata.component.ImageSource$Resource#method:1:hashCode:()I
api	Api	dev.s7a.strata.component.ImageSource$Resource#method:1:toString:()Ljava/lang/String;
api	Api	dev.s7a.strata.component.ImageSource$Resource#type:25:java.lang.Object:dev.s7a.strata.component.ImageSource
api	Api	dev.s7a.strata.component.NineSliceCenterMode#type:1537::
api	Api	dev.s7a.strata.component.NineSliceCenterMode$Stretched#field:25:INSTANCE:Ldev/s7a/strata/component/NineSliceCenterMode$Stretched;
api	Api	dev.s7a.strata.component.NineSliceCenterMode$Stretched#method:1:equals:(Ljava/lang/Object;)Z
api	Api	dev.s7a.strata.component.NineSliceCenterMode$Stretched#method:1:hashCode:()I
api	Api	dev.s7a.strata.component.NineSliceCenterMode$Stretched#method:1:toString:()Ljava/lang/String;
api	Api	dev.s7a.strata.component.NineSliceCenterMode$Stretched#type:25:java.lang.Object:dev.s7a.strata.component.NineSliceCenterMode
api	Api	dev.s7a.strata.component.NineSliceCenterMode$Tiled#field:25:INSTANCE:Ldev/s7a/strata/component/NineSliceCenterMode$Tiled;
api	Api	dev.s7a.strata.component.NineSliceCenterMode$Tiled#method:1:equals:(Ljava/lang/Object;)Z
api	Api	dev.s7a.strata.component.NineSliceCenterMode$Tiled#method:1:hashCode:()I
api	Api	dev.s7a.strata.component.NineSliceCenterMode$Tiled#method:1:toString:()Ljava/lang/String;
api	Api	dev.s7a.strata.component.NineSliceCenterMode$Tiled#type:25:java.lang.Object:dev.s7a.strata.component.NineSliceCenterMode
api	Api	dev.s7a.strata.component.ObservableComponentState#constructor:1:(Ljava/lang/Object;Lkotlin/jvm/functions/Function1;)V
api	Api	dev.s7a.strata.component.ObservableComponentState#method:17:checkOwner:()V
api	Api	dev.s7a.strata.component.ObservableComponentState#method:17:get:()Ljava/lang/Object;
api	Api	dev.s7a.strata.component.ObservableComponentState#method:17:observe:(Lkotlin/jvm/functions/Function1;)Ldev/s7a/strata/component/ComponentStateSubscription;
api	Api	dev.s7a.strata.component.ObservableComponentState#method:17:set:(Ljava/lang/Object;)Z
api	Api	dev.s7a.strata.component.ObservableComponentState#type:17:java.lang.Object:
api	Api	dev.s7a.strata.component.ObserveBuilderKt#method:25:emitObserve:(Ldev/s7a/strata/component/UiScope;Ljava/util/List;Ldev/s7a/strata/modifier/Modifier;Ldev/s7a/strata/element/ElementKey;Lkotlin/jvm/functions/Function2;)V
api	Api	dev.s7a.strata.component.ObserveBuilderKt#method:25:emitObservedComponent:(Ldev/s7a/strata/component/UiScope;Ljava/util/List;Ldev/s7a/strata/element/ElementKey;Lkotlin/jvm/functions/Function2;)V
api	Api	dev.s7a.strata.component.ObserveBuilderKt#type:17:java.lang.Object:
api	Api	dev.s7a.strata.component.ObserveComponentsKt#method:25:Observe:(Ldev/s7a/strata/component/UiScope;Ldev/s7a/strata/state/StateSource;Ldev/s7a/strata/modifier/Modifier;Ldev/s7a/strata/element/ElementKey;Lkotlin/jvm/functions/Function2;)V
api	Api	dev.s7a.strata.component.ObserveComponentsKt#method:25:Observe:(Ldev/s7a/strata/component/UiScope;Ldev/s7a/strata/state/StateSource;Ldev/s7a/strata/state/StateSource;Ldev/s7a/strata/modifier/Modifier;Ldev/s7a/strata/element/ElementKey;Lkotlin/jvm/functions/Function3;)V
api	Api	dev.s7a.strata.component.ObserveComponentsKt#method:25:Observe:(Ldev/s7a/strata/component/UiScope;Ldev/s7a/strata/state/StateSource;Ldev/s7a/strata/state/StateSource;Ldev/s7a/strata/state/StateSource;Ldev/s7a/strata/modifier/Modifier;Ldev/s7a/strata/element/ElementKey;Lkotlin/jvm/functions/Function4;)V
api	Api	dev.s7a.strata.component.ObserveComponentsKt#method:25:Observe:(Ldev/s7a/strata/component/UiScope;Ldev/s7a/strata/state/StateSource;Ldev/s7a/strata/state/StateSource;Ldev/s7a/strata/state/StateSource;Ldev/s7a/strata/state/StateSource;Ldev/s7a/strata/modifier/Modifier;Ldev/s7a/strata/element/ElementKey;Lkotlin/jvm/functions/Function5;)V
api	Api	dev.s7a.strata.component.ObserveComponentsKt#method:25:Observe:(Ldev/s7a/strata/component/UiScope;Ldev/s7a/strata/state/StateSource;Ldev/s7a/strata/state/StateSource;Ldev/s7a/strata/state/StateSource;Ldev/s7a/strata/state/StateSource;Ldev/s7a/strata/state/StateSource;Ldev/s7a/strata/modifier/Modifier;Ldev/s7a/strata/element/ElementKey;Lkotlin/jvm/functions/Function6;)V
api	Api	dev.s7a.strata.component.ObserveComponentsKt#method:25:Observe:(Ldev/s7a/strata/component/UiScope;Ldev/s7a/strata/state/StateSource;Ldev/s7a/strata/state/StateSource;Ldev/s7a/strata/state/StateSource;Ldev/s7a/strata/state/StateSource;Ldev/s7a/strata/state/StateSource;Ldev/s7a/strata/state/StateSource;Ldev/s7a/strata/modifier/Modifier;Ldev/s7a/strata/element/ElementKey;Lkotlin/jvm/functions/Function7;)V
api	Api	dev.s7a.strata.component.ObserveComponentsKt#method:25:Observe:(Ldev/s7a/strata/component/UiScope;Ldev/s7a/strata/state/StateSource;Ldev/s7a/strata/state/StateSource;Ldev/s7a/strata/state/StateSource;Ldev/s7a/strata/state/StateSource;Ldev/s7a/strata/state/StateSource;Ldev/s7a/strata/state/StateSource;Ldev/s7a/strata/state/StateSource;Ldev/s7a/strata/modifier/Modifier;Ldev/s7a/strata/element/ElementKey;Lkotlin/jvm/functions/Function8;)V
api	Api	dev.s7a.strata.component.ObserveComponentsKt#method:25:Observe:(Ldev/s7a/strata/component/UiScope;Ldev/s7a/strata/state/StateSource;Ldev/s7a/strata/state/StateSource;Ldev/s7a/strata/state/StateSource;Ldev/s7a/strata/state/StateSource;Ldev/s7a/strata/state/StateSource;Ldev/s7a/strata/state/StateSource;Ldev/s7a/strata/state/StateSource;Ldev/s7a/strata/state/StateSource;Ldev/s7a/strata/modifier/Modifier;Ldev/s7a/strata/element/ElementKey;Lkotlin/jvm/functions/Function9;)V
api	Api	dev.s7a.strata.component.ObserveComponentsKt#method:25:Observe:(Ldev/s7a/strata/component/UiScope;Ldev/s7a/strata/state/StateSource;Ldev/s7a/strata/state/StateSource;Ldev/s7a/strata/state/StateSource;Ldev/s7a/strata/state/StateSource;Ldev/s7a/strata/state/StateSource;Ldev/s7a/strata/state/StateSource;Ldev/s7a/strata/state/StateSource;Ldev/s7a/strata/state/StateSource;Ldev/s7a/strata/state/StateSource;Ldev/s7a/strata/modifier/Modifier;Ldev/s7a/strata/element/ElementKey;Lkotlin/jvm/functions/Function10;)V
api	Api	dev.s7a.strata.component.ObserveComponentsKt#method:25:Observe:(Ldev/s7a/strata/component/UiScope;Ldev/s7a/strata/state/StateSource;Ldev/s7a/strata/state/StateSource;Ldev/s7a/strata/state/StateSource;Ldev/s7a/strata/state/StateSource;Ldev/s7a/strata/state/StateSource;Ldev/s7a/strata/state/StateSource;Ldev/s7a/strata/state/StateSource;Ldev/s7a/strata/state/StateSource;Ldev/s7a/strata/state/StateSource;Ldev/s7a/strata/state/StateSource;Ldev/s7a/strata/modifier/Modifier;Ldev/s7a/strata/element/ElementKey;Lkotlin/jvm/functions/Function11;)V
api	Api	dev.s7a.strata.component.ObserveComponentsKt#method:25:Observe:(Ldev/s7a/strata/component/UiScope;Ldev/s7a/strata/state/StateSource;Ldev/s7a/strata/state/StateSource;Ldev/s7a/strata/state/StateSource;Ldev/s7a/strata/state/StateSource;Ldev/s7a/strata/state/StateSource;Ldev/s7a/strata/state/StateSource;Ldev/s7a/strata/state/StateSource;Ldev/s7a/strata/state/StateSource;Ldev/s7a/strata/state/StateSource;Ldev/s7a/strata/state/StateSource;Ldev/s7a/strata/state/StateSource;Ldev/s7a/strata/modifier/Modifier;Ldev/s7a/strata/element/ElementKey;Lkotlin/jvm/functions/Function12;)V
api	Api	dev.s7a.strata.component.ObserveComponentsKt#method:25:Observe:(Ldev/s7a/strata/component/UiScope;Ldev/s7a/strata/state/StateSource;Ldev/s7a/strata/state/StateSource;Ldev/s7a/strata/state/StateSource;Ldev/s7a/strata/state/StateSource;Ldev/s7a/strata/state/StateSource;Ldev/s7a/strata/state/StateSource;Ldev/s7a/strata/state/StateSource;Ldev/s7a/strata/state/StateSource;Ldev/s7a/strata/state/StateSource;Ldev/s7a/strata/state/StateSource;Ldev/s7a/strata/state/StateSource;Ldev/s7a/strata/state/StateSource;Ldev/s7a/strata/modifier/Modifier;Ldev/s7a/strata/element/ElementKey;Lkotlin/jvm/functions/Function13;)V
api	Api	dev.s7a.strata.component.ObserveComponentsKt#method:25:Observe:(Ldev/s7a/strata/component/UiScope;Ldev/s7a/strata/state/StateSource;Ldev/s7a/strata/state/StateSource;Ldev/s7a/strata/state/StateSource;Ldev/s7a/strata/state/StateSource;Ldev/s7a/strata/state/StateSource;Ldev/s7a/strata/state/StateSource;Ldev/s7a/strata/state/StateSource;Ldev/s7a/strata/state/StateSource;Ldev/s7a/strata/state/StateSource;Ldev/s7a/strata/state/StateSource;Ldev/s7a/strata/state/StateSource;Ldev/s7a/strata/state/StateSource;Ldev/s7a/strata/state/StateSource;Ldev/s7a/strata/modifier/Modifier;Ldev/s7a/strata/element/ElementKey;Lkotlin/jvm/functions/Function14;)V
api	Api	dev.s7a.strata.component.ObserveComponentsKt#method:25:Observe:(Ldev/s7a/strata/component/UiScope;Ldev/s7a/strata/state/StateSource;Ldev/s7a/strata/state/StateSource;Ldev/s7a/strata/state/StateSource;Ldev/s7a/strata/state/StateSource;Ldev/s7a/strata/state/StateSource;Ldev/s7a/strata/state/StateSource;Ldev/s7a/strata/state/StateSource;Ldev/s7a/strata/state/StateSource;Ldev/s7a/strata/state/StateSource;Ldev/s7a/strata/state/StateSource;Ldev/s7a/strata/state/StateSource;Ldev/s7a/strata/state/StateSource;Ldev/s7a/strata/state/StateSource;Ldev/s7a/strata/state/StateSource;Ldev/s7a/strata/modifier/Modifier;Ldev/s7a/strata/element/ElementKey;Lkotlin/jvm/functions/Function15;)V
api	Api	dev.s7a.strata.component.ObserveComponentsKt#method:25:Observe:(Ldev/s7a/strata/component/UiScope;Ldev/s7a/strata/state/StateSource;Ldev/s7a/strata/state/StateSource;Ldev/s7a/strata/state/StateSource;Ldev/s7a/strata/state/StateSource;Ldev/s7a/strata/state/StateSource;Ldev/s7a/strata/state/StateSource;Ldev/s7a/strata/state/StateSource;Ldev/s7a/strata/state/StateSource;Ldev/s7a/strata/state/StateSource;Ldev/s7a/strata/state/StateSource;Ldev/s7a/strata/state/StateSource;Ldev/s7a/strata/state/StateSource;Ldev/s7a/strata/state/StateSource;Ldev/s7a/strata/state/StateSource;Ldev/s7a/strata/state/StateSource;Ldev/s7a/strata/modifier/Modifier;Ldev/s7a/strata/element/ElementKey;Lkotlin/jvm/functions/Function16;)V
api	Api	dev.s7a.strata.component.ObserveComponentsKt#method:25:Observe:(Ldev/s7a/strata/component/UiScope;Ldev/s7a/strata/state/StateSource;Ldev/s7a/strata/state/StateSource;Ldev/s7a/strata/state/StateSource;Ldev/s7a/strata/state/StateSource;Ldev/s7a/strata/state/StateSource;Ldev/s7a/strata/state/StateSource;Ldev/s7a/strata/state/StateSource;Ldev/s7a/strata/state/StateSource;Ldev/s7a/strata/state/StateSource;Ldev/s7a/strata/state/StateSource;Ldev/s7a/strata/state/StateSource;Ldev/s7a/strata/state/StateSource;Ldev/s7a/strata/state/StateSource;Ldev/s7a/strata/state/StateSource;Ldev/s7a/strata/state/StateSource;Ldev/s7a/strata/state/StateSource;Ldev/s7a/strata/modifier/Modifier;Ldev/s7a/strata/element/ElementKey;Lkotlin/jvm/functions/Function17;)V
api	Api	dev.s7a.strata.component.ObserveComponentsKt#method:25:Observe:(Ldev/s7a/strata/component/UiScope;Ldev/s7a/strata/state/StateSource;Ldev/s7a/strata/state/StateSource;Ldev/s7a/strata/state/StateSource;Ldev/s7a/strata/state/StateSource;Ldev/s7a/strata/state/StateSource;Ldev/s7a/strata/state/StateSource;Ldev/s7a/strata/state/StateSource;Ldev/s7a/strata/state/StateSource;Ldev/s7a/strata/state/StateSource;Ldev/s7a/strata/state/StateSource;Ldev/s7a/strata/state/StateSource;Ldev/s7a/strata/state/StateSource;Ldev/s7a/strata/state/StateSource;Ldev/s7a/strata/state/StateSource;Ldev/s7a/strata/state/StateSource;Ldev/s7a/strata/state/StateSource;Ldev/s7a/strata/state/StateSource;Ldev/s7a/strata/modifier/Modifier;Ldev/s7a/strata/element/ElementKey;Lkotlin/jvm/functions/Function18;)V
api	Api	dev.s7a.strata.component.ObserveComponentsKt#method:25:Observe:(Ldev/s7a/strata/component/UiScope;Ldev/s7a/strata/state/StateSource;Ldev/s7a/strata/state/StateSource;Ldev/s7a/strata/state/StateSource;Ldev/s7a/strata/state/StateSource;Ldev/s7a/strata/state/StateSource;Ldev/s7a/strata/state/StateSource;Ldev/s7a/strata/state/StateSource;Ldev/s7a/strata/state/StateSource;Ldev/s7a/strata/state/StateSource;Ldev/s7a/strata/state/StateSource;Ldev/s7a/strata/state/StateSource;Ldev/s7a/strata/state/StateSource;Ldev/s7a/strata/state/StateSource;Ldev/s7a/strata/state/StateSource;Ldev/s7a/strata/state/StateSource;Ldev/s7a/strata/state/StateSource;Ldev/s7a/strata/state/StateSource;Ldev/s7a/strata/state/StateSource;Ldev/s7a/strata/modifier/Modifier;Ldev/s7a/strata/element/ElementKey;Lkotlin/jvm/functions/Function19;)V
api	Api	dev.s7a.strata.component.ObserveComponentsKt#method:25:Observe:(Ldev/s7a/strata/component/UiScope;Ldev/s7a/strata/state/StateSource;Ldev/s7a/strata/state/StateSource;Ldev/s7a/strata/state/StateSource;Ldev/s7a/strata/state/StateSource;Ldev/s7a/strata/state/StateSource;Ldev/s7a/strata/state/StateSource;Ldev/s7a/strata/state/StateSource;Ldev/s7a/strata/state/StateSource;Ldev/s7a/strata/state/StateSource;Ldev/s7a/strata/state/StateSource;Ldev/s7a/strata/state/StateSource;Ldev/s7a/strata/state/StateSource;Ldev/s7a/strata/state/StateSource;Ldev/s7a/strata/state/StateSource;Ldev/s7a/strata/state/StateSource;Ldev/s7a/strata/state/StateSource;Ldev/s7a/strata/state/StateSource;Ldev/s7a/strata/state/StateSource;Ldev/s7a/strata/state/StateSource;Ldev/s7a/strata/modifier/Modifier;Ldev/s7a/strata/element/ElementKey;Lkotlin/jvm/functions/Function20;)V
api	Api	dev.s7a.strata.component.ObserveComponentsKt#method:25:Observe:(Ldev/s7a/strata/component/UiScope;Ldev/s7a/strata/state/StateSource;Ldev/s7a/strata/state/StateSource;Ldev/s7a/strata/state/StateSource;Ldev/s7a/strata/state/StateSource;Ldev/s7a/strata/state/StateSource;Ldev/s7a/strata/state/StateSource;Ldev/s7a/strata/state/StateSource;Ldev/s7a/strata/state/StateSource;Ldev/s7a/strata/state/StateSource;Ldev/s7a/strata/state/StateSource;Ldev/s7a/strata/state/StateSource;Ldev/s7a/strata/state/StateSource;Ldev/s7a/strata/state/StateSource;Ldev/s7a/strata/state/StateSource;Ldev/s7a/strata/state/StateSource;Ldev/s7a/strata/state/StateSource;Ldev/s7a/strata/state/StateSource;Ldev/s7a/strata/state/StateSource;Ldev/s7a/strata/state/StateSource;Ldev/s7a/strata/state/StateSource;Ldev/s7a/strata/modifier/Modifier;Ldev/s7a/strata/element/ElementKey;Lkotlin/jvm/functions/Function21;)V
api	Api	dev.s7a.strata.component.ObserveComponentsKt#method:25:Observe:(Ldev/s7a/strata/component/UiScope;Ldev/s7a/strata/state/StateSource;Ldev/s7a/strata/state/StateSource;Ldev/s7a/strata/state/StateSource;Ldev/s7a/strata/state/StateSource;Ldev/s7a/strata/state/StateSource;Ldev/s7a/strata/state/StateSource;Ldev/s7a/strata/state/StateSource;Ldev/s7a/strata/state/StateSource;Ldev/s7a/strata/state/StateSource;Ldev/s7a/strata/state/StateSource;Ldev/s7a/strata/state/StateSource;Ldev/s7a/strata/state/StateSource;Ldev/s7a/strata/state/StateSource;Ldev/s7a/strata/state/StateSource;Ldev/s7a/strata/state/StateSource;Ldev/s7a/strata/state/StateSource;Ldev/s7a/strata/state/StateSource;Ldev/s7a/strata/state/StateSource;Ldev/s7a/strata/state/StateSource;Ldev/s7a/strata/state/StateSource;Ldev/s7a/strata/state/StateSource;Ldev/s7a/strata/modifier/Modifier;Ldev/s7a/strata/element/ElementKey;Lkotlin/jvm/functions/Function22;)V
api	Api	dev.s7a.strata.component.ObserveComponentsKt#method:25:Observe:(Ldev/s7a/strata/component/UiScope;Ldev/s7a/strata/state/StateSource;Ldev/s7a/strata/state/StateSource;Ldev/s7a/strata/state/StateSource;Ldev/s7a/strata/state/StateSource;Ldev/s7a/strata/state/StateSource;Ldev/s7a/strata/state/StateSource;Ldev/s7a/strata/state/StateSource;Ldev/s7a/strata/state/StateSource;Ldev/s7a/strata/state/StateSource;Ldev/s7a/strata/state/StateSource;Ldev/s7a/strata/state/StateSource;Ldev/s7a/strata/state/StateSource;Ldev/s7a/strata/state/StateSource;Ldev/s7a/strata/state/StateSource;Ldev/s7a/strata/state/StateSource;Ldev/s7a/strata/state/StateSource;Ldev/s7a/strata/state/StateSource;Ldev/s7a/strata/state/StateSource;Ldev/s7a/strata/state/StateSource;Ldev/s7a/strata/state/StateSource;Ldev/s7a/strata/state/StateSource;Ldev/s7a/strata/state/StateSource;Ldev/s7a/strata/modifier/Modifier;Ldev/s7a/strata/element/ElementKey;Lkotlin/jvm/functions/FunctionN;)V
api	Api	dev.s7a.strata.component.ObserveComponentsKt#type:17:java.lang.Object:
api	Api	dev.s7a.strata.component.ObserveContent#constructor:1:(Ldev/s7a/strata/spi/ComponentEvaluator;Lkotlin/jvm/functions/Function2;Z)V
api	Api	dev.s7a.strata.component.ObserveContent#method:17:evaluate:(Ljava/util/List;)Ljava/util/List;
api	Api	dev.s7a.strata.component.ObserveContent#type:17:java.lang.Object:
api	Api	dev.s7a.strata.component.ObserveElement#constructor:1:(Ljava/util/List;Ldev/s7a/strata/component/ObserveContent;Ldev/s7a/strata/modifier/Modifier;Ldev/s7a/strata/element/ElementKey;Z)V
api	Api	dev.s7a.strata.component.ObserveElement#method:1:getProjection:()Ldev/s7a/strata/projection/DeclarationProjection;
api	Api	dev.s7a.strata.component.ObserveElement#type:17:dev.s7a.strata.element.Element:
api	Api	dev.s7a.strata.component.ObservedComponentsKt#method:25:ButtonState6e1d7e05cd68_1:(Ldev/s7a/strata/component/UiScope;Ldev/s7a/strata/state/StateSource;IZLdev/s7a/strata/modifier/Modifier;Ldev/s7a/strata/element/ElementKey;)V
api	Api	dev.s7a.strata.component.ObservedComponentsKt#method:25:ButtonState6e1d7e05cd68_2:(Ldev/s7a/strata/component/UiScope;Ljava/lang/String;ILdev/s7a/strata/state/StateSource;Ldev/s7a/strata/modifier/Modifier;Ldev/s7a/strata/element/ElementKey;)V
api	Api	dev.s7a.strata.component.ObservedComponentsKt#method:25:ButtonState6e1d7e05cd68_3:(Ldev/s7a/strata/component/UiScope;Ldev/s7a/strata/state/StateSource;ILdev/s7a/strata/state/StateSource;Ldev/s7a/strata/modifier/Modifier;Ldev/s7a/strata/element/ElementKey;)V
api	Api	dev.s7a.strata.component.ObservedComponentsKt#method:25:ButtonStatecffa97b99dc2_1:(Ldev/s7a/strata/component/UiScope;Ldev/s7a/strata/state/StateSource;IZLdev/s7a/strata/modifier/Modifier;Ldev/s7a/strata/element/ElementKey;)V
api	Api	dev.s7a.strata.component.ObservedComponentsKt#method:25:ButtonStatecffa97b99dc2_2:(Ldev/s7a/strata/component/UiScope;Ldev/s7a/strata/text/UiText;ILdev/s7a/strata/state/StateSource;Ldev/s7a/strata/modifier/Modifier;Ldev/s7a/strata/element/ElementKey;)V
api	Api	dev.s7a.strata.component.ObservedComponentsKt#method:25:ButtonStatecffa97b99dc2_3:(Ldev/s7a/strata/component/UiScope;Ldev/s7a/strata/state/StateSource;ILdev/s7a/strata/state/StateSource;Ldev/s7a/strata/modifier/Modifier;Ldev/s7a/strata/element/ElementKey;)V
api	Api	dev.s7a.strata.component.ObservedComponentsKt#method:25:CanvasState7047d39d3483_1:(Ldev/s7a/strata/component/UiScope;Ldev/s7a/strata/state/StateSource;Ldev/s7a/strata/geometry/IntSize;Ldev/s7a/strata/modifier/Modifier;Ldev/s7a/strata/element/ElementKey;)V
api	Api	dev.s7a.strata.component.ObservedComponentsKt#method:25:CheckboxState1d460d77bb71_1:(Ldev/s7a/strata/component/UiScope;Ldev/s7a/strata/state/StateSource;Ldev/s7a/strata/component/CheckboxState;IZLdev/s7a/strata/modifier/Modifier;Ldev/s7a/strata/element/ElementKey;)V
api	Api	dev.s7a.strata.component.ObservedComponentsKt#method:25:CheckboxState1d460d77bb71_2:(Ldev/s7a/strata/component/UiScope;Ljava/lang/String;Ldev/s7a/strata/component/CheckboxState;ILdev/s7a/strata/state/StateSource;Ldev/s7a/strata/modifier/Modifier;Ldev/s7a/strata/element/ElementKey;)V
api	Api	dev.s7a.strata.component.ObservedComponentsKt#method:25:CheckboxState1d460d77bb71_3:(Ldev/s7a/strata/component/UiScope;Ldev/s7a/strata/state/StateSource;Ldev/s7a/strata/component/CheckboxState;ILdev/s7a/strata/state/StateSource;Ldev/s7a/strata/modifier/Modifier;Ldev/s7a/strata/element/ElementKey;)V
api	Api	dev.s7a.strata.component.ObservedComponentsKt#method:25:CheckboxState3bddea62a5dc_1:(Ldev/s7a/strata/component/UiScope;Ldev/s7a/strata/state/StateSource;Ldev/s7a/strata/component/CheckboxState;IZLdev/s7a/strata/modifier/Modifier;Ldev/s7a/strata/element/ElementKey;)V
api	Api	dev.s7a.strata.component.ObservedComponentsKt#method:25:CheckboxState3bddea62a5dc_2:(Ldev/s7a/strata/component/UiScope;Ldev/s7a/strata/text/UiText;Ldev/s7a/strata/component/CheckboxState;ILdev/s7a/strata/state/StateSource;Ldev/s7a/strata/modifier/Modifier;Ldev/s7a/strata/element/ElementKey;)V
api	Api	dev.s7a.strata.component.ObservedComponentsKt#method:25:CheckboxState3bddea62a5dc_3:(Ldev/s7a/strata/component/UiScope;Ldev/s7a/strata/state/StateSource;Ldev/s7a/strata/component/CheckboxState;ILdev/s7a/strata/state/StateSource;Ldev/s7a/strata/modifier/Modifier;Ldev/s7a/strata/element/ElementKey;)V
api	Api	dev.s7a.strata.component.ObservedComponentsKt#method:25:CycleButtonState454065400fd3_1:(Ldev/s7a/strata/component/UiScope;Ldev/s7a/strata/component/CycleButtonState;ILdev/s7a/strata/state/StateSource;Ldev/s7a/strata/modifier/Modifier;Ldev/s7a/strata/element/ElementKey;Lkotlin/jvm/functions/Function1;)V
api	Api	dev.s7a.strata.component.ObservedComponentsKt#method:25:CycleButtonState454065400fd3_2:(Ldev/s7a/strata/component/UiScope;Ldev/s7a/strata/component/CycleButtonState;IZLdev/s7a/strata/modifier/Modifier;Ldev/s7a/strata/element/ElementKey;Ldev/s7a/strata/state/StateSource;)V
api	Api	dev.s7a.strata.component.ObservedComponentsKt#method:25:CycleButtonState454065400fd3_3:(Ldev/s7a/strata/component/UiScope;Ldev/s7a/strata/component/CycleButtonState;ILdev/s7a/strata/state/StateSource;Ldev/s7a/strata/modifier/Modifier;Ldev/s7a/strata/element/ElementKey;Ldev/s7a/strata/state/StateSource;)V
api	Api	dev.s7a.strata.component.ObservedComponentsKt#method:25:ImageState386405e1017f_1:(Ldev/s7a/strata/component/UiScope;Ldev/s7a/strata/state/StateSource;Ldev/s7a/strata/geometry/IntSize;Ldev/s7a/strata/modifier/Modifier;Ldev/s7a/strata/element/ElementKey;)V
api	Api	dev.s7a.strata.component.ObservedComponentsKt#method:25:ImageState6751db0e9723_1:(Ldev/s7a/strata/component/UiScope;Ldev/s7a/strata/state/StateSource;Ldev/s7a/strata/geometry/IntRect;Ldev/s7a/strata/geometry/IntSize;Ldev/s7a/strata/modifier/Modifier;Ldev/s7a/strata/element/ElementKey;)V
api	Api	dev.s7a.strata.component.ObservedComponentsKt#method:25:PlayerHeadState339c1e7d20b9_1:(Ldev/s7a/strata/component/UiScope;Ldev/s7a/strata/state/StateSource;Ldev/s7a/strata/component/PlayerHeadScale;ZLdev/s7a/strata/modifier/Modifier;Ldev/s7a/strata/element/ElementKey;Lkotlin/jvm/functions/Function1;Lkotlin/jvm/functions/Function1;)V
api	Api	dev.s7a.strata.component.ObservedComponentsKt#method:25:ProgressBarState4c303dc4114b_1:(Ldev/s7a/strata/component/UiScope;Ldev/s7a/strata/state/StateSource;Ldev/s7a/strata/geometry/IntSize;Ldev/s7a/strata/modifier/Modifier;Ldev/s7a/strata/element/ElementKey;)V
api	Api	dev.s7a.strata.component.ObservedComponentsKt#method:25:SelectionListState685be857e721_1:(Ldev/s7a/strata/component/UiScope;Ldev/s7a/strata/state/StateSource;Lkotlin/jvm/functions/Function1;Ldev/s7a/strata/component/SelectionListState;Ldev/s7a/strata/geometry/IntSize;IZZILdev/s7a/strata/modifier/Modifier;Ldev/s7a/strata/element/ElementKey;Lkotlin/jvm/functions/Function2;)V
api	Api	dev.s7a.strata.component.ObservedComponentsKt#method:25:SelectionListState685be857e721_2:(Ldev/s7a/strata/component/UiScope;Ljava/util/List;Lkotlin/jvm/functions/Function1;Ldev/s7a/strata/component/SelectionListState;Ldev/s7a/strata/geometry/IntSize;ILdev/s7a/strata/state/StateSource;ZILdev/s7a/strata/modifier/Modifier;Ldev/s7a/strata/element/ElementKey;Lkotlin/jvm/functions/Function2;)V
api	Api	dev.s7a.strata.component.ObservedComponentsKt#method:25:SelectionListState685be857e721_3:(Ldev/s7a/strata/component/UiScope;Ldev/s7a/strata/state/StateSource;Lkotlin/jvm/functions/Function1;Ldev/s7a/strata/component/SelectionListState;Ldev/s7a/strata/geometry/IntSize;ILdev/s7a/strata/state/StateSource;ZILdev/s7a/strata/modifier/Modifier;Ldev/s7a/strata/element/ElementKey;Lkotlin/jvm/functions/Function2;)V
api	Api	dev.s7a.strata.component.ObservedComponentsKt#method:25:SelectionListState685be857e721_4:(Ldev/s7a/strata/component/UiScope;Ljava/util/List;Lkotlin/jvm/functions/Function1;Ldev/s7a/strata/component/SelectionListState;Ldev/s7a/strata/geometry/IntSize;IZLdev/s7a/strata/state/StateSource;ILdev/s7a/strata/modifier/Modifier;Ldev/s7a/strata/element/ElementKey;Lkotlin/jvm/functions/Function2;)V
api	Api	dev.s7a.strata.component.ObservedComponentsKt#method:25:SelectionListState685be857e721_5:(Ldev/s7a/strata/component/UiScope;Ldev/s7a/strata/state/StateSource;Lkotlin/jvm/functions/Function1;Ldev/s7a/strata/component/SelectionListState;Ldev/s7a/strata/geometry/IntSize;IZLdev/s7a/strata/state/StateSource;ILdev/s7a/strata/modifier/Modifier;Ldev/s7a/strata/element/ElementKey;Lkotlin/jvm/functions/Function2;)V
api	Api	dev.s7a.strata.component.ObservedComponentsKt#method:25:SelectionListState685be857e721_6:(Ldev/s7a/strata/component/UiScope;Ljava/util/List;Lkotlin/jvm/functions/Function1;Ldev/s7a/strata/component/SelectionListState;Ldev/s7a/strata/geometry/IntSize;ILdev/s7a/strata/state/StateSource;Ldev/s7a/strata/state/StateSource;ILdev/s7a/strata/modifier/Modifier;Ldev/s7a/strata/element/ElementKey;Lkotlin/jvm/functions/Function2;)V
api	Api	dev.s7a.strata.component.ObservedComponentsKt#method:25:SelectionListState685be857e721_7:(Ldev/s7a/strata/component/UiScope;Ldev/s7a/strata/state/StateSource;Lkotlin/jvm/functions/Function1;Ldev/s7a/strata/component/SelectionListState;Ldev/s7a/strata/geometry/IntSize;ILdev/s7a/strata/state/StateSource;Ldev/s7a/strata/state/StateSource;ILdev/s7a/strata/modifier/Modifier;Ldev/s7a/strata/element/ElementKey;Lkotlin/jvm/functions/Function2;)V
api	Api	dev.s7a.strata.component.ObservedComponentsKt#method:25:SliderStatecccdb0fa60d4_1:(Ldev/s7a/strata/component/UiScope;Ldev/s7a/strata/state/StateSource;Ldev/s7a/strata/component/SliderState;IZLdev/s7a/strata/modifier/Modifier;Ldev/s7a/strata/element/ElementKey;)V
api	Api	dev.s7a.strata.component.ObservedComponentsKt#method:25:SliderStatecccdb0fa60d4_2:(Ldev/s7a/strata/component/UiScope;Ljava/lang/String;Ldev/s7a/strata/component/SliderState;ILdev/s7a/strata/state/StateSource;Ldev/s7a/strata/modifier/Modifier;Ldev/s7a/strata/element/ElementKey;)V
api	Api	dev.s7a.strata.component.ObservedComponentsKt#method:25:SliderStatecccdb0fa60d4_3:(Ldev/s7a/strata/component/UiScope;Ldev/s7a/strata/state/StateSource;Ldev/s7a/strata/component/SliderState;ILdev/s7a/strata/state/StateSource;Ldev/s7a/strata/modifier/Modifier;Ldev/s7a/strata/element/ElementKey;)V
api	Api	dev.s7a.strata.component.ObservedComponentsKt#method:25:SliderStatef08abfd13498_1:(Ldev/s7a/strata/component/UiScope;Ldev/s7a/strata/state/StateSource;Ldev/s7a/strata/component/SliderState;IZLdev/s7a/strata/modifier/Modifier;Ldev/s7a/strata/element/ElementKey;)V
api	Api	dev.s7a.strata.component.ObservedComponentsKt#method:25:SliderStatef08abfd13498_2:(Ldev/s7a/strata/component/UiScope;Ldev/s7a/strata/text/UiText;Ldev/s7a/strata/component/SliderState;ILdev/s7a/strata/state/StateSource;Ldev/s7a/strata/modifier/Modifier;Ldev/s7a/strata/element/ElementKey;)V
api	Api	dev.s7a.strata.component.ObservedComponentsKt#method:25:SliderStatef08abfd13498_3:(Ldev/s7a/strata/component/UiScope;Ldev/s7a/strata/state/StateSource;Ldev/s7a/strata/component/SliderState;ILdev/s7a/strata/state/StateSource;Ldev/s7a/strata/modifier/Modifier;Ldev/s7a/strata/element/ElementKey;)V
api	Api	dev.s7a.strata.component.ObservedComponentsKt#method:25:SlotStatea3c7818cbdc8_1:(Ldev/s7a/strata/component/UiScope;Ldev/s7a/strata/state/StateSource;ZLdev/s7a/strata/modifier/Modifier;Ldev/s7a/strata/element/ElementKey;Lkotlin/jvm/functions/Function1;)V
api	Api	dev.s7a.strata.component.ObservedComponentsKt#method:25:SlotStatea3c7818cbdc8_2:(Ldev/s7a/strata/component/UiScope;Ldev/s7a/strata/component/SlotBinding;Ldev/s7a/strata/state/StateSource;Ldev/s7a/strata/modifier/Modifier;Ldev/s7a/strata/element/ElementKey;Lkotlin/jvm/functions/Function1;)V
api	Api	dev.s7a.strata.component.ObservedComponentsKt#method:25:SlotStatea3c7818cbdc8_3:(Ldev/s7a/strata/component/UiScope;Ldev/s7a/strata/state/StateSource;Ldev/s7a/strata/state/StateSource;Ldev/s7a/strata/modifier/Modifier;Ldev/s7a/strata/element/ElementKey;Lkotlin/jvm/functions/Function1;)V
api	Api	dev.s7a.strata.component.ObservedComponentsKt#method:25:TabState06dab4066e27_1:(Ldev/s7a/strata/component/UiScope;Ldev/s7a/strata/state/StateSource;ZIZLdev/s7a/strata/component/TabSelectionIndicator;Ldev/s7a/strata/modifier/Modifier;Ldev/s7a/strata/element/ElementKey;)V
api	Api	dev.s7a.strata.component.ObservedComponentsKt#method:25:TabState06dab4066e27_2:(Ldev/s7a/strata/component/UiScope;Ljava/lang/String;Ldev/s7a/strata/state/StateSource;IZLdev/s7a/strata/component/TabSelectionIndicator;Ldev/s7a/strata/modifier/Modifier;Ldev/s7a/strata/element/ElementKey;)V
api	Api	dev.s7a.strata.component.ObservedComponentsKt#method:25:TabState06dab4066e27_3:(Ldev/s7a/strata/component/UiScope;Ldev/s7a/strata/state/StateSource;Ldev/s7a/strata/state/StateSource;IZLdev/s7a/strata/component/TabSelectionIndicator;Ldev/s7a/strata/modifier/Modifier;Ldev/s7a/strata/element/ElementKey;)V
api	Api	dev.s7a.strata.component.ObservedComponentsKt#method:25:TabState06dab4066e27_4:(Ldev/s7a/strata/component/UiScope;Ljava/lang/String;ZILdev/s7a/strata/state/StateSource;Ldev/s7a/strata/component/TabSelectionIndicator;Ldev/s7a/strata/modifier/Modifier;Ldev/s7a/strata/element/ElementKey;)V
api	Api	dev.s7a.strata.component.ObservedComponentsKt#method:25:TabState06dab4066e27_5:(Ldev/s7a/strata/component/UiScope;Ldev/s7a/strata/state/StateSource;ZILdev/s7a/strata/state/StateSource;Ldev/s7a/strata/component/TabSelectionIndicator;Ldev/s7a/strata/modifier/Modifier;Ldev/s7a/strata/element/ElementKey;)V
api	Api	dev.s7a.strata.component.ObservedComponentsKt#method:25:TabState06dab4066e27_6:(Ldev/s7a/strata/component/UiScope;Ljava/lang/String;Ldev/s7a/strata/state/StateSource;ILdev/s7a/strata/state/StateSource;Ldev/s7a/strata/component/TabSelectionIndicator;Ldev/s7a/strata/modifier/Modifier;Ldev/s7a/strata/element/ElementKey;)V
api	Api	dev.s7a.strata.component.ObservedComponentsKt#method:25:TabState06dab4066e27_7:(Ldev/s7a/strata/component/UiScope;Ldev/s7a/strata/state/StateSource;Ldev/s7a/strata/state/StateSource;ILdev/s7a/strata/state/StateSource;Ldev/s7a/strata/component/TabSelectionIndicator;Ldev/s7a/strata/modifier/Modifier;Ldev/s7a/strata/element/ElementKey;)V
api	Api	dev.s7a.strata.component.ObservedComponentsKt#method:25:TabState58ed18680f25_1:(Ldev/s7a/strata/component/UiScope;Ldev/s7a/strata/state/StateSource;ZIZLdev/s7a/strata/component/TabSelectionIndicator;Ldev/s7a/strata/modifier/Modifier;Ldev/s7a/strata/element/ElementKey;)V
api	Api	dev.s7a.strata.component.ObservedComponentsKt#method:25:TabState58ed18680f25_2:(Ldev/s7a/strata/component/UiScope;Ldev/s7a/strata/text/UiText;Ldev/s7a/strata/state/StateSource;IZLdev/s7a/strata/component/TabSelectionIndicator;Ldev/s7a/strata/modifier/Modifier;Ldev/s7a/strata/element/ElementKey;)V
api	Api	dev.s7a.strata.component.ObservedComponentsKt#method:25:TabState58ed18680f25_3:(Ldev/s7a/strata/component/UiScope;Ldev/s7a/strata/state/StateSource;Ldev/s7a/strata/state/StateSource;IZLdev/s7a/strata/component/TabSelectionIndicator;Ldev/s7a/strata/modifier/Modifier;Ldev/s7a/strata/element/ElementKey;)V
api	Api	dev.s7a.strata.component.ObservedComponentsKt#method:25:TabState58ed18680f25_4:(Ldev/s7a/strata/component/UiScope;Ldev/s7a/strata/text/UiText;ZILdev/s7a/strata/state/StateSource;Ldev/s7a/strata/component/TabSelectionIndicator;Ldev/s7a/strata/modifier/Modifier;Ldev/s7a/strata/element/ElementKey;)V
api	Api	dev.s7a.strata.component.ObservedComponentsKt#method:25:TabState58ed18680f25_5:(Ldev/s7a/strata/component/UiScope;Ldev/s7a/strata/state/StateSource;ZILdev/s7a/strata/state/StateSource;Ldev/s7a/strata/component/TabSelectionIndicator;Ldev/s7a/strata/modifier/Modifier;Ldev/s7a/strata/element/ElementKey;)V
api	Api	dev.s7a.strata.component.ObservedComponentsKt#method:25:TabState58ed18680f25_6:(Ldev/s7a/strata/component/UiScope;Ldev/s7a/strata/text/UiText;Ldev/s7a/strata/state/StateSource;ILdev/s7a/strata/state/StateSource;Ldev/s7a/strata/component/TabSelectionIndicator;Ldev/s7a/strata/modifier/Modifier;Ldev/s7a/strata/element/ElementKey;)V
api	Api	dev.s7a.strata.component.ObservedComponentsKt#method:25:TabState58ed18680f25_7:(Ldev/s7a/strata/component/UiScope;Ldev/s7a/strata/state/StateSource;Ldev/s7a/strata/state/StateSource;ILdev/s7a/strata/state/StateSource;Ldev/s7a/strata/component/TabSelectionIndicator;Ldev/s7a/strata/modifier/Modifier;Ldev/s7a/strata/element/ElementKey;)V
api	Api	dev.s7a.strata.component.ObservedComponentsKt#method:25:TextAreaState4da1faac4769_1:(Ldev/s7a/strata/component/UiScope;Ldev/s7a/strata/component/TextAreaState;Ldev/s7a/strata/component/TextInputAppearance;Ldev/s7a/strata/component/TextAreaViewport;Ldev/s7a/strata/resource/ResourceId;Ldev/s7a/strata/state/StateSource;Ldev/s7a/strata/component/TextStyle;Ldev/s7a/strata/text/TextWrap;ILdev/s7a/strata/modifier/Modifier;Ldev/s7a/strata/element/ElementKey;)V
api	Api	dev.s7a.strata.component.ObservedComponentsKt#method:25:TextAreaState80c0b5b4cb37_1:(Ldev/s7a/strata/component/UiScope;Ldev/s7a/strata/component/TextAreaState;Ldev/s7a/strata/component/TextInputAppearance;Ldev/s7a/strata/component/TextAreaViewport;Ldev/s7a/strata/state/StateSource;Ldev/s7a/strata/component/TextStyle;Ldev/s7a/strata/text/TextWrap;ILdev/s7a/strata/modifier/Modifier;Ldev/s7a/strata/element/ElementKey;)V
api	Api	dev.s7a.strata.component.ObservedComponentsKt#method:25:TextAreaStatec0abf0512fec_1:(Ldev/s7a/strata/component/UiScope;Ldev/s7a/strata/component/TextAreaState;Ldev/s7a/strata/component/TextAreaViewport;Ldev/s7a/strata/state/StateSource;Ldev/s7a/strata/component/TextStyle;Ldev/s7a/strata/text/TextWrap;ILdev/s7a/strata/modifier/Modifier;Ldev/s7a/strata/element/ElementKey;)V
api	Api	dev.s7a.strata.component.ObservedComponentsKt#method:25:TextAreaStatec701b9e2eaf6_1:(Ldev/s7a/strata/component/UiScope;Ldev/s7a/strata/component/TextAreaState;Ldev/s7a/strata/component/TextAreaViewport;Ldev/s7a/strata/resource/ResourceId;Ldev/s7a/strata/state/StateSource;Ldev/s7a/strata/component/TextStyle;Ldev/s7a/strata/text/TextWrap;ILdev/s7a/strata/modifier/Modifier;Ldev/s7a/strata/element/ElementKey;)V
api	Api	dev.s7a.strata.component.ObservedComponentsKt#method:25:TextFieldState06eec201bfdd_1:(Ldev/s7a/strata/component/UiScope;Ldev/s7a/strata/component/TextFieldState;Ldev/s7a/strata/geometry/IntSize;Ldev/s7a/strata/state/StateSource;Ldev/s7a/strata/component/TextStyle;Ldev/s7a/strata/modifier/Modifier;Ldev/s7a/strata/element/ElementKey;)V
api	Api	dev.s7a.strata.component.ObservedComponentsKt#method:25:TextFieldState0f2e4a0352af_1:(Ldev/s7a/strata/component/UiScope;Ldev/s7a/strata/component/TextFieldState;Ldev/s7a/strata/geometry/IntSize;Ldev/s7a/strata/resource/ResourceId;Ldev/s7a/strata/state/StateSource;Ldev/s7a/strata/component/TextStyle;Ldev/s7a/strata/modifier/Modifier;Ldev/s7a/strata/element/ElementKey;)V
api	Api	dev.s7a.strata.component.ObservedComponentsKt#method:25:TextFieldState68d5823f42d7_1:(Ldev/s7a/strata/component/UiScope;Ldev/s7a/strata/component/TextFieldState;Ldev/s7a/strata/component/TextInputAppearance;Ldev/s7a/strata/geometry/IntSize;Ldev/s7a/strata/state/StateSource;Ldev/s7a/strata/component/TextStyle;Ldev/s7a/strata/modifier/Modifier;Ldev/s7a/strata/element/ElementKey;)V
api	Api	dev.s7a.strata.component.ObservedComponentsKt#method:25:TextFieldState715dafc3f527_1:(Ldev/s7a/strata/component/UiScope;Ldev/s7a/strata/component/TextFieldState;Ldev/s7a/strata/component/TextInputAppearance;Ldev/s7a/strata/resource/ResourceId;Ldev/s7a/strata/state/StateSource;Ldev/s7a/strata/component/TextStyle;Ldev/s7a/strata/modifier/Modifier;Ldev/s7a/strata/element/ElementKey;)V
api	Api	dev.s7a.strata.component.ObservedComponentsKt#method:25:TextFieldState8ebce6a07628_1:(Ldev/s7a/strata/component/UiScope;Ldev/s7a/strata/component/TextFieldState;Ldev/s7a/strata/component/TextInputAppearance;Ldev/s7a/strata/state/StateSource;Ldev/s7a/strata/component/TextStyle;Ldev/s7a/strata/modifier/Modifier;Ldev/s7a/strata/element/ElementKey;)V
api	Api	dev.s7a.strata.component.ObservedComponentsKt#method:25:TextFieldStateac020717728e_1:(Ldev/s7a/strata/component/UiScope;Ldev/s7a/strata/component/TextFieldState;Ldev/s7a/strata/resource/ResourceId;Ldev/s7a/strata/state/StateSource;Ldev/s7a/strata/component/TextStyle;Ldev/s7a/strata/modifier/Modifier;Ldev/s7a/strata/element/ElementKey;)V
api	Api	dev.s7a.strata.component.ObservedComponentsKt#method:25:TextFieldStatebdacf61484d9_1:(Ldev/s7a/strata/component/UiScope;Ldev/s7a/strata/component/TextFieldState;Ldev/s7a/strata/state/StateSource;Ldev/s7a/strata/component/TextStyle;Ldev/s7a/strata/modifier/Modifier;Ldev/s7a/strata/element/ElementKey;)V
api	Api	dev.s7a.strata.component.ObservedComponentsKt#method:25:TextFieldStatefd7b3be167e7_1:(Ldev/s7a/strata/component/UiScope;Ldev/s7a/strata/component/TextFieldState;Ldev/s7a/strata/component/TextInputAppearance;Ldev/s7a/strata/geometry/IntSize;Ldev/s7a/strata/resource/ResourceId;Ldev/s7a/strata/state/StateSource;Ldev/s7a/strata/component/TextStyle;Ldev/s7a/strata/modifier/Modifier;Ldev/s7a/strata/element/ElementKey;)V
api	Api	dev.s7a.strata.component.ObservedComponentsKt#method:25:TiledImageState06558dbd1f3e_1:(Ldev/s7a/strata/component/UiScope;Ldev/s7a/strata/state/StateSource;Ldev/s7a/strata/component/PanZoomState;Ldev/s7a/strata/geometry/IntSize;Ldev/s7a/strata/component/PanZoomFit;Ldev/s7a/strata/component/TiledImageCachePolicy;Ldev/s7a/strata/modifier/Modifier;Ldev/s7a/strata/element/ElementKey;Lkotlin/jvm/functions/Function1;)V
api	Api	dev.s7a.strata.component.ObservedComponentsKt#method:25:VirtualListState4013cecb450b_1:(Ldev/s7a/strata/component/UiScope;Lkotlin/jvm/functions/Function0;Lkotlin/jvm/functions/Function1;Lkotlin/jvm/functions/Function1;Ldev/s7a/strata/component/VirtualListState;Ldev/s7a/strata/geometry/IntSize;ILkotlin/jvm/functions/Function1;ILdev/s7a/strata/state/StateSource;ZLdev/s7a/strata/modifier/Modifier;Ldev/s7a/strata/element/ElementKey;Lkotlin/jvm/functions/Function2;)V
api	Api	dev.s7a.strata.component.ObservedComponentsKt#method:25:VirtualListState4013cecb450b_2:(Ldev/s7a/strata/component/UiScope;Lkotlin/jvm/functions/Function0;Lkotlin/jvm/functions/Function1;Lkotlin/jvm/functions/Function1;Ldev/s7a/strata/component/VirtualListState;Ldev/s7a/strata/geometry/IntSize;ILkotlin/jvm/functions/Function1;IZLdev/s7a/strata/state/StateSource;Ldev/s7a/strata/modifier/Modifier;Ldev/s7a/strata/element/ElementKey;Lkotlin/jvm/functions/Function2;)V
api	Api	dev.s7a.strata.component.ObservedComponentsKt#method:25:VirtualListState4013cecb450b_3:(Ldev/s7a/strata/component/UiScope;Lkotlin/jvm/functions/Function0;Lkotlin/jvm/functions/Function1;Lkotlin/jvm/functions/Function1;Ldev/s7a/strata/component/VirtualListState;Ldev/s7a/strata/geometry/IntSize;ILkotlin/jvm/functions/Function1;ILdev/s7a/strata/state/StateSource;Ldev/s7a/strata/state/StateSource;Ldev/s7a/strata/modifier/Modifier;Ldev/s7a/strata/element/ElementKey;Lkotlin/jvm/functions/Function2;)V
api	Api	dev.s7a.strata.component.ObservedComponentsKt#method:25:VirtualListState7e3481099f80_1:(Ldev/s7a/strata/component/UiScope;ILkotlin/jvm/functions/Function1;Lkotlin/jvm/functions/Function1;Ldev/s7a/strata/component/VirtualListState;Ldev/s7a/strata/geometry/IntSize;ILkotlin/jvm/functions/Function1;ILdev/s7a/strata/state/StateSource;ZLdev/s7a/strata/modifier/Modifier;Ldev/s7a/strata/element/ElementKey;Lkotlin/jvm/functions/Function2;)V
api	Api	dev.s7a.strata.component.ObservedComponentsKt#method:25:VirtualListState7e3481099f80_2:(Ldev/s7a/strata/component/UiScope;ILkotlin/jvm/functions/Function1;Lkotlin/jvm/functions/Function1;Ldev/s7a/strata/component/VirtualListState;Ldev/s7a/strata/geometry/IntSize;ILkotlin/jvm/functions/Function1;IZLdev/s7a/strata/state/StateSource;Ldev/s7a/strata/modifier/Modifier;Ldev/s7a/strata/element/ElementKey;Lkotlin/jvm/functions/Function2;)V
api	Api	dev.s7a.strata.component.ObservedComponentsKt#method:25:VirtualListState7e3481099f80_3:(Ldev/s7a/strata/component/UiScope;ILkotlin/jvm/functions/Function1;Lkotlin/jvm/functions/Function1;Ldev/s7a/strata/component/VirtualListState;Ldev/s7a/strata/geometry/IntSize;ILkotlin/jvm/functions/Function1;ILdev/s7a/strata/state/StateSource;Ldev/s7a/strata/state/StateSource;Ldev/s7a/strata/modifier/Modifier;Ldev/s7a/strata/element/ElementKey;Lkotlin/jvm/functions/Function2;)V
api	Api	dev.s7a.strata.component.ObservedComponentsKt#method:25:VirtualListState91e435daa5f9_1:(Ldev/s7a/strata/component/UiScope;Ldev/s7a/strata/state/StateSource;Lkotlin/jvm/functions/Function1;Ldev/s7a/strata/component/VirtualListState;Ldev/s7a/strata/geometry/IntSize;IIZZLdev/s7a/strata/modifier/Modifier;Ldev/s7a/strata/element/ElementKey;Lkotlin/jvm/functions/Function2;)V
api	Api	dev.s7a.strata.component.ObservedComponentsKt#method:25:VirtualListState91e435daa5f9_2:(Ldev/s7a/strata/component/UiScope;Ljava/util/List;Lkotlin/jvm/functions/Function1;Ldev/s7a/strata/component/VirtualListState;Ldev/s7a/strata/geometry/IntSize;IILdev/s7a/strata/state/StateSource;ZLdev/s7a/strata/modifier/Modifier;Ldev/s7a/strata/element/ElementKey;Lkotlin/jvm/functions/Function2;)V
api	Api	dev.s7a.strata.component.ObservedComponentsKt#method:25:VirtualListState91e435daa5f9_3:(Ldev/s7a/strata/component/UiScope;Ldev/s7a/strata/state/StateSource;Lkotlin/jvm/functions/Function1;Ldev/s7a/strata/component/VirtualListState;Ldev/s7a/strata/geometry/IntSize;IILdev/s7a/strata/state/StateSource;ZLdev/s7a/strata/modifier/Modifier;Ldev/s7a/strata/element/ElementKey;Lkotlin/jvm/functions/Function2;)V
api	Api	dev.s7a.strata.component.ObservedComponentsKt#method:25:VirtualListState91e435daa5f9_4:(Ldev/s7a/strata/component/UiScope;Ljava/util/List;Lkotlin/jvm/functions/Function1;Ldev/s7a/strata/component/VirtualListState;Ldev/s7a/strata/geometry/IntSize;IIZLdev/s7a/strata/state/StateSource;Ldev/s7a/strata/modifier/Modifier;Ldev/s7a/strata/element/ElementKey;Lkotlin/jvm/functions/Function2;)V
api	Api	dev.s7a.strata.component.ObservedComponentsKt#method:25:VirtualListState91e435daa5f9_5:(Ldev/s7a/strata/component/UiScope;Ldev/s7a/strata/state/StateSource;Lkotlin/jvm/functions/Function1;Ldev/s7a/strata/component/VirtualListState;Ldev/s7a/strata/geometry/IntSize;IIZLdev/s7a/strata/state/StateSource;Ldev/s7a/strata/modifier/Modifier;Ldev/s7a/strata/element/ElementKey;Lkotlin/jvm/functions/Function2;)V
api	Api	dev.s7a.strata.component.ObservedComponentsKt#method:25:VirtualListState91e435daa5f9_6:(Ldev/s7a/strata/component/UiScope;Ljava/util/List;Lkotlin/jvm/functions/Function1;Ldev/s7a/strata/component/VirtualListState;Ldev/s7a/strata/geometry/IntSize;IILdev/s7a/strata/state/StateSource;Ldev/s7a/strata/state/StateSource;Ldev/s7a/strata/modifier/Modifier;Ldev/s7a/strata/element/ElementKey;Lkotlin/jvm/functions/Function2;)V
api	Api	dev.s7a.strata.component.ObservedComponentsKt#method:25:VirtualListState91e435daa5f9_7:(Ldev/s7a/strata/component/UiScope;Ldev/s7a/strata/state/StateSource;Lkotlin/jvm/functions/Function1;Ldev/s7a/strata/component/VirtualListState;Ldev/s7a/strata/geometry/IntSize;IILdev/s7a/strata/state/StateSource;Ldev/s7a/strata/state/StateSource;Ldev/s7a/strata/modifier/Modifier;Ldev/s7a/strata/element/ElementKey;Lkotlin/jvm/functions/Function2;)V
api	Api	dev.s7a.strata.component.ObservedComponentsKt#type:17:java.lang.Object:
api	Api	dev.s7a.strata.component.ObservedTextComponentsKt#method:25:TextStringSource:(Ldev/s7a/strata/component/UiScope;Ldev/s7a/strata/state/StateSource;Ldev/s7a/strata/resource/ResourceId;Ldev/s7a/strata/text/TextLayout;Ldev/s7a/strata/component/TextStyle;Ldev/s7a/strata/modifier/Modifier;Ldev/s7a/strata/element/ElementKey;)V
api	Api	dev.s7a.strata.component.ObservedTextComponentsKt#method:25:TextStringSource:(Ldev/s7a/strata/component/UiScope;Ldev/s7a/strata/state/StateSource;Ldev/s7a/strata/text/TextLayout;Ldev/s7a/strata/component/TextStyle;Ldev/s7a/strata/modifier/Modifier;Ldev/s7a/strata/element/ElementKey;)V
api	Api	dev.s7a.strata.component.ObservedTextComponentsKt#method:25:TextUiTextSource:(Ldev/s7a/strata/component/UiScope;Ldev/s7a/strata/state/StateSource;Ldev/s7a/strata/resource/ResourceId;Ldev/s7a/strata/text/TextLayout;Ldev/s7a/strata/component/TextStyle;Ldev/s7a/strata/modifier/Modifier;Ldev/s7a/strata/element/ElementKey;)V
api	Api	dev.s7a.strata.component.ObservedTextComponentsKt#method:25:TextUiTextSource:(Ldev/s7a/strata/component/UiScope;Ldev/s7a/strata/state/StateSource;Ldev/s7a/strata/text/TextLayout;Ldev/s7a/strata/component/TextStyle;Ldev/s7a/strata/modifier/Modifier;Ldev/s7a/strata/element/ElementKey;)V
api	Api	dev.s7a.strata.component.ObservedTextComponentsKt#type:17:java.lang.Object:
api	Api	dev.s7a.strata.component.PanZoomFit#field:16409:Contain:Ldev/s7a/strata/component/PanZoomFit;
api	Api	dev.s7a.strata.component.PanZoomFit#field:16409:Cover:Ldev/s7a/strata/component/PanZoomFit;
api	Api	dev.s7a.strata.component.PanZoomFit#method:9:getEntries:()Lkotlin/enums/EnumEntries;
api	Api	dev.s7a.strata.component.PanZoomFit#method:9:valueOf:(Ljava/lang/String;)Ldev/s7a/strata/component/PanZoomFit;
api	Api	dev.s7a.strata.component.PanZoomFit#method:9:values:()[Ldev/s7a/strata/component/PanZoomFit;
api	Api	dev.s7a.strata.component.PanZoomFit#type:16401:java.lang.Enum:
api	Api	dev.s7a.strata.component.PanZoomMetrics#constructor:1:()V
api	Api	dev.s7a.strata.component.PanZoomMetrics#constructor:1:(Ldev/s7a/strata/geometry/DoubleOffset;DDLdev/s7a/strata/geometry/IntSize;Ldev/s7a/strata/geometry/LongRect;Ldev/s7a/strata/component/PanZoomFit;Z)V
api	Api	dev.s7a.strata.component.PanZoomMetrics#method:17:component1:()Ldev/s7a/strata/geometry/DoubleOffset;
api	Api	dev.s7a.strata.component.PanZoomMetrics#method:17:component2:()D
api	Api	dev.s7a.strata.component.PanZoomMetrics#method:17:component3:()D
api	Api	dev.s7a.strata.component.PanZoomMetrics#method:17:component4:()Ldev/s7a/strata/geometry/IntSize;
api	Api	dev.s7a.strata.component.PanZoomMetrics#method:17:component5:()Ldev/s7a/strata/geometry/LongRect;
api	Api	dev.s7a.strata.component.PanZoomMetrics#method:17:component6:()Ldev/s7a/strata/component/PanZoomFit;
api	Api	dev.s7a.strata.component.PanZoomMetrics#method:17:component7:()Z
api	Api	dev.s7a.strata.component.PanZoomMetrics#method:17:copy:(Ldev/s7a/strata/geometry/DoubleOffset;DDLdev/s7a/strata/geometry/IntSize;Ldev/s7a/strata/geometry/LongRect;Ldev/s7a/strata/component/PanZoomFit;Z)Ldev/s7a/strata/component/PanZoomMetrics;
api	Api	dev.s7a.strata.component.PanZoomMetrics#method:17:getCenter:()Ldev/s7a/strata/geometry/DoubleOffset;
api	Api	dev.s7a.strata.component.PanZoomMetrics#method:17:getContentBounds:()Ldev/s7a/strata/geometry/LongRect;
api	Api	dev.s7a.strata.component.PanZoomMetrics#method:17:getFit:()Ldev/s7a/strata/component/PanZoomFit;
api	Api	dev.s7a.strata.component.PanZoomMetrics#method:17:getGeometryKnown:()Z
api	Api	dev.s7a.strata.component.PanZoomMetrics#method:17:getScale:()D
api	Api	dev.s7a.strata.component.PanZoomMetrics#method:17:getViewportSize:()Ldev/s7a/strata/geometry/IntSize;
api	Api	dev.s7a.strata.component.PanZoomMetrics#method:17:getZoom:()D
api	Api	dev.s7a.strata.component.PanZoomMetrics#method:1:equals:(Ljava/lang/Object;)Z
api	Api	dev.s7a.strata.component.PanZoomMetrics#method:1:hashCode:()I
api	Api	dev.s7a.strata.component.PanZoomMetrics#method:1:toString:()Ljava/lang/String;
api	Api	dev.s7a.strata.component.PanZoomMetrics#type:17:java.lang.Object:
api	Api	dev.s7a.strata.component.PanZoomState#constructor:1:()V
api	Api	dev.s7a.strata.component.PanZoomState#constructor:1:(Ldev/s7a/strata/geometry/DoubleOffset;DDD)V
api	Api	dev.s7a.strata.component.PanZoomState#method:17:centerOn:(Ldev/s7a/strata/geometry/DoubleOffset;)Ldev/s7a/strata/geometry/DoubleOffset;
api	Api	dev.s7a.strata.component.PanZoomState#method:17:contentToLocal:(Ldev/s7a/strata/geometry/DoubleOffset;)Ldev/s7a/strata/geometry/DoubleOffset;
api	Api	dev.s7a.strata.component.PanZoomState#method:17:getMaximumZoom:()D
api	Api	dev.s7a.strata.component.PanZoomState#method:17:getMetrics:()Ldev/s7a/strata/component/PanZoomMetrics;
api	Api	dev.s7a.strata.component.PanZoomState#method:17:getMinimumZoom:()D
api	Api	dev.s7a.strata.component.PanZoomState#method:17:localToContent:(Ldev/s7a/strata/geometry/DoubleOffset;)Ldev/s7a/strata/geometry/DoubleOffset;
api	Api	dev.s7a.strata.component.PanZoomState#method:17:observe:(Lkotlin/jvm/functions/Function1;)Ldev/s7a/strata/component/PanZoomStateObserver;
api	Api	dev.s7a.strata.component.PanZoomState#method:17:panBy:(Ldev/s7a/strata/geometry/DoubleOffset;)Ldev/s7a/strata/geometry/DoubleOffset;
api	Api	dev.s7a.strata.component.PanZoomState#method:17:reset:()Ldev/s7a/strata/component/PanZoomMetrics;
api	Api	dev.s7a.strata.component.PanZoomState#method:17:updateGeometry:(Ldev/s7a/strata/geometry/LongRect;Ldev/s7a/strata/geometry/IntSize;Ldev/s7a/strata/component/PanZoomFit;Ldev/s7a/strata/component/PanZoomStateObserver;)V
api	Api	dev.s7a.strata.component.PanZoomState#method:17:zoomBy:(DLdev/s7a/strata/geometry/DoubleOffset;)D
api	Api	dev.s7a.strata.component.PanZoomState#method:17:zoomTo:(DLdev/s7a/strata/geometry/DoubleOffset;)D
api	Api	dev.s7a.strata.component.PanZoomState#type:17:java.lang.Object:
api	Api	dev.s7a.strata.component.PanZoomStateObserver#constructor:1:(Ljava/lang/Object;Lkotlin/jvm/functions/Function0;)V
api	Api	dev.s7a.strata.component.PanZoomStateObserver#method:17:getToken$dev_s7a_strata_api:()Ljava/lang/Object;
api	Api	dev.s7a.strata.component.PanZoomStateObserver#method:1:close:()V
api	Api	dev.s7a.strata.component.PanZoomStateObserver#type:17:java.lang.Object:java.lang.AutoCloseable
api	Api	dev.s7a.strata.component.PlayerHeadScale#constructor:1:(I)V
api	Api	dev.s7a.strata.component.PlayerHeadScale#method:17:component1:()I
api	Api	dev.s7a.strata.component.PlayerHeadScale#method:17:copy:(I)Ldev/s7a/strata/component/PlayerHeadScale;
api	Api	dev.s7a.strata.component.PlayerHeadScale#method:17:getFactor:()I
api	Api	dev.s7a.strata.component.PlayerHeadScale#method:17:getLogicalSize:()I
api	Api	dev.s7a.strata.component.PlayerHeadScale#method:1:equals:(Ljava/lang/Object;)Z
api	Api	dev.s7a.strata.component.PlayerHeadScale#method:1:hashCode:()I
api	Api	dev.s7a.strata.component.PlayerHeadScale#method:1:toString:()Ljava/lang/String;
api	Api	dev.s7a.strata.component.PlayerHeadScale#type:17:java.lang.Object:
api	Api	dev.s7a.strata.component.PlayerSkinSource#type:1537::
api	Api	dev.s7a.strata.component.PlayerSkinSource$CurrentPlayer#field:25:INSTANCE:Ldev/s7a/strata/component/PlayerSkinSource$CurrentPlayer;
api	Api	dev.s7a.strata.component.PlayerSkinSource$CurrentPlayer#method:1:equals:(Ljava/lang/Object;)Z
api	Api	dev.s7a.strata.component.PlayerSkinSource$CurrentPlayer#method:1:hashCode:()I
api	Api	dev.s7a.strata.component.PlayerSkinSource$CurrentPlayer#method:1:toString:()Ljava/lang/String;
api	Api	dev.s7a.strata.component.PlayerSkinSource$CurrentPlayer#type:25:java.lang.Object:dev.s7a.strata.component.PlayerSkinSource
api	Api	dev.s7a.strata.component.PlayerSkinSource$Name#constructor:1:(Ljava/lang/String;)V
api	Api	dev.s7a.strata.component.PlayerSkinSource$Name#method:17:component1:()Ljava/lang/String;
api	Api	dev.s7a.strata.component.PlayerSkinSource$Name#method:17:copy:(Ljava/lang/String;)Ldev/s7a/strata/component/PlayerSkinSource$Name;
api	Api	dev.s7a.strata.component.PlayerSkinSource$Name#method:17:getValue:()Ljava/lang/String;
api	Api	dev.s7a.strata.component.PlayerSkinSource$Name#method:1:equals:(Ljava/lang/Object;)Z
api	Api	dev.s7a.strata.component.PlayerSkinSource$Name#method:1:hashCode:()I
api	Api	dev.s7a.strata.component.PlayerSkinSource$Name#method:1:toString:()Ljava/lang/String;
api	Api	dev.s7a.strata.component.PlayerSkinSource$Name#type:25:java.lang.Object:dev.s7a.strata.component.PlayerSkinSource
api	Api	dev.s7a.strata.component.PlayerSkinSource$Pixels#constructor:1:(Ldev/s7a/strata/render/DrawImage;)V
api	Api	dev.s7a.strata.component.PlayerSkinSource$Pixels#method:17:component1:()Ldev/s7a/strata/render/DrawImage;
api	Api	dev.s7a.strata.component.PlayerSkinSource$Pixels#method:17:copy:(Ldev/s7a/strata/render/DrawImage;)Ldev/s7a/strata/component/PlayerSkinSource$Pixels;
api	Api	dev.s7a.strata.component.PlayerSkinSource$Pixels#method:17:getSkin:()Ldev/s7a/strata/render/DrawImage;
api	Api	dev.s7a.strata.component.PlayerSkinSource$Pixels#method:1:equals:(Ljava/lang/Object;)Z
api	Api	dev.s7a.strata.component.PlayerSkinSource$Pixels#method:1:hashCode:()I
api	Api	dev.s7a.strata.component.PlayerSkinSource$Pixels#method:1:toString:()Ljava/lang/String;
api	Api	dev.s7a.strata.component.PlayerSkinSource$Pixels#type:25:java.lang.Object:dev.s7a.strata.component.PlayerSkinSource
api	Api	dev.s7a.strata.component.PlayerSkinSource$Uuid#constructor:1:(Ljava/util/UUID;)V
api	Api	dev.s7a.strata.component.PlayerSkinSource$Uuid#method:17:component1:()Ljava/util/UUID;
api	Api	dev.s7a.strata.component.PlayerSkinSource$Uuid#method:17:copy:(Ljava/util/UUID;)Ldev/s7a/strata/component/PlayerSkinSource$Uuid;
api	Api	dev.s7a.strata.component.PlayerSkinSource$Uuid#method:17:getValue:()Ljava/util/UUID;
api	Api	dev.s7a.strata.component.PlayerSkinSource$Uuid#method:1:equals:(Ljava/lang/Object;)Z
api	Api	dev.s7a.strata.component.PlayerSkinSource$Uuid#method:1:hashCode:()I
api	Api	dev.s7a.strata.component.PlayerSkinSource$Uuid#method:1:toString:()Ljava/lang/String;
api	Api	dev.s7a.strata.component.PlayerSkinSource$Uuid#type:25:java.lang.Object:dev.s7a.strata.component.PlayerSkinSource
api	Api	dev.s7a.strata.component.ProfileComponents#method:25:Button:(Ldev/s7a/strata/component/UiScope;Ldev/s7a/strata/text/UiText;IZLdev/s7a/strata/modifier/Modifier;Ldev/s7a/strata/element/ElementKey;)V
api	Api	dev.s7a.strata.component.ProfileComponents#method:25:Button:(Ldev/s7a/strata/component/UiScope;Ljava/lang/String;IZLdev/s7a/strata/modifier/Modifier;Ldev/s7a/strata/element/ElementKey;)V
api	Api	dev.s7a.strata.component.ProfileComponents#method:25:Checkbox:(Ldev/s7a/strata/component/UiScope;Ldev/s7a/strata/text/UiText;Ldev/s7a/strata/component/CheckboxState;IZLdev/s7a/strata/modifier/Modifier;Ldev/s7a/strata/element/ElementKey;)V
api	Api	dev.s7a.strata.component.ProfileComponents#method:25:Checkbox:(Ldev/s7a/strata/component/UiScope;Ljava/lang/String;Ldev/s7a/strata/component/CheckboxState;IZLdev/s7a/strata/modifier/Modifier;Ldev/s7a/strata/element/ElementKey;)V
api	Api	dev.s7a.strata.component.ProfileComponents#method:25:CycleButton:(Ldev/s7a/strata/component/UiScope;Ldev/s7a/strata/component/CycleButtonState;IZLdev/s7a/strata/modifier/Modifier;Ldev/s7a/strata/element/ElementKey;Lkotlin/jvm/functions/Function1;)V
api	Api	dev.s7a.strata.component.ProfileComponents#method:25:Image:(Ldev/s7a/strata/component/UiScope;Ldev/s7a/strata/component/ImageSource;Ldev/s7a/strata/geometry/IntRect;Ldev/s7a/strata/geometry/IntSize;Ldev/s7a/strata/modifier/Modifier;Ldev/s7a/strata/element/ElementKey;)V
api	Api	dev.s7a.strata.component.ProfileComponents#method:25:Image:(Ldev/s7a/strata/component/UiScope;Ldev/s7a/strata/component/ImageSource;Ldev/s7a/strata/geometry/IntSize;Ldev/s7a/strata/modifier/Modifier;Ldev/s7a/strata/element/ElementKey;)V
api	Api	dev.s7a.strata.component.ProfileComponents#method:25:LoadingIndicator:(Ldev/s7a/strata/component/UiScope;Ldev/s7a/strata/geometry/IntSize;Ldev/s7a/strata/modifier/Modifier;Ldev/s7a/strata/element/ElementKey;)V
api	Api	dev.s7a.strata.component.ProfileComponents#method:25:PlayerHead:(Ldev/s7a/strata/component/UiScope;Ldev/s7a/strata/component/PlayerSkinSource;IZLdev/s7a/strata/modifier/Modifier;Ldev/s7a/strata/element/ElementKey;Lkotlin/jvm/functions/Function1;Lkotlin/jvm/functions/Function1;)V
api	Api	dev.s7a.strata.component.ProfileComponents#method:25:PlayerHead:(Ldev/s7a/strata/component/UiScope;Ldev/s7a/strata/component/PlayerSkinSource;Ldev/s7a/strata/component/PlayerHeadScale;ZLdev/s7a/strata/modifier/Modifier;Ldev/s7a/strata/element/ElementKey;Lkotlin/jvm/functions/Function1;Lkotlin/jvm/functions/Function1;)V
api	Api	dev.s7a.strata.component.ProfileComponents#method:25:ProgressBar:(Ldev/s7a/strata/component/UiScope;DLdev/s7a/strata/geometry/IntSize;Ldev/s7a/strata/modifier/Modifier;Ldev/s7a/strata/element/ElementKey;)V
api	Api	dev.s7a.strata.component.ProfileComponents#method:25:ScrollArea:(Ldev/s7a/strata/component/UiScope;Ldev/s7a/strata/component/ScrollState;Ldev/s7a/strata/modifier/Modifier;Ldev/s7a/strata/element/ElementKey;ILkotlin/jvm/functions/Function1;)V
api	Api	dev.s7a.strata.component.ProfileComponents#method:25:Scrollbar:(Ldev/s7a/strata/component/UiScope;Ldev/s7a/strata/component/ScrollState;Ldev/s7a/strata/modifier/Modifier;Ldev/s7a/strata/element/ElementKey;)V
api	Api	dev.s7a.strata.component.ProfileComponents#method:25:Slider:(Ldev/s7a/strata/component/UiScope;Ldev/s7a/strata/text/UiText;Ldev/s7a/strata/component/SliderState;IZLdev/s7a/strata/modifier/Modifier;Ldev/s7a/strata/element/ElementKey;)V
api	Api	dev.s7a.strata.component.ProfileComponents#method:25:Slider:(Ldev/s7a/strata/component/UiScope;Ljava/lang/String;Ldev/s7a/strata/component/SliderState;IZLdev/s7a/strata/modifier/Modifier;Ldev/s7a/strata/element/ElementKey;)V
api	Api	dev.s7a.strata.component.ProfileComponents#method:25:Slot:(Ldev/s7a/strata/component/UiScope;Ldev/s7a/strata/component/SlotBinding;ZLdev/s7a/strata/modifier/Modifier;Ldev/s7a/strata/element/ElementKey;Lkotlin/jvm/functions/Function1;)V
api	Api	dev.s7a.strata.component.ProfileComponents#method:25:Tab:(Ldev/s7a/strata/component/UiScope;Ldev/s7a/strata/text/UiText;ZIZLdev/s7a/strata/component/TabSelectionIndicator;Ldev/s7a/strata/modifier/Modifier;Ldev/s7a/strata/element/ElementKey;)V
api	Api	dev.s7a.strata.component.ProfileComponents#method:25:Tab:(Ldev/s7a/strata/component/UiScope;Ljava/lang/String;ZIZLdev/s7a/strata/component/TabSelectionIndicator;Ldev/s7a/strata/modifier/Modifier;Ldev/s7a/strata/element/ElementKey;)V
api	Api	dev.s7a.strata.component.ProfileComponents#method:25:Text:(Ldev/s7a/strata/component/UiScope;Ldev/s7a/strata/text/UiText;Ldev/s7a/strata/component/TextStyle;Ldev/s7a/strata/modifier/Modifier;Ldev/s7a/strata/element/ElementKey;)V
api	Api	dev.s7a.strata.component.ProfileComponents#method:25:Text:(Ldev/s7a/strata/component/UiScope;Ldev/s7a/strata/text/UiText;Ldev/s7a/strata/resource/ResourceId;Ldev/s7a/strata/component/TextStyle;Ldev/s7a/strata/modifier/Modifier;Ldev/s7a/strata/element/ElementKey;)V
api	Api	dev.s7a.strata.component.ProfileComponents#method:25:Text:(Ldev/s7a/strata/component/UiScope;Ldev/s7a/strata/text/UiText;Ldev/s7a/strata/text/TextLayout;Ldev/s7a/strata/component/TextStyle;Ldev/s7a/strata/modifier/Modifier;Ldev/s7a/strata/element/ElementKey;)V
api	Api	dev.s7a.strata.component.ProfileComponents#method:25:Text:(Ldev/s7a/strata/component/UiScope;Ldev/s7a/strata/text/UiText;Ldev/s7a/strata/text/TextLayout;Ldev/s7a/strata/resource/ResourceId;Ldev/s7a/strata/component/TextStyle;Ldev/s7a/strata/modifier/Modifier;Ldev/s7a/strata/element/ElementKey;)V
api	Api	dev.s7a.strata.component.ProfileComponents#method:25:Text:(Ldev/s7a/strata/component/UiScope;Ljava/lang/String;Ldev/s7a/strata/component/TextStyle;Ldev/s7a/strata/modifier/Modifier;Ldev/s7a/strata/element/ElementKey;)V
api	Api	dev.s7a.strata.component.ProfileComponents#method:25:Text:(Ldev/s7a/strata/component/UiScope;Ljava/lang/String;Ldev/s7a/strata/resource/ResourceId;Ldev/s7a/strata/component/TextStyle;Ldev/s7a/strata/modifier/Modifier;Ldev/s7a/strata/element/ElementKey;)V
api	Api	dev.s7a.strata.component.ProfileComponents#method:25:Text:(Ldev/s7a/strata/component/UiScope;Ljava/lang/String;Ldev/s7a/strata/text/TextLayout;Ldev/s7a/strata/component/TextStyle;Ldev/s7a/strata/modifier/Modifier;Ldev/s7a/strata/element/ElementKey;)V
api	Api	dev.s7a.strata.component.ProfileComponents#method:25:Text:(Ldev/s7a/strata/component/UiScope;Ljava/lang/String;Ldev/s7a/strata/text/TextLayout;Ldev/s7a/strata/resource/ResourceId;Ldev/s7a/strata/component/TextStyle;Ldev/s7a/strata/modifier/Modifier;Ldev/s7a/strata/element/ElementKey;)V
api	Api	dev.s7a.strata.component.ProfileComponents#method:25:TextArea:(Ldev/s7a/strata/component/UiScope;Ldev/s7a/strata/component/TextAreaState;Ldev/s7a/strata/component/TextAreaViewport;Ldev/s7a/strata/resource/ResourceId;ZLdev/s7a/strata/component/TextStyle;Ldev/s7a/strata/text/TextWrap;ILdev/s7a/strata/modifier/Modifier;Ldev/s7a/strata/element/ElementKey;)V
api	Api	dev.s7a.strata.component.ProfileComponents#method:25:TextArea:(Ldev/s7a/strata/component/UiScope;Ldev/s7a/strata/component/TextAreaState;Ldev/s7a/strata/component/TextAreaViewport;ZLdev/s7a/strata/component/TextStyle;Ldev/s7a/strata/text/TextWrap;ILdev/s7a/strata/modifier/Modifier;Ldev/s7a/strata/element/ElementKey;)V
api	Api	dev.s7a.strata.component.ProfileComponents#method:25:TextField:(Ldev/s7a/strata/component/UiScope;Ldev/s7a/strata/component/TextFieldState;Ldev/s7a/strata/geometry/IntSize;Ldev/s7a/strata/resource/ResourceId;ZLdev/s7a/strata/component/TextStyle;Ldev/s7a/strata/modifier/Modifier;Ldev/s7a/strata/element/ElementKey;)V
api	Api	dev.s7a.strata.component.ProfileComponents#method:25:TextField:(Ldev/s7a/strata/component/UiScope;Ldev/s7a/strata/component/TextFieldState;Ldev/s7a/strata/geometry/IntSize;ZLdev/s7a/strata/component/TextStyle;Ldev/s7a/strata/modifier/Modifier;Ldev/s7a/strata/element/ElementKey;)V
api	Api	dev.s7a.strata.component.ProfileComponents#method:25:TextField:(Ldev/s7a/strata/component/UiScope;Ldev/s7a/strata/component/TextFieldState;Ldev/s7a/strata/resource/ResourceId;ZLdev/s7a/strata/component/TextStyle;Ldev/s7a/strata/modifier/Modifier;Ldev/s7a/strata/element/ElementKey;)V
api	Api	dev.s7a.strata.component.ProfileComponents#method:25:TextField:(Ldev/s7a/strata/component/UiScope;Ldev/s7a/strata/component/TextFieldState;ZLdev/s7a/strata/component/TextStyle;Ldev/s7a/strata/modifier/Modifier;Ldev/s7a/strata/element/ElementKey;)V
api	Api	dev.s7a.strata.component.ProfileComponents#type:17:java.lang.Object:
api	Api	dev.s7a.strata.component.RowScope#field:25:Companion:Ldev/s7a/strata/component/RowScope$Companion;
api	Api	dev.s7a.strata.component.RowScope#method:17:align:(Ldev/s7a/strata/modifier/Modifier;Ldev/s7a/strata/layout/VerticalAlignment;)Ldev/s7a/strata/modifier/Modifier;
api	Api	dev.s7a.strata.component.RowScope#method:17:weight:(Ldev/s7a/strata/modifier/Modifier;FZ)Ldev/s7a/strata/modifier/Modifier;
api	Api	dev.s7a.strata.component.RowScope#type:1025:dev.s7a.strata.component.UiScope:
api	Api	dev.s7a.strata.component.RowScope$Companion#type:25:java.lang.Object:
api	Api	dev.s7a.strata.component.ScrollMetrics#constructor:1:()V
api	Api	dev.s7a.strata.component.ScrollMetrics#constructor:1:(DII)V
api	Api	dev.s7a.strata.component.ScrollMetrics#method:17:component1:()D
api	Api	dev.s7a.strata.component.ScrollMetrics#method:17:component2:()I
api	Api	dev.s7a.strata.component.ScrollMetrics#method:17:component3:()I
api	Api	dev.s7a.strata.component.ScrollMetrics#method:17:copy:(DII)Ldev/s7a/strata/component/ScrollMetrics;
api	Api	dev.s7a.strata.component.ScrollMetrics#method:17:getCanScroll:()Z
api	Api	dev.s7a.strata.component.ScrollMetrics#method:17:getContentExtent:()I
api	Api	dev.s7a.strata.component.ScrollMetrics#method:17:getMaximumOffset:()D
api	Api	dev.s7a.strata.component.ScrollMetrics#method:17:getOffset:()D
api	Api	dev.s7a.strata.component.ScrollMetrics#method:17:getViewportExtent:()I
api	Api	dev.s7a.strata.component.ScrollMetrics#method:1:equals:(Ljava/lang/Object;)Z
api	Api	dev.s7a.strata.component.ScrollMetrics#method:1:hashCode:()I
api	Api	dev.s7a.strata.component.ScrollMetrics#method:1:toString:()Ljava/lang/String;
api	Api	dev.s7a.strata.component.ScrollMetrics#type:17:java.lang.Object:
api	Api	dev.s7a.strata.component.ScrollState#constructor:1:()V
api	Api	dev.s7a.strata.component.ScrollState#constructor:1:(D)V
api	Api	dev.s7a.strata.component.ScrollState#method:17:getMetrics:()Ldev/s7a/strata/component/ScrollMetrics;
api	Api	dev.s7a.strata.component.ScrollState#method:17:observe:(Lkotlin/jvm/functions/Function1;)Ldev/s7a/strata/component/ScrollStateObserver;
api	Api	dev.s7a.strata.component.ScrollState#method:17:scrollBy:(D)D
api	Api	dev.s7a.strata.component.ScrollState#method:17:scrollBy:(DLdev/s7a/strata/component/ScrollStateObserver;)D
api	Api	dev.s7a.strata.component.ScrollState#method:17:scrollTo:(D)D
api	Api	dev.s7a.strata.component.ScrollState#method:17:scrollTo:(DLdev/s7a/strata/component/ScrollStateObserver;)D
api	Api	dev.s7a.strata.component.ScrollState#method:17:updateGeometry:(IILdev/s7a/strata/component/ScrollStateObserver;)V
api	Api	dev.s7a.strata.component.ScrollState#type:17:java.lang.Object:
api	Api	dev.s7a.strata.component.ScrollStateObserver#constructor:1:(Ljava/lang/Object;Lkotlin/jvm/functions/Function0;)V
api	Api	dev.s7a.strata.component.ScrollStateObserver#method:17:getToken$dev_s7a_strata_api:()Ljava/lang/Object;
api	Api	dev.s7a.strata.component.ScrollStateObserver#method:1:close:()V
api	Api	dev.s7a.strata.component.ScrollStateObserver#type:17:java.lang.Object:java.lang.AutoCloseable
api	Api	dev.s7a.strata.component.SelectionListComponentsKt#method:25:SelectionList:(Ldev/s7a/strata/component/UiScope;Ljava/util/List;Lkotlin/jvm/functions/Function1;Ldev/s7a/strata/component/SelectionListState;Ldev/s7a/strata/geometry/IntSize;IZZILdev/s7a/strata/modifier/Modifier;Ldev/s7a/strata/element/ElementKey;Lkotlin/jvm/functions/Function2;)V
api	Api	dev.s7a.strata.component.SelectionListComponentsKt#type:17:java.lang.Object:
api	Api	dev.s7a.strata.component.SelectionListState#constructor:1:()V
api	Api	dev.s7a.strata.component.SelectionListState#constructor:1:(Ldev/s7a/strata/component/VirtualListState;Ljava/lang/Object;)V
api	Api	dev.s7a.strata.component.SelectionListState#method:17:clearSelection:()Z
api	Api	dev.s7a.strata.component.SelectionListState#method:17:getListState:()Ldev/s7a/strata/component/VirtualListState;
api	Api	dev.s7a.strata.component.SelectionListState#method:17:getSelectedKey:()Ljava/lang/Object;
api	Api	dev.s7a.strata.component.SelectionListState#method:17:select:(Ljava/lang/Object;)Z
api	Api	dev.s7a.strata.component.SelectionListState#type:17:java.lang.Object:
api	Api	dev.s7a.strata.component.SliderState#constructor:1:(DLkotlin/ranges/ClosedFloatingPointRange;I)V
api	Api	dev.s7a.strata.component.SliderState#method:17:getFraction:()D
api	Api	dev.s7a.strata.component.SliderState#method:17:getRange:()Lkotlin/ranges/ClosedFloatingPointRange;
api	Api	dev.s7a.strata.component.SliderState#method:17:getSteps:()I
api	Api	dev.s7a.strata.component.SliderState#method:17:getValue:()D
api	Api	dev.s7a.strata.component.SliderState#method:17:observe:(Lkotlin/jvm/functions/Function1;)Ldev/s7a/strata/component/ComponentStateSubscription;
api	Api	dev.s7a.strata.component.SliderState#method:17:setValue:(D)V
api	Api	dev.s7a.strata.component.SliderState#type:17:java.lang.Object:
api	Api	dev.s7a.strata.component.SlotBinding#method:1025:getIndex:()I
api	Api	dev.s7a.strata.component.SlotBinding#method:1025:getSource:()Ldev/s7a/strata/component/SlotBinding$Source;
api	Api	dev.s7a.strata.component.SlotBinding#type:1537::
api	Api	dev.s7a.strata.component.SlotBinding$DefaultImpls#type:25:java.lang.Object:
api	Api	dev.s7a.strata.component.SlotBinding$Source#field:16409:ActiveMenu:Ldev/s7a/strata/component/SlotBinding$Source;
api	Api	dev.s7a.strata.component.SlotBinding$Source#field:16409:Container:Ldev/s7a/strata/component/SlotBinding$Source;
api	Api	dev.s7a.strata.component.SlotBinding$Source#field:16409:PlayerInventory:Ldev/s7a/strata/component/SlotBinding$Source;
api	Api	dev.s7a.strata.component.SlotBinding$Source#method:9:getEntries:()Lkotlin/enums/EnumEntries;
api	Api	dev.s7a.strata.component.SlotBinding$Source#method:9:valueOf:(Ljava/lang/String;)Ldev/s7a/strata/component/SlotBinding$Source;
api	Api	dev.s7a.strata.component.SlotBinding$Source#method:9:values:()[Ldev/s7a/strata/component/SlotBinding$Source;
api	Api	dev.s7a.strata.component.SlotBinding$Source#type:16409:java.lang.Enum:
api	Api	dev.s7a.strata.component.Slots#field:25:INSTANCE:Ldev/s7a/strata/component/Slots;
api	Api	dev.s7a.strata.component.Slots#method:25:activeMenu:(I)Ldev/s7a/strata/component/SlotBinding;
api	Api	dev.s7a.strata.component.Slots#method:25:container:(I)Ldev/s7a/strata/component/SlotBinding;
api	Api	dev.s7a.strata.component.Slots#method:25:playerInventory:(I)Ldev/s7a/strata/component/SlotBinding;
api	Api	dev.s7a.strata.component.Slots#type:17:java.lang.Object:
api	Api	dev.s7a.strata.component.StackScope#field:25:Companion:Ldev/s7a/strata/component/StackScope$Companion;
api	Api	dev.s7a.strata.component.StackScope#method:17:align:(Ldev/s7a/strata/modifier/Modifier;Ldev/s7a/strata/layout/Alignment;)Ldev/s7a/strata/modifier/Modifier;
api	Api	dev.s7a.strata.component.StackScope#type:1025:dev.s7a.strata.component.UiScope:
api	Api	dev.s7a.strata.component.StackScope$Companion#type:25:java.lang.Object:
api	Api	dev.s7a.strata.component.StrataDsl#type:9729::java.lang.annotation.Annotation
api	Api	dev.s7a.strata.component.TabSelectionIndicator#type:1537::
api	Api	dev.s7a.strata.component.TabSelectionIndicator$Custom#constructor:1:(Lkotlin/jvm/functions/Function1;)V
api	Api	dev.s7a.strata.component.TabSelectionIndicator$Custom#method:17:getContent:()Lkotlin/jvm/functions/Function1;
api	Api	dev.s7a.strata.component.TabSelectionIndicator$Custom#type:25:java.lang.Object:dev.s7a.strata.component.TabSelectionIndicator
api	Api	dev.s7a.strata.component.TabSelectionIndicator$Underline#field:25:INSTANCE:Ldev/s7a/strata/component/TabSelectionIndicator$Underline;
api	Api	dev.s7a.strata.component.TabSelectionIndicator$Underline#method:1:equals:(Ljava/lang/Object;)Z
api	Api	dev.s7a.strata.component.TabSelectionIndicator$Underline#method:1:hashCode:()I
api	Api	dev.s7a.strata.component.TabSelectionIndicator$Underline#method:1:toString:()Ljava/lang/String;
api	Api	dev.s7a.strata.component.TabSelectionIndicator$Underline#type:25:java.lang.Object:dev.s7a.strata.component.TabSelectionIndicator
api	Api	dev.s7a.strata.component.TextAreaState#constructor:1:()V
api	Api	dev.s7a.strata.component.TextAreaState#constructor:1:(Ljava/lang/String;I)V
api	Api	dev.s7a.strata.component.TextAreaState#method:17:getMaxLength:()I
api	Api	dev.s7a.strata.component.TextAreaState#method:17:getScrollState:()Ldev/s7a/strata/component/ScrollState;
api	Api	dev.s7a.strata.component.TextAreaState#method:17:getValue:()Ljava/lang/String;
api	Api	dev.s7a.strata.component.TextAreaState#method:17:observe:(Lkotlin/jvm/functions/Function1;)Ljava/lang/AutoCloseable;
api	Api	dev.s7a.strata.component.TextAreaState#method:17:setValue:(Ljava/lang/String;)V
api	Api	dev.s7a.strata.component.TextAreaState#type:17:java.lang.Object:
api	Api	dev.s7a.strata.component.TextAreaViewport#type:1537::
api	Api	dev.s7a.strata.component.TextAreaViewport$Lines#constructor:1:(II)V
api	Api	dev.s7a.strata.component.TextAreaViewport$Lines#method:17:component1:()I
api	Api	dev.s7a.strata.component.TextAreaViewport$Lines#method:17:component2:()I
api	Api	dev.s7a.strata.component.TextAreaViewport$Lines#method:17:copy:(II)Ldev/s7a/strata/component/TextAreaViewport$Lines;
api	Api	dev.s7a.strata.component.TextAreaViewport$Lines#method:17:getLines:()I
api	Api	dev.s7a.strata.component.TextAreaViewport$Lines#method:17:getWidth:()I
api	Api	dev.s7a.strata.component.TextAreaViewport$Lines#method:1:equals:(Ljava/lang/Object;)Z
api	Api	dev.s7a.strata.component.TextAreaViewport$Lines#method:1:hashCode:()I
api	Api	dev.s7a.strata.component.TextAreaViewport$Lines#method:1:toString:()Ljava/lang/String;
api	Api	dev.s7a.strata.component.TextAreaViewport$Lines#type:25:java.lang.Object:dev.s7a.strata.component.TextAreaViewport
api	Api	dev.s7a.strata.component.TextAreaViewport$Size#constructor:1:(Ldev/s7a/strata/geometry/IntSize;)V
api	Api	dev.s7a.strata.component.TextAreaViewport$Size#method:17:component1:()Ldev/s7a/strata/geometry/IntSize;
api	Api	dev.s7a.strata.component.TextAreaViewport$Size#method:17:copy:(Ldev/s7a/strata/geometry/IntSize;)Ldev/s7a/strata/component/TextAreaViewport$Size;
api	Api	dev.s7a.strata.component.TextAreaViewport$Size#method:17:getSize:()Ldev/s7a/strata/geometry/IntSize;
api	Api	dev.s7a.strata.component.TextAreaViewport$Size#method:1:equals:(Ljava/lang/Object;)Z
api	Api	dev.s7a.strata.component.TextAreaViewport$Size#method:1:hashCode:()I
api	Api	dev.s7a.strata.component.TextAreaViewport$Size#method:1:toString:()Ljava/lang/String;
api	Api	dev.s7a.strata.component.TextAreaViewport$Size#type:25:java.lang.Object:dev.s7a.strata.component.TextAreaViewport
api	Api	dev.s7a.strata.component.TextFieldState#constructor:1:()V
api	Api	dev.s7a.strata.component.TextFieldState#constructor:1:(Ljava/lang/String;I)V
api	Api	dev.s7a.strata.component.TextFieldState#method:17:getMaxLength:()I
api	Api	dev.s7a.strata.component.TextFieldState#method:17:getValue:()Ljava/lang/String;
api	Api	dev.s7a.strata.component.TextFieldState#method:17:observe:(Lkotlin/jvm/functions/Function1;)Ljava/lang/AutoCloseable;
api	Api	dev.s7a.strata.component.TextFieldState#method:17:setValue:(Ljava/lang/String;)V
api	Api	dev.s7a.strata.component.TextFieldState#type:17:java.lang.Object:
api	Api	dev.s7a.strata.component.TextInputAppearance#type:1537::
api	Api	dev.s7a.strata.component.TextInputAppearance$Custom#method:17:component1:()Ldev/s7a/strata/component/ImageSource;
api	Api	dev.s7a.strata.component.TextInputAppearance$Custom#method:17:component2:()Ldev/s7a/strata/component/ImageSource;
api	Api	dev.s7a.strata.component.TextInputAppearance$Custom#method:17:component3-e0e5deU:()I
api	Api	dev.s7a.strata.component.TextInputAppearance$Custom#method:17:component4:()Ldev/s7a/strata/component/ImageSource;
api	Api	dev.s7a.strata.component.TextInputAppearance$Custom#method:17:component5:()Ldev/s7a/strata/geometry/Insets;
api	Api	dev.s7a.strata.component.TextInputAppearance$Custom#method:17:component6-e0e5deU:()I
api	Api	dev.s7a.strata.component.TextInputAppearance$Custom#method:17:copy-W3MKq70:(Ldev/s7a/strata/component/ImageSource;Ldev/s7a/strata/component/ImageSource;ILdev/s7a/strata/component/ImageSource;Ldev/s7a/strata/geometry/Insets;I)Ldev/s7a/strata/component/TextInputAppearance$Custom;
api	Api	dev.s7a.strata.component.TextInputAppearance$Custom#method:17:getBorder:()Ldev/s7a/strata/geometry/Insets;
api	Api	dev.s7a.strata.component.TextInputAppearance$Custom#method:17:getCaretColor-e0e5deU:()I
api	Api	dev.s7a.strata.component.TextInputAppearance$Custom#method:17:getCompositionUnderlineColor-e0e5deU:()I
api	Api	dev.s7a.strata.component.TextInputAppearance$Custom#method:17:getDisabled:()Ldev/s7a/strata/component/ImageSource;
api	Api	dev.s7a.strata.component.TextInputAppearance$Custom#method:17:getFocused:()Ldev/s7a/strata/component/ImageSource;
api	Api	dev.s7a.strata.component.TextInputAppearance$Custom#method:17:getNormal:()Ldev/s7a/strata/component/ImageSource;
api	Api	dev.s7a.strata.component.TextInputAppearance$Custom#method:1:equals:(Ljava/lang/Object;)Z
api	Api	dev.s7a.strata.component.TextInputAppearance$Custom#method:1:hashCode:()I
api	Api	dev.s7a.strata.component.TextInputAppearance$Custom#method:1:toString:()Ljava/lang/String;
api	Api	dev.s7a.strata.component.TextInputAppearance$Custom#type:25:java.lang.Object:dev.s7a.strata.component.TextInputAppearance
api	Api	dev.s7a.strata.component.TextInputAppearance$Default#field:25:INSTANCE:Ldev/s7a/strata/component/TextInputAppearance$Default;
api	Api	dev.s7a.strata.component.TextInputAppearance$Default#method:1:equals:(Ljava/lang/Object;)Z
api	Api	dev.s7a.strata.component.TextInputAppearance$Default#method:1:hashCode:()I
api	Api	dev.s7a.strata.component.TextInputAppearance$Default#method:1:toString:()Ljava/lang/String;
api	Api	dev.s7a.strata.component.TextInputAppearance$Default#type:25:java.lang.Object:dev.s7a.strata.component.TextInputAppearance
api	Api	dev.s7a.strata.component.TextInputComponentsKt#method:25:TextArea:(Ldev/s7a/strata/component/UiScope;Ldev/s7a/strata/component/TextAreaState;Ldev/s7a/strata/component/TextInputAppearance;Ldev/s7a/strata/component/TextAreaViewport;Ldev/s7a/strata/resource/ResourceId;ZLdev/s7a/strata/component/TextStyle;Ldev/s7a/strata/text/TextWrap;ILdev/s7a/strata/modifier/Modifier;Ldev/s7a/strata/element/ElementKey;)V
api	Api	dev.s7a.strata.component.TextInputComponentsKt#method:25:TextArea:(Ldev/s7a/strata/component/UiScope;Ldev/s7a/strata/component/TextAreaState;Ldev/s7a/strata/component/TextInputAppearance;Ldev/s7a/strata/component/TextAreaViewport;ZLdev/s7a/strata/component/TextStyle;Ldev/s7a/strata/text/TextWrap;ILdev/s7a/strata/modifier/Modifier;Ldev/s7a/strata/element/ElementKey;)V
api	Api	dev.s7a.strata.component.TextInputComponentsKt#method:25:TextField:(Ldev/s7a/strata/component/UiScope;Ldev/s7a/strata/component/TextFieldState;Ldev/s7a/strata/component/TextInputAppearance;Ldev/s7a/strata/geometry/IntSize;Ldev/s7a/strata/resource/ResourceId;ZLdev/s7a/strata/component/TextStyle;Ldev/s7a/strata/modifier/Modifier;Ldev/s7a/strata/element/ElementKey;)V
api	Api	dev.s7a.strata.component.TextInputComponentsKt#method:25:TextField:(Ldev/s7a/strata/component/UiScope;Ldev/s7a/strata/component/TextFieldState;Ldev/s7a/strata/component/TextInputAppearance;Ldev/s7a/strata/geometry/IntSize;ZLdev/s7a/strata/component/TextStyle;Ldev/s7a/strata/modifier/Modifier;Ldev/s7a/strata/element/ElementKey;)V
api	Api	dev.s7a.strata.component.TextInputComponentsKt#method:25:TextField:(Ldev/s7a/strata/component/UiScope;Ldev/s7a/strata/component/TextFieldState;Ldev/s7a/strata/component/TextInputAppearance;Ldev/s7a/strata/resource/ResourceId;ZLdev/s7a/strata/component/TextStyle;Ldev/s7a/strata/modifier/Modifier;Ldev/s7a/strata/element/ElementKey;)V
api	Api	dev.s7a.strata.component.TextInputComponentsKt#method:25:TextField:(Ldev/s7a/strata/component/UiScope;Ldev/s7a/strata/component/TextFieldState;Ldev/s7a/strata/component/TextInputAppearance;ZLdev/s7a/strata/component/TextStyle;Ldev/s7a/strata/modifier/Modifier;Ldev/s7a/strata/element/ElementKey;)V
api	Api	dev.s7a.strata.component.TextInputComponentsKt#type:17:java.lang.Object:
api	Api	dev.s7a.strata.component.TextStyle#field:16409:ContainerLabel:Ldev/s7a/strata/component/TextStyle;
api	Api	dev.s7a.strata.component.TextStyle#field:16409:Inactive:Ldev/s7a/strata/component/TextStyle;
api	Api	dev.s7a.strata.component.TextStyle#field:16409:Normal:Ldev/s7a/strata/component/TextStyle;
api	Api	dev.s7a.strata.component.TextStyle#field:16409:TextField:Ldev/s7a/strata/component/TextStyle;
api	Api	dev.s7a.strata.component.TextStyle#method:9:getEntries:()Lkotlin/enums/EnumEntries;
api	Api	dev.s7a.strata.component.TextStyle#method:9:valueOf:(Ljava/lang/String;)Ldev/s7a/strata/component/TextStyle;
api	Api	dev.s7a.strata.component.TextStyle#method:9:values:()[Ldev/s7a/strata/component/TextStyle;
api	Api	dev.s7a.strata.component.TextStyle#type:16401:java.lang.Enum:
api	Api	dev.s7a.strata.component.TiledImageCachePolicy#constructor:1:()V
api	Api	dev.s7a.strata.component.TiledImageCachePolicy#constructor:1:(IJI)V
api	Api	dev.s7a.strata.component.TiledImageCachePolicy#field:25:Companion:Ldev/s7a/strata/component/TiledImageCachePolicy$Companion;
api	Api	dev.s7a.strata.component.TiledImageCachePolicy#method:17:component1:()I
api	Api	dev.s7a.strata.component.TiledImageCachePolicy#method:17:component2:()J
api	Api	dev.s7a.strata.component.TiledImageCachePolicy#method:17:component3:()I
api	Api	dev.s7a.strata.component.TiledImageCachePolicy#method:17:copy:(IJI)Ldev/s7a/strata/component/TiledImageCachePolicy;
api	Api	dev.s7a.strata.component.TiledImageCachePolicy#method:17:getMaxBytes:()J
api	Api	dev.s7a.strata.component.TiledImageCachePolicy#method:17:getMaxEntries:()I
api	Api	dev.s7a.strata.component.TiledImageCachePolicy#method:17:getOverscanTiles:()I
api	Api	dev.s7a.strata.component.TiledImageCachePolicy#method:1:equals:(Ljava/lang/Object;)Z
api	Api	dev.s7a.strata.component.TiledImageCachePolicy#method:1:hashCode:()I
api	Api	dev.s7a.strata.component.TiledImageCachePolicy#method:1:toString:()Ljava/lang/String;
api	Api	dev.s7a.strata.component.TiledImageCachePolicy#type:17:java.lang.Object:
api	Api	dev.s7a.strata.component.TiledImageCachePolicy$Companion#method:17:getDefault:()Ldev/s7a/strata/component/TiledImageCachePolicy;
api	Api	dev.s7a.strata.component.TiledImageCachePolicy$Companion#type:25:java.lang.Object:
api	Api	dev.s7a.strata.component.TiledImageComponentsKt#method:25:TiledImage:(Ldev/s7a/strata/component/UiScope;Ldev/s7a/strata/component/TiledImageSource;Ldev/s7a/strata/component/PanZoomState;Ldev/s7a/strata/geometry/IntSize;Ldev/s7a/strata/component/PanZoomFit;Ldev/s7a/strata/component/TiledImageCachePolicy;Ldev/s7a/strata/modifier/Modifier;Ldev/s7a/strata/element/ElementKey;Lkotlin/jvm/functions/Function1;)V
api	Api	dev.s7a.strata.component.TiledImageComponentsKt#type:17:java.lang.Object:
api	Api	dev.s7a.strata.component.TiledImageContentParentData#field:25:INSTANCE:Ldev/s7a/strata/component/TiledImageContentParentData;
api	Api	dev.s7a.strata.component.TiledImageContentParentData#method:17:decode$dev_s7a_strata_api:(Ldev/s7a/strata/projection/ProjectionValue;)Ldev/s7a/strata/modifier/ModifierElement;
api	Api	dev.s7a.strata.component.TiledImageContentParentData#method:17:getKEY$dev_s7a_strata_api:()Ldev/s7a/strata/layout/ParentDataKey;
api	Api	dev.s7a.strata.component.TiledImageContentParentData#method:17:getTYPE$dev_s7a_strata_api:()Ldev/s7a/strata/modifier/ModifierNodeType;
api	Api	dev.s7a.strata.component.TiledImageContentParentData#type:17:java.lang.Object:
api	Api	dev.s7a.strata.component.TiledImageContentParentData$Data#constructor:1:(Ldev/s7a/strata/geometry/DoubleOffset;Ldev/s7a/strata/layout/Alignment;)V
api	Api	dev.s7a.strata.component.TiledImageContentParentData$Data#method:17:component1:()Ldev/s7a/strata/geometry/DoubleOffset;
api	Api	dev.s7a.strata.component.TiledImageContentParentData$Data#method:17:component2:()Ldev/s7a/strata/layout/Alignment;
api	Api	dev.s7a.strata.component.TiledImageContentParentData$Data#method:17:copy:(Ldev/s7a/strata/geometry/DoubleOffset;Ldev/s7a/strata/layout/Alignment;)Ldev/s7a/strata/component/TiledImageContentParentData$Data;
api	Api	dev.s7a.strata.component.TiledImageContentParentData$Data#method:17:getAlignment:()Ldev/s7a/strata/layout/Alignment;
api	Api	dev.s7a.strata.component.TiledImageContentParentData$Data#method:17:getPosition:()Ldev/s7a/strata/geometry/DoubleOffset;
api	Api	dev.s7a.strata.component.TiledImageContentParentData$Data#method:1:equals:(Ljava/lang/Object;)Z
api	Api	dev.s7a.strata.component.TiledImageContentParentData$Data#method:1:hashCode:()I
api	Api	dev.s7a.strata.component.TiledImageContentParentData$Data#method:1:toString:()Ljava/lang/String;
api	Api	dev.s7a.strata.component.TiledImageContentParentData$Data#type:25:java.lang.Object:
api	Api	dev.s7a.strata.component.TiledImageContentParentData$Element#constructor:1:(Ldev/s7a/strata/component/TiledImageContentParentData$Position;Ldev/s7a/strata/layout/Alignment;)V
api	Api	dev.s7a.strata.component.TiledImageContentParentData$Element#method:17:component1:()Ldev/s7a/strata/component/TiledImageContentParentData$Position;
api	Api	dev.s7a.strata.component.TiledImageContentParentData$Element#method:17:component2:()Ldev/s7a/strata/layout/Alignment;
api	Api	dev.s7a.strata.component.TiledImageContentParentData$Element#method:17:copy:(Ldev/s7a/strata/component/TiledImageContentParentData$Position;Ldev/s7a/strata/layout/Alignment;)Ldev/s7a/strata/component/TiledImageContentParentData$Element;
api	Api	dev.s7a.strata.component.TiledImageContentParentData$Element#method:17:getAlignment:()Ldev/s7a/strata/layout/Alignment;
api	Api	dev.s7a.strata.component.TiledImageContentParentData$Element#method:17:getPosition:()Ldev/s7a/strata/component/TiledImageContentParentData$Position;
api	Api	dev.s7a.strata.component.TiledImageContentParentData$Element#method:1:equals:(Ljava/lang/Object;)Z
api	Api	dev.s7a.strata.component.TiledImageContentParentData$Element#method:1:getType:()Ldev/s7a/strata/modifier/ModifierNodeType;
api	Api	dev.s7a.strata.component.TiledImageContentParentData$Element#method:1:hashCode:()I
api	Api	dev.s7a.strata.component.TiledImageContentParentData$Element#method:1:toString:()Ljava/lang/String;
api	Api	dev.s7a.strata.component.TiledImageContentParentData$Element#method:65:getProjection:()Ldev/s7a/strata/projection/DeclarationProjection;
api	Api	dev.s7a.strata.component.TiledImageContentParentData$Element#type:25:java.lang.Object:dev.s7a.strata.modifier.ModifierElement
api	Api	dev.s7a.strata.component.TiledImageContentParentData$Node#constructor:1:(Ldev/s7a/strata/component/TiledImageContentParentData$Element;)V
api	Api	dev.s7a.strata.component.TiledImageContentParentData$Node#method:17:update-FtRg8Cc$dev_s7a_strata_api:(Ldev/s7a/strata/component/TiledImageContentParentData$Element;)I
api	Api	dev.s7a.strata.component.TiledImageContentParentData$Node#method:1:attach:()V
api	Api	dev.s7a.strata.component.TiledImageContentParentData$Node#method:1:captureFrameState:()V
api	Api	dev.s7a.strata.component.TiledImageContentParentData$Node#method:1:commitFrameState:()V
api	Api	dev.s7a.strata.component.TiledImageContentParentData$Node#method:1:detach:()V
api	Api	dev.s7a.strata.component.TiledImageContentParentData$Node#method:1:dispose:()V
api	Api	dev.s7a.strata.component.TiledImageContentParentData$Node#method:1:getDeclarationProjection:()Ldev/s7a/strata/projection/DeclarationProjection;
api	Api	dev.s7a.strata.component.TiledImageContentParentData$Node#method:1:getParentDataKey:()Ldev/s7a/strata/layout/ParentDataKey;
api	Api	dev.s7a.strata.component.TiledImageContentParentData$Node#method:1:parentData:()Ldev/s7a/strata/component/TiledImageContentParentData$Data;
api	Api	dev.s7a.strata.component.TiledImageContentParentData$Node#method:1:sessionAttached:()V
api	Api	dev.s7a.strata.component.TiledImageContentParentData$Node#method:1:sessionDetached:()V
api	Api	dev.s7a.strata.component.TiledImageContentParentData$Node#method:65:prepareDeclaration:()V
api	Api	dev.s7a.strata.component.TiledImageContentParentData$Node#type:25:dev.s7a.strata.node.ModifierNode:dev.s7a.strata.node.DeclarationProjectionNode,dev.s7a.strata.node.FrameCutoffNode,dev.s7a.strata.node.ParentDataModifierNode,dev.s7a.strata.node.SessionAttachmentNode
api	Api	dev.s7a.strata.component.TiledImageContentParentData$Position#type:1545::
api	Api	dev.s7a.strata.component.TiledImageContentParentData$Position$Fixed#constructor:1:(Ldev/s7a/strata/geometry/DoubleOffset;)V
api	Api	dev.s7a.strata.component.TiledImageContentParentData$Position$Fixed#method:17:component1:()Ldev/s7a/strata/geometry/DoubleOffset;
api	Api	dev.s7a.strata.component.TiledImageContentParentData$Position$Fixed#method:17:copy:(Ldev/s7a/strata/geometry/DoubleOffset;)Ldev/s7a/strata/component/TiledImageContentParentData$Position$Fixed;
api	Api	dev.s7a.strata.component.TiledImageContentParentData$Position$Fixed#method:17:getValue:()Ldev/s7a/strata/geometry/DoubleOffset;
api	Api	dev.s7a.strata.component.TiledImageContentParentData$Position$Fixed#method:1:equals:(Ljava/lang/Object;)Z
api	Api	dev.s7a.strata.component.TiledImageContentParentData$Position$Fixed#method:1:hashCode:()I
api	Api	dev.s7a.strata.component.TiledImageContentParentData$Position$Fixed#method:1:toString:()Ljava/lang/String;
api	Api	dev.s7a.strata.component.TiledImageContentParentData$Position$Fixed#type:25:java.lang.Object:dev.s7a.strata.component.TiledImageContentParentData$Position
api	Api	dev.s7a.strata.component.TiledImageContentParentData$Position$Revisioned#constructor:1:(Ldev/s7a/strata/state/StateSource;)V
api	Api	dev.s7a.strata.component.TiledImageContentParentData$Position$Revisioned#method:17:component1:()Ldev/s7a/strata/state/StateSource;
api	Api	dev.s7a.strata.component.TiledImageContentParentData$Position$Revisioned#method:17:copy:(Ldev/s7a/strata/state/StateSource;)Ldev/s7a/strata/component/TiledImageContentParentData$Position$Revisioned;
api	Api	dev.s7a.strata.component.TiledImageContentParentData$Position$Revisioned#method:17:getSource:()Ldev/s7a/strata/state/StateSource;
api	Api	dev.s7a.strata.component.TiledImageContentParentData$Position$Revisioned#method:1:equals:(Ljava/lang/Object;)Z
api	Api	dev.s7a.strata.component.TiledImageContentParentData$Position$Revisioned#method:1:hashCode:()I
api	Api	dev.s7a.strata.component.TiledImageContentParentData$Position$Revisioned#method:1:toString:()Ljava/lang/String;
api	Api	dev.s7a.strata.component.TiledImageContentParentData$Position$Revisioned#type:25:java.lang.Object:dev.s7a.strata.component.TiledImageContentParentData$Position
api	Api	dev.s7a.strata.component.TiledImageElement#field:25:Companion:Ldev/s7a/strata/component/TiledImageElement$Companion;
api	Api	dev.s7a.strata.component.TiledImageElement#type:17:dev.s7a.strata.element.Element:
api	Api	dev.s7a.strata.component.TiledImageElement$Companion#method:17:create$dev_s7a_strata_api:(Ldev/s7a/strata/component/TiledImageSource;Ldev/s7a/strata/component/PanZoomState;Ldev/s7a/strata/geometry/IntSize;Ldev/s7a/strata/component/PanZoomFit;Ldev/s7a/strata/component/TiledImageCachePolicy;Ldev/s7a/strata/modifier/Modifier;Ldev/s7a/strata/element/ElementKey;Ljava/util/List;)Ldev/s7a/strata/element/Element;
api	Api	dev.s7a.strata.component.TiledImageElement$Companion#method:17:projected$dev_s7a_strata_api:(Ljava/lang/Object;Ldev/s7a/strata/geometry/LongRect;Ljava/util/List;Ldev/s7a/strata/component/PanZoomState;Ldev/s7a/strata/geometry/IntSize;Ldev/s7a/strata/component/PanZoomFit;Ldev/s7a/strata/modifier/Modifier;Ldev/s7a/strata/element/ElementKey;Ljava/util/List;)Ldev/s7a/strata/element/Element;
api	Api	dev.s7a.strata.component.TiledImageElement$Companion#method:17:validateGeometry$dev_s7a_strata_api:(Ldev/s7a/strata/geometry/LongRect;Ljava/util/List;Ldev/s7a/strata/geometry/IntSize;)V
api	Api	dev.s7a.strata.component.TiledImageElement$Companion#type:25:java.lang.Object:
api	Api	dev.s7a.strata.component.TiledImageLevel#constructor:1:(Ldev/s7a/strata/geometry/IntSize;J)V
api	Api	dev.s7a.strata.component.TiledImageLevel#method:17:component1:()Ldev/s7a/strata/geometry/IntSize;
api	Api	dev.s7a.strata.component.TiledImageLevel#method:17:component2:()J
api	Api	dev.s7a.strata.component.TiledImageLevel#method:17:copy:(Ldev/s7a/strata/geometry/IntSize;J)Ldev/s7a/strata/component/TiledImageLevel;
api	Api	dev.s7a.strata.component.TiledImageLevel#method:17:getContentUnitsPerPixel:()J
api	Api	dev.s7a.strata.component.TiledImageLevel#method:17:getTilePixelSize:()Ldev/s7a/strata/geometry/IntSize;
api	Api	dev.s7a.strata.component.TiledImageLevel#method:1:equals:(Ljava/lang/Object;)Z
api	Api	dev.s7a.strata.component.TiledImageLevel#method:1:hashCode:()I
api	Api	dev.s7a.strata.component.TiledImageLevel#method:1:toString:()Ljava/lang/String;
api	Api	dev.s7a.strata.component.TiledImageLevel#type:17:java.lang.Object:
api	Api	dev.s7a.strata.component.TiledImageProjectionFields#field:25:INSTANCE:Ldev/s7a/strata/component/TiledImageProjectionFields;
api	Api	dev.s7a.strata.component.TiledImageProjectionFields#method:17:encode:(Ldev/s7a/strata/geometry/LongRect;Ljava/util/List;Ldev/s7a/strata/component/PanZoomState;Ldev/s7a/strata/geometry/IntSize;Ldev/s7a/strata/projection/ProjectionScope;)Ljava/util/List;
api	Api	dev.s7a.strata.component.TiledImageProjectionFields#type:17:java.lang.Object:
api	Api	dev.s7a.strata.component.TiledImageScope#field:25:Companion:Ldev/s7a/strata/component/TiledImageScope$Companion;
api	Api	dev.s7a.strata.component.TiledImageScope#method:17:atContentPosition:(Ldev/s7a/strata/modifier/Modifier;Ldev/s7a/strata/geometry/DoubleOffset;Ldev/s7a/strata/layout/Alignment;)Ldev/s7a/strata/modifier/Modifier;
api	Api	dev.s7a.strata.component.TiledImageScope#method:17:atContentPosition:(Ldev/s7a/strata/modifier/Modifier;Ldev/s7a/strata/state/StateSource;Ldev/s7a/strata/layout/Alignment;)Ldev/s7a/strata/modifier/Modifier;
api	Api	dev.s7a.strata.component.TiledImageScope#type:1025:dev.s7a.strata.component.UiScope:
api	Api	dev.s7a.strata.component.TiledImageScope$Companion#type:25:java.lang.Object:
api	Api	dev.s7a.strata.component.TiledImageSource#method:1025:getBounds:()Ldev/s7a/strata/geometry/LongRect;
api	Api	dev.s7a.strata.component.TiledImageSource#method:1025:getLevels:()Ljava/util/List;
api	Api	dev.s7a.strata.component.TiledImageSource#method:1025:tile:(Ldev/s7a/strata/component/TiledImageTileId;)Ldev/s7a/strata/state/StateSource;
api	Api	dev.s7a.strata.component.TiledImageSource#type:1537::
api	Api	dev.s7a.strata.component.TiledImageTile#type:1537::
api	Api	dev.s7a.strata.component.TiledImageTile$Empty#field:25:INSTANCE:Ldev/s7a/strata/component/TiledImageTile$Empty;
api	Api	dev.s7a.strata.component.TiledImageTile$Empty#method:1:equals:(Ljava/lang/Object;)Z
api	Api	dev.s7a.strata.component.TiledImageTile$Empty#method:1:hashCode:()I
api	Api	dev.s7a.strata.component.TiledImageTile$Empty#method:1:toString:()Ljava/lang/String;
api	Api	dev.s7a.strata.component.TiledImageTile$Empty#type:25:java.lang.Object:dev.s7a.strata.component.TiledImageTile
api	Api	dev.s7a.strata.component.TiledImageTile$Ready#constructor:1:(Ldev/s7a/strata/render/DrawImage;)V
api	Api	dev.s7a.strata.component.TiledImageTile$Ready#method:17:component1:()Ldev/s7a/strata/render/DrawImage;
api	Api	dev.s7a.strata.component.TiledImageTile$Ready#method:17:copy:(Ldev/s7a/strata/render/DrawImage;)Ldev/s7a/strata/component/TiledImageTile$Ready;
api	Api	dev.s7a.strata.component.TiledImageTile$Ready#method:17:getImage:()Ldev/s7a/strata/render/DrawImage;
api	Api	dev.s7a.strata.component.TiledImageTile$Ready#method:1:equals:(Ljava/lang/Object;)Z
api	Api	dev.s7a.strata.component.TiledImageTile$Ready#method:1:hashCode:()I
api	Api	dev.s7a.strata.component.TiledImageTile$Ready#method:1:toString:()Ljava/lang/String;
api	Api	dev.s7a.strata.component.TiledImageTile$Ready#type:25:java.lang.Object:dev.s7a.strata.component.TiledImageTile
api	Api	dev.s7a.strata.component.TiledImageTileId#constructor:1:(IJJ)V
api	Api	dev.s7a.strata.component.TiledImageTileId#method:17:component1:()I
api	Api	dev.s7a.strata.component.TiledImageTileId#method:17:component2:()J
api	Api	dev.s7a.strata.component.TiledImageTileId#method:17:component3:()J
api	Api	dev.s7a.strata.component.TiledImageTileId#method:17:copy:(IJJ)Ldev/s7a/strata/component/TiledImageTileId;
api	Api	dev.s7a.strata.component.TiledImageTileId#method:17:getColumn:()J
api	Api	dev.s7a.strata.component.TiledImageTileId#method:17:getLevel:()I
api	Api	dev.s7a.strata.component.TiledImageTileId#method:17:getRow:()J
api	Api	dev.s7a.strata.component.TiledImageTileId#method:1:equals:(Ljava/lang/Object;)Z
api	Api	dev.s7a.strata.component.TiledImageTileId#method:1:hashCode:()I
api	Api	dev.s7a.strata.component.TiledImageTileId#method:1:toString:()Ljava/lang/String;
api	Api	dev.s7a.strata.component.TiledImageTileId#type:17:java.lang.Object:
api	Api	dev.s7a.strata.component.TiledImageTileLayerElement#constructor:1:(Ldev/s7a/strata/component/TiledImageSource;Ldev/s7a/strata/geometry/LongRect;Ljava/util/List;Ldev/s7a/strata/component/PanZoomState;Ldev/s7a/strata/geometry/IntSize;Ldev/s7a/strata/component/TiledImageCachePolicy;)V
api	Api	dev.s7a.strata.component.TiledImageTileLayerElement#type:17:dev.s7a.strata.element.Element:
api	Api	dev.s7a.strata.component.UiComponentsKt#method:25:Column:(Ldev/s7a/strata/component/UiScope;Ldev/s7a/strata/modifier/Modifier;Ldev/s7a/strata/element/ElementKey;ILdev/s7a/strata/layout/Arrangement;Ldev/s7a/strata/layout/HorizontalAlignment;Lkotlin/jvm/functions/Function1;)V
api	Api	dev.s7a.strata.component.UiComponentsKt#method:25:FlowRow:(Ldev/s7a/strata/component/UiScope;Ldev/s7a/strata/modifier/Modifier;Ldev/s7a/strata/element/ElementKey;IILdev/s7a/strata/layout/Arrangement;Ldev/s7a/strata/layout/VerticalAlignment;Lkotlin/jvm/functions/Function1;)V
api	Api	dev.s7a.strata.component.UiComponentsKt#method:25:Grid:(Ldev/s7a/strata/component/UiScope;ILdev/s7a/strata/modifier/Modifier;Ldev/s7a/strata/element/ElementKey;IILdev/s7a/strata/layout/Alignment;Lkotlin/jvm/functions/Function1;)V
api	Api	dev.s7a.strata.component.UiComponentsKt#method:25:Row:(Ldev/s7a/strata/component/UiScope;Ldev/s7a/strata/modifier/Modifier;Ldev/s7a/strata/element/ElementKey;ILdev/s7a/strata/layout/Arrangement;Ldev/s7a/strata/layout/VerticalAlignment;Lkotlin/jvm/functions/Function1;)V
api	Api	dev.s7a.strata.component.UiComponentsKt#method:25:Spacer:(Ldev/s7a/strata/component/UiScope;Ldev/s7a/strata/modifier/Modifier;Ldev/s7a/strata/element/ElementKey;)V
api	Api	dev.s7a.strata.component.UiComponentsKt#method:25:Stack:(Ldev/s7a/strata/component/UiScope;Ldev/s7a/strata/modifier/Modifier;Ldev/s7a/strata/element/ElementKey;Ldev/s7a/strata/layout/Alignment;Lkotlin/jvm/functions/Function1;)V
api	Api	dev.s7a.strata.component.UiComponentsKt#type:17:java.lang.Object:
api	Api	dev.s7a.strata.component.UiScope#field:25:Companion:Ldev/s7a/strata/component/UiScope$Companion;
api	Api	dev.s7a.strata.component.UiScope#method:17:element:(Ldev/s7a/strata/element/Element;)V
api	Api	dev.s7a.strata.component.UiScope#type:1025:java.lang.Object:
api	Api	dev.s7a.strata.component.UiScope$Companion#type:25:java.lang.Object:
api	Api	dev.s7a.strata.component.UiScopeKt#method:25:evaluateComponentTree:(Lkotlin/jvm/functions/Function1;)Ldev/s7a/strata/element/Element;
api	Api	dev.s7a.strata.component.UiScopeKt#type:17:java.lang.Object:
api	Api	dev.s7a.strata.component.VirtualListComponentsKt#method:25:VirtualList:(Ldev/s7a/strata/component/UiScope;ILkotlin/jvm/functions/Function1;Lkotlin/jvm/functions/Function1;Ldev/s7a/strata/component/VirtualListState;Ldev/s7a/strata/geometry/IntSize;ILkotlin/jvm/functions/Function1;IZZLdev/s7a/strata/modifier/Modifier;Ldev/s7a/strata/element/ElementKey;Lkotlin/jvm/functions/Function2;)V
api	Api	dev.s7a.strata.component.VirtualListComponentsKt#method:25:VirtualList:(Ldev/s7a/strata/component/UiScope;Ljava/util/List;Lkotlin/jvm/functions/Function1;Ldev/s7a/strata/component/VirtualListState;Ldev/s7a/strata/geometry/IntSize;IIZZLdev/s7a/strata/modifier/Modifier;Ldev/s7a/strata/element/ElementKey;Lkotlin/jvm/functions/Function2;)V
api	Api	dev.s7a.strata.component.VirtualListComponentsKt#method:25:VirtualList:(Ldev/s7a/strata/component/UiScope;Lkotlin/jvm/functions/Function0;Lkotlin/jvm/functions/Function1;Lkotlin/jvm/functions/Function1;Ldev/s7a/strata/component/VirtualListState;Ldev/s7a/strata/geometry/IntSize;ILkotlin/jvm/functions/Function1;IZZLdev/s7a/strata/modifier/Modifier;Ldev/s7a/strata/element/ElementKey;Lkotlin/jvm/functions/Function2;)V
api	Api	dev.s7a.strata.component.VirtualListComponentsKt#type:17:java.lang.Object:
api	Api	dev.s7a.strata.component.VirtualListController#method:1025:jump:(Ldev/s7a/strata/component/VirtualListJump;)Z
api	Api	dev.s7a.strata.component.VirtualListController#method:1025:refresh:()V
api	Api	dev.s7a.strata.component.VirtualListController#type:1537::
api	Api	dev.s7a.strata.component.VirtualListJump#type:1537::
api	Api	dev.s7a.strata.component.VirtualListJump$Index#constructor:1:(I)V
api	Api	dev.s7a.strata.component.VirtualListJump$Index#method:17:component1:()I
api	Api	dev.s7a.strata.component.VirtualListJump$Index#method:17:copy:(I)Ldev/s7a/strata/component/VirtualListJump$Index;
api	Api	dev.s7a.strata.component.VirtualListJump$Index#method:17:getValue:()I
api	Api	dev.s7a.strata.component.VirtualListJump$Index#method:1:equals:(Ljava/lang/Object;)Z
api	Api	dev.s7a.strata.component.VirtualListJump$Index#method:1:hashCode:()I
api	Api	dev.s7a.strata.component.VirtualListJump$Index#method:1:toString:()Ljava/lang/String;
api	Api	dev.s7a.strata.component.VirtualListJump$Index#type:25:java.lang.Object:dev.s7a.strata.component.VirtualListJump
api	Api	dev.s7a.strata.component.VirtualListJump$Key#constructor:1:(Ljava/lang/Object;)V
api	Api	dev.s7a.strata.component.VirtualListJump$Key#method:17:component1:()Ljava/lang/Object;
api	Api	dev.s7a.strata.component.VirtualListJump$Key#method:17:copy:(Ljava/lang/Object;)Ldev/s7a/strata/component/VirtualListJump$Key;
api	Api	dev.s7a.strata.component.VirtualListJump$Key#method:17:getValue:()Ljava/lang/Object;
api	Api	dev.s7a.strata.component.VirtualListJump$Key#method:1:equals:(Ljava/lang/Object;)Z
api	Api	dev.s7a.strata.component.VirtualListJump$Key#method:1:hashCode:()I
api	Api	dev.s7a.strata.component.VirtualListJump$Key#method:1:toString:()Ljava/lang/String;
api	Api	dev.s7a.strata.component.VirtualListJump$Key#type:25:java.lang.Object:dev.s7a.strata.component.VirtualListJump
api	Api	dev.s7a.strata.component.VirtualListState#constructor:1:()V
api	Api	dev.s7a.strata.component.VirtualListState#constructor:1:(Ldev/s7a/strata/component/ScrollState;Ljava/lang/Integer;)V
api	Api	dev.s7a.strata.component.VirtualListState#method:17:attach$dev_s7a_strata_api:(Ldev/s7a/strata/component/VirtualListController;)V
api	Api	dev.s7a.strata.component.VirtualListState#method:17:detach$dev_s7a_strata_api:(Ldev/s7a/strata/component/VirtualListController;)V
api	Api	dev.s7a.strata.component.VirtualListState#method:17:getScrollState:()Ldev/s7a/strata/component/ScrollState;
api	Api	dev.s7a.strata.component.VirtualListState#method:17:jumpToIndex:(I)Z
api	Api	dev.s7a.strata.component.VirtualListState#method:17:jumpToKey:(Ljava/lang/Object;)Z
api	Api	dev.s7a.strata.component.VirtualListState#method:17:refresh:()V
api	Api	dev.s7a.strata.component.VirtualListState#type:17:java.lang.Object:
api	Api	dev.s7a.strata.element.Element#constructor:1:(Ldev/s7a/strata/element/ElementIdentity;Ldev/s7a/strata/element/ElementType;Ljava/util/List;Ldev/s7a/strata/modifier/Modifier;)V
api	Api	dev.s7a.strata.element.Element#method:17:getChildren:()Ljava/util/List;
api	Api	dev.s7a.strata.element.Element#method:17:getIdentity:()Ldev/s7a/strata/element/ElementIdentity;
api	Api	dev.s7a.strata.element.Element#method:17:getModifier:()Ldev/s7a/strata/modifier/Modifier;
api	Api	dev.s7a.strata.element.Element#method:17:getType:()Ldev/s7a/strata/element/ElementType;
api	Api	dev.s7a.strata.element.Element#method:1:getProjection:()Ldev/s7a/strata/projection/DeclarationProjection;
api	Api	dev.s7a.strata.element.Element#type:1025:java.lang.Object:
api	Api	dev.s7a.strata.element.ElementIdentity#type:1537::
api	Api	dev.s7a.strata.element.ElementIdentity$Keyed#constructor:1:(Ldev/s7a/strata/element/ElementKey;)V
api	Api	dev.s7a.strata.element.ElementIdentity$Keyed#method:17:component1:()Ldev/s7a/strata/element/ElementKey;
api	Api	dev.s7a.strata.element.ElementIdentity$Keyed#method:17:copy:(Ldev/s7a/strata/element/ElementKey;)Ldev/s7a/strata/element/ElementIdentity$Keyed;
api	Api	dev.s7a.strata.element.ElementIdentity$Keyed#method:17:getKey:()Ldev/s7a/strata/element/ElementKey;
api	Api	dev.s7a.strata.element.ElementIdentity$Keyed#method:1:equals:(Ljava/lang/Object;)Z
api	Api	dev.s7a.strata.element.ElementIdentity$Keyed#method:1:hashCode:()I
api	Api	dev.s7a.strata.element.ElementIdentity$Keyed#method:1:toString:()Ljava/lang/String;
api	Api	dev.s7a.strata.element.ElementIdentity$Keyed#type:25:java.lang.Object:dev.s7a.strata.element.ElementIdentity
api	Api	dev.s7a.strata.element.ElementIdentity$Positional#field:25:INSTANCE:Ldev/s7a/strata/element/ElementIdentity$Positional;
api	Api	dev.s7a.strata.element.ElementIdentity$Positional#method:1:equals:(Ljava/lang/Object;)Z
api	Api	dev.s7a.strata.element.ElementIdentity$Positional#method:1:hashCode:()I
api	Api	dev.s7a.strata.element.ElementIdentity$Positional#method:1:toString:()Ljava/lang/String;
api	Api	dev.s7a.strata.element.ElementIdentity$Positional#type:25:java.lang.Object:dev.s7a.strata.element.ElementIdentity
api	Api	dev.s7a.strata.element.ElementKey#constructor:1:(Ljava/lang/Object;)V
api	Api	dev.s7a.strata.element.ElementKey#method:17:component1:()Ljava/lang/Object;
api	Api	dev.s7a.strata.element.ElementKey#method:17:copy:(Ljava/lang/Object;)Ldev/s7a/strata/element/ElementKey;
api	Api	dev.s7a.strata.element.ElementKey#method:17:getValue:()Ljava/lang/Object;
api	Api	dev.s7a.strata.element.ElementKey#method:1:equals:(Ljava/lang/Object;)Z
api	Api	dev.s7a.strata.element.ElementKey#method:1:hashCode:()I
api	Api	dev.s7a.strata.element.ElementKey#method:1:toString:()Ljava/lang/String;
api	Api	dev.s7a.strata.element.ElementKey#type:17:java.lang.Object:
api	Api	dev.s7a.strata.element.ElementType#constructor:1:(Lkotlin/reflect/KClass;Lkotlin/reflect/KClass;Lkotlin/jvm/functions/Function1;Lkotlin/jvm/functions/Function1;Lkotlin/jvm/functions/Function3;)V
api	Api	dev.s7a.strata.element.ElementType#method:17:createErased:(Ldev/s7a/strata/element/Element;)Ldev/s7a/strata/node/Node;
api	Api	dev.s7a.strata.element.ElementType#method:17:updateErased-g-c3zcg:(Ldev/s7a/strata/element/Element;Ldev/s7a/strata/element/Element;Ldev/s7a/strata/node/Node;)I
api	Api	dev.s7a.strata.element.ElementType#method:17:validateErased:(Ldev/s7a/strata/element/Element;)V
api	Api	dev.s7a.strata.element.ElementType#type:17:java.lang.Object:
api	Api	dev.s7a.strata.geometry.Constraints#constructor:1:()V
api	Api	dev.s7a.strata.geometry.Constraints#constructor:1:(IIII)V
api	Api	dev.s7a.strata.geometry.Constraints#field:25:Companion:Ldev/s7a/strata/geometry/Constraints$Companion;
api	Api	dev.s7a.strata.geometry.Constraints#method:17:component1:()I
api	Api	dev.s7a.strata.geometry.Constraints#method:17:component2:()I
api	Api	dev.s7a.strata.geometry.Constraints#method:17:component3:()I
api	Api	dev.s7a.strata.geometry.Constraints#method:17:component4:()I
api	Api	dev.s7a.strata.geometry.Constraints#method:17:constrain:(Ldev/s7a/strata/geometry/IntSize;)Ldev/s7a/strata/geometry/IntSize;
api	Api	dev.s7a.strata.geometry.Constraints#method:17:copy:(IIII)Ldev/s7a/strata/geometry/Constraints;
api	Api	dev.s7a.strata.geometry.Constraints#method:17:getMaxHeight:()I
api	Api	dev.s7a.strata.geometry.Constraints#method:17:getMaxWidth:()I
api	Api	dev.s7a.strata.geometry.Constraints#method:17:getMinHeight:()I
api	Api	dev.s7a.strata.geometry.Constraints#method:17:getMinWidth:()I
api	Api	dev.s7a.strata.geometry.Constraints#method:17:isSatisfiedBy:(Ldev/s7a/strata/geometry/IntSize;)Z
api	Api	dev.s7a.strata.geometry.Constraints#method:1:equals:(Ljava/lang/Object;)Z
api	Api	dev.s7a.strata.geometry.Constraints#method:1:hashCode:()I
api	Api	dev.s7a.strata.geometry.Constraints#method:1:toString:()Ljava/lang/String;
api	Api	dev.s7a.strata.geometry.Constraints#type:17:java.lang.Object:
api	Api	dev.s7a.strata.geometry.Constraints$Companion#method:17:fixed:(II)Ldev/s7a/strata/geometry/Constraints;
api	Api	dev.s7a.strata.geometry.Constraints$Companion#type:25:java.lang.Object:
api	Api	dev.s7a.strata.geometry.DoubleOffset#constructor:1:(DD)V
api	Api	dev.s7a.strata.geometry.DoubleOffset#field:25:Companion:Ldev/s7a/strata/geometry/DoubleOffset$Companion;
api	Api	dev.s7a.strata.geometry.DoubleOffset#method:17:component1:()D
api	Api	dev.s7a.strata.geometry.DoubleOffset#method:17:component2:()D
api	Api	dev.s7a.strata.geometry.DoubleOffset#method:17:copy:(DD)Ldev/s7a/strata/geometry/DoubleOffset;
api	Api	dev.s7a.strata.geometry.DoubleOffset#method:17:getX:()D
api	Api	dev.s7a.strata.geometry.DoubleOffset#method:17:getY:()D
api	Api	dev.s7a.strata.geometry.DoubleOffset#method:17:minus:(Ldev/s7a/strata/geometry/DoubleOffset;)Ldev/s7a/strata/geometry/DoubleOffset;
api	Api	dev.s7a.strata.geometry.DoubleOffset#method:17:plus:(Ldev/s7a/strata/geometry/DoubleOffset;)Ldev/s7a/strata/geometry/DoubleOffset;
api	Api	dev.s7a.strata.geometry.DoubleOffset#method:1:equals:(Ljava/lang/Object;)Z
api	Api	dev.s7a.strata.geometry.DoubleOffset#method:1:hashCode:()I
api	Api	dev.s7a.strata.geometry.DoubleOffset#method:1:toString:()Ljava/lang/String;
api	Api	dev.s7a.strata.geometry.DoubleOffset#type:17:java.lang.Object:
api	Api	dev.s7a.strata.geometry.DoubleOffset$Companion#method:17:getZero:()Ldev/s7a/strata/geometry/DoubleOffset;
api	Api	dev.s7a.strata.geometry.DoubleOffset$Companion#type:25:java.lang.Object:
api	Api	dev.s7a.strata.geometry.FloatRect#constructor:1:(FFFF)V
api	Api	dev.s7a.strata.geometry.FloatRect#method:17:component1:()F
api	Api	dev.s7a.strata.geometry.FloatRect#method:17:component2:()F
api	Api	dev.s7a.strata.geometry.FloatRect#method:17:component3:()F
api	Api	dev.s7a.strata.geometry.FloatRect#method:17:component4:()F
api	Api	dev.s7a.strata.geometry.FloatRect#method:17:copy:(FFFF)Ldev/s7a/strata/geometry/FloatRect;
api	Api	dev.s7a.strata.geometry.FloatRect#method:17:getBottom:()F
api	Api	dev.s7a.strata.geometry.FloatRect#method:17:getHeight:()F
api	Api	dev.s7a.strata.geometry.FloatRect#method:17:getLeft:()F
api	Api	dev.s7a.strata.geometry.FloatRect#method:17:getRight:()F
api	Api	dev.s7a.strata.geometry.FloatRect#method:17:getTop:()F
api	Api	dev.s7a.strata.geometry.FloatRect#method:17:getWidth:()F
api	Api	dev.s7a.strata.geometry.FloatRect#method:17:plus:(Ldev/s7a/strata/geometry/IntOffset;)Ldev/s7a/strata/geometry/FloatRect;
api	Api	dev.s7a.strata.geometry.FloatRect#method:1:equals:(Ljava/lang/Object;)Z
api	Api	dev.s7a.strata.geometry.FloatRect#method:1:hashCode:()I
api	Api	dev.s7a.strata.geometry.FloatRect#method:1:toString:()Ljava/lang/String;
api	Api	dev.s7a.strata.geometry.FloatRect#type:17:java.lang.Object:
api	Api	dev.s7a.strata.geometry.Insets#constructor:1:()V
api	Api	dev.s7a.strata.geometry.Insets#constructor:1:(IIII)V
api	Api	dev.s7a.strata.geometry.Insets#field:25:Companion:Ldev/s7a/strata/geometry/Insets$Companion;
api	Api	dev.s7a.strata.geometry.Insets#method:17:component1:()I
api	Api	dev.s7a.strata.geometry.Insets#method:17:component2:()I
api	Api	dev.s7a.strata.geometry.Insets#method:17:component3:()I
api	Api	dev.s7a.strata.geometry.Insets#method:17:component4:()I
api	Api	dev.s7a.strata.geometry.Insets#method:17:copy:(IIII)Ldev/s7a/strata/geometry/Insets;
api	Api	dev.s7a.strata.geometry.Insets#method:17:getBottom:()I
api	Api	dev.s7a.strata.geometry.Insets#method:17:getLeft:()I
api	Api	dev.s7a.strata.geometry.Insets#method:17:getRight:()I
api	Api	dev.s7a.strata.geometry.Insets#method:17:getTop:()I
api	Api	dev.s7a.strata.geometry.Insets#method:1:equals:(Ljava/lang/Object;)Z
api	Api	dev.s7a.strata.geometry.Insets#method:1:hashCode:()I
api	Api	dev.s7a.strata.geometry.Insets#method:1:toString:()Ljava/lang/String;
api	Api	dev.s7a.strata.geometry.Insets#type:17:java.lang.Object:
api	Api	dev.s7a.strata.geometry.Insets$Companion#method:17:all:(I)Ldev/s7a/strata/geometry/Insets;
api	Api	dev.s7a.strata.geometry.Insets$Companion#method:17:getZero:()Ldev/s7a/strata/geometry/Insets;
api	Api	dev.s7a.strata.geometry.Insets$Companion#method:17:symmetric:(II)Ldev/s7a/strata/geometry/Insets;
api	Api	dev.s7a.strata.geometry.Insets$Companion#type:25:java.lang.Object:
api	Api	dev.s7a.strata.geometry.IntOffset#constructor:1:(II)V
api	Api	dev.s7a.strata.geometry.IntOffset#field:25:Companion:Ldev/s7a/strata/geometry/IntOffset$Companion;
api	Api	dev.s7a.strata.geometry.IntOffset#method:17:component1:()I
api	Api	dev.s7a.strata.geometry.IntOffset#method:17:component2:()I
api	Api	dev.s7a.strata.geometry.IntOffset#method:17:copy:(II)Ldev/s7a/strata/geometry/IntOffset;
api	Api	dev.s7a.strata.geometry.IntOffset#method:17:getX:()I
api	Api	dev.s7a.strata.geometry.IntOffset#method:17:getY:()I
api	Api	dev.s7a.strata.geometry.IntOffset#method:17:minus:(Ldev/s7a/strata/geometry/IntOffset;)Ldev/s7a/strata/geometry/IntOffset;
api	Api	dev.s7a.strata.geometry.IntOffset#method:17:plus:(Ldev/s7a/strata/geometry/IntOffset;)Ldev/s7a/strata/geometry/IntOffset;
api	Api	dev.s7a.strata.geometry.IntOffset#method:1:equals:(Ljava/lang/Object;)Z
api	Api	dev.s7a.strata.geometry.IntOffset#method:1:hashCode:()I
api	Api	dev.s7a.strata.geometry.IntOffset#method:1:toString:()Ljava/lang/String;
api	Api	dev.s7a.strata.geometry.IntOffset#type:17:java.lang.Object:
api	Api	dev.s7a.strata.geometry.IntOffset$Companion#method:17:getZero:()Ldev/s7a/strata/geometry/IntOffset;
api	Api	dev.s7a.strata.geometry.IntOffset$Companion#type:25:java.lang.Object:
api	Api	dev.s7a.strata.geometry.IntRect#constructor:1:(IIII)V
api	Api	dev.s7a.strata.geometry.IntRect#method:17:component1:()I
api	Api	dev.s7a.strata.geometry.IntRect#method:17:component2:()I
api	Api	dev.s7a.strata.geometry.IntRect#method:17:component3:()I
api	Api	dev.s7a.strata.geometry.IntRect#method:17:component4:()I
api	Api	dev.s7a.strata.geometry.IntRect#method:17:contains:(Ldev/s7a/strata/geometry/IntOffset;)Z
api	Api	dev.s7a.strata.geometry.IntRect#method:17:copy:(IIII)Ldev/s7a/strata/geometry/IntRect;
api	Api	dev.s7a.strata.geometry.IntRect#method:17:getBottom:()I
api	Api	dev.s7a.strata.geometry.IntRect#method:17:getHeight:()I
api	Api	dev.s7a.strata.geometry.IntRect#method:17:getLeft:()I
api	Api	dev.s7a.strata.geometry.IntRect#method:17:getRight:()I
api	Api	dev.s7a.strata.geometry.IntRect#method:17:getSize:()Ldev/s7a/strata/geometry/IntSize;
api	Api	dev.s7a.strata.geometry.IntRect#method:17:getTop:()I
api	Api	dev.s7a.strata.geometry.IntRect#method:17:getWidth:()I
api	Api	dev.s7a.strata.geometry.IntRect#method:17:plus:(Ldev/s7a/strata/geometry/IntOffset;)Ldev/s7a/strata/geometry/IntRect;
api	Api	dev.s7a.strata.geometry.IntRect#method:1:equals:(Ljava/lang/Object;)Z
api	Api	dev.s7a.strata.geometry.IntRect#method:1:hashCode:()I
api	Api	dev.s7a.strata.geometry.IntRect#method:1:toString:()Ljava/lang/String;
api	Api	dev.s7a.strata.geometry.IntRect#type:17:java.lang.Object:
api	Api	dev.s7a.strata.geometry.IntSize#constructor:1:(II)V
api	Api	dev.s7a.strata.geometry.IntSize#field:25:Companion:Ldev/s7a/strata/geometry/IntSize$Companion;
api	Api	dev.s7a.strata.geometry.IntSize#method:17:component1:()I
api	Api	dev.s7a.strata.geometry.IntSize#method:17:component2:()I
api	Api	dev.s7a.strata.geometry.IntSize#method:17:copy:(II)Ldev/s7a/strata/geometry/IntSize;
api	Api	dev.s7a.strata.geometry.IntSize#method:17:getHeight:()I
api	Api	dev.s7a.strata.geometry.IntSize#method:17:getWidth:()I
api	Api	dev.s7a.strata.geometry.IntSize#method:1:equals:(Ljava/lang/Object;)Z
api	Api	dev.s7a.strata.geometry.IntSize#method:1:hashCode:()I
api	Api	dev.s7a.strata.geometry.IntSize#method:1:toString:()Ljava/lang/String;
api	Api	dev.s7a.strata.geometry.IntSize#type:17:java.lang.Object:
api	Api	dev.s7a.strata.geometry.IntSize$Companion#method:17:getZero:()Ldev/s7a/strata/geometry/IntSize;
api	Api	dev.s7a.strata.geometry.IntSize$Companion#type:25:java.lang.Object:
api	Api	dev.s7a.strata.geometry.LongRect#constructor:1:(JJJJ)V
api	Api	dev.s7a.strata.geometry.LongRect#field:25:Companion:Ldev/s7a/strata/geometry/LongRect$Companion;
api	Api	dev.s7a.strata.geometry.LongRect#method:17:component1:()J
api	Api	dev.s7a.strata.geometry.LongRect#method:17:component2:()J
api	Api	dev.s7a.strata.geometry.LongRect#method:17:component3:()J
api	Api	dev.s7a.strata.geometry.LongRect#method:17:component4:()J
api	Api	dev.s7a.strata.geometry.LongRect#method:17:contains:(Ldev/s7a/strata/geometry/DoubleOffset;)Z
api	Api	dev.s7a.strata.geometry.LongRect#method:17:copy:(JJJJ)Ldev/s7a/strata/geometry/LongRect;
api	Api	dev.s7a.strata.geometry.LongRect#method:17:getBottom:()J
api	Api	dev.s7a.strata.geometry.LongRect#method:17:getHeight:()J
api	Api	dev.s7a.strata.geometry.LongRect#method:17:getLeft:()J
api	Api	dev.s7a.strata.geometry.LongRect#method:17:getRight:()J
api	Api	dev.s7a.strata.geometry.LongRect#method:17:getTop:()J
api	Api	dev.s7a.strata.geometry.LongRect#method:17:getWidth:()J
api	Api	dev.s7a.strata.geometry.LongRect#method:1:equals:(Ljava/lang/Object;)Z
api	Api	dev.s7a.strata.geometry.LongRect#method:1:hashCode:()I
api	Api	dev.s7a.strata.geometry.LongRect#method:1:toString:()Ljava/lang/String;
api	Api	dev.s7a.strata.geometry.LongRect#type:17:java.lang.Object:
api	Api	dev.s7a.strata.geometry.LongRect$Companion#method:17:getZero:()Ldev/s7a/strata/geometry/LongRect;
api	Api	dev.s7a.strata.geometry.LongRect$Companion#type:25:java.lang.Object:
api	Api	dev.s7a.strata.geometry.LongRectDoubleGeometryKt#method:25:exactDoubleCenterOrNull:(Ldev/s7a/strata/geometry/LongRect;)Ldev/s7a/strata/geometry/DoubleOffset;
api	Api	dev.s7a.strata.geometry.LongRectDoubleGeometryKt#method:25:exactDoubleMidpointOrNull:(JJ)Ljava/lang/Double;
api	Api	dev.s7a.strata.geometry.LongRectDoubleGeometryKt#method:25:hasExactlyRepresentableDoubleEdges:(Ldev/s7a/strata/geometry/LongRect;)Z
api	Api	dev.s7a.strata.geometry.LongRectDoubleGeometryKt#type:17:java.lang.Object:
api	Api	dev.s7a.strata.input.FocusEvent#field:16409:Gained:Ldev/s7a/strata/input/FocusEvent;
api	Api	dev.s7a.strata.input.FocusEvent#field:16409:Lost:Ldev/s7a/strata/input/FocusEvent;
api	Api	dev.s7a.strata.input.FocusEvent#method:9:getEntries:()Lkotlin/enums/EnumEntries;
api	Api	dev.s7a.strata.input.FocusEvent#method:9:valueOf:(Ljava/lang/String;)Ldev/s7a/strata/input/FocusEvent;
api	Api	dev.s7a.strata.input.FocusEvent#method:9:values:()[Ldev/s7a/strata/input/FocusEvent;
api	Api	dev.s7a.strata.input.FocusEvent#type:16401:java.lang.Enum:
api	Api	dev.s7a.strata.input.InputResult#field:16409:Consumed:Ldev/s7a/strata/input/InputResult;
api	Api	dev.s7a.strata.input.InputResult#field:16409:Ignored:Ldev/s7a/strata/input/InputResult;
api	Api	dev.s7a.strata.input.InputResult#method:9:getEntries:()Lkotlin/enums/EnumEntries;
api	Api	dev.s7a.strata.input.InputResult#method:9:valueOf:(Ljava/lang/String;)Ldev/s7a/strata/input/InputResult;
api	Api	dev.s7a.strata.input.InputResult#method:9:values:()[Ldev/s7a/strata/input/InputResult;
api	Api	dev.s7a.strata.input.InputResult#type:16401:java.lang.Enum:
api	Api	dev.s7a.strata.input.KeyCode#constructor:1:(I)V
api	Api	dev.s7a.strata.input.KeyCode#field:25:Companion:Ldev/s7a/strata/input/KeyCode$Companion;
api	Api	dev.s7a.strata.input.KeyCode#method:17:component1:()I
api	Api	dev.s7a.strata.input.KeyCode#method:17:copy:(I)Ldev/s7a/strata/input/KeyCode;
api	Api	dev.s7a.strata.input.KeyCode#method:17:getValue:()I
api	Api	dev.s7a.strata.input.KeyCode#method:1:equals:(Ljava/lang/Object;)Z
api	Api	dev.s7a.strata.input.KeyCode#method:1:hashCode:()I
api	Api	dev.s7a.strata.input.KeyCode#method:1:toString:()Ljava/lang/String;
api	Api	dev.s7a.strata.input.KeyCode#type:17:java.lang.Object:
api	Api	dev.s7a.strata.input.KeyCode$Companion#method:17:getBackspace:()Ldev/s7a/strata/input/KeyCode;
api	Api	dev.s7a.strata.input.KeyCode$Companion#method:17:getDelete:()Ldev/s7a/strata/input/KeyCode;
api	Api	dev.s7a.strata.input.KeyCode$Companion#method:17:getDown:()Ldev/s7a/strata/input/KeyCode;
api	Api	dev.s7a.strata.input.KeyCode$Companion#method:17:getEnd:()Ldev/s7a/strata/input/KeyCode;
api	Api	dev.s7a.strata.input.KeyCode$Companion#method:17:getEnter:()Ldev/s7a/strata/input/KeyCode;
api	Api	dev.s7a.strata.input.KeyCode$Companion#method:17:getEscape:()Ldev/s7a/strata/input/KeyCode;
api	Api	dev.s7a.strata.input.KeyCode$Companion#method:17:getHome:()Ldev/s7a/strata/input/KeyCode;
api	Api	dev.s7a.strata.input.KeyCode$Companion#method:17:getInsert:()Ldev/s7a/strata/input/KeyCode;
api	Api	dev.s7a.strata.input.KeyCode$Companion#method:17:getLeft:()Ldev/s7a/strata/input/KeyCode;
api	Api	dev.s7a.strata.input.KeyCode$Companion#method:17:getPageDown:()Ldev/s7a/strata/input/KeyCode;
api	Api	dev.s7a.strata.input.KeyCode$Companion#method:17:getPageUp:()Ldev/s7a/strata/input/KeyCode;
api	Api	dev.s7a.strata.input.KeyCode$Companion#method:17:getRight:()Ldev/s7a/strata/input/KeyCode;
api	Api	dev.s7a.strata.input.KeyCode$Companion#method:17:getSpace:()Ldev/s7a/strata/input/KeyCode;
api	Api	dev.s7a.strata.input.KeyCode$Companion#method:17:getTab:()Ldev/s7a/strata/input/KeyCode;
api	Api	dev.s7a.strata.input.KeyCode$Companion#method:17:getUnknown:()Ldev/s7a/strata/input/KeyCode;
api	Api	dev.s7a.strata.input.KeyCode$Companion#method:17:getUp:()Ldev/s7a/strata/input/KeyCode;
api	Api	dev.s7a.strata.input.KeyCode$Companion#type:25:java.lang.Object:
api	Api	dev.s7a.strata.input.KeyboardEvent#method:1025:getKey:()Ldev/s7a/strata/input/KeyCode;
api	Api	dev.s7a.strata.input.KeyboardEvent#method:1025:getModifiers:()Ldev/s7a/strata/input/KeyboardModifiers;
api	Api	dev.s7a.strata.input.KeyboardEvent#method:1025:getScanCode:()I
api	Api	dev.s7a.strata.input.KeyboardEvent#type:1537::
api	Api	dev.s7a.strata.input.KeyboardEvent$Press#constructor:1:(Ldev/s7a/strata/input/KeyCode;ILdev/s7a/strata/input/KeyboardModifiers;)V
api	Api	dev.s7a.strata.input.KeyboardEvent$Press#method:17:component1:()Ldev/s7a/strata/input/KeyCode;
api	Api	dev.s7a.strata.input.KeyboardEvent$Press#method:17:component2:()I
api	Api	dev.s7a.strata.input.KeyboardEvent$Press#method:17:component3:()Ldev/s7a/strata/input/KeyboardModifiers;
api	Api	dev.s7a.strata.input.KeyboardEvent$Press#method:17:copy:(Ldev/s7a/strata/input/KeyCode;ILdev/s7a/strata/input/KeyboardModifiers;)Ldev/s7a/strata/input/KeyboardEvent$Press;
api	Api	dev.s7a.strata.input.KeyboardEvent$Press#method:1:equals:(Ljava/lang/Object;)Z
api	Api	dev.s7a.strata.input.KeyboardEvent$Press#method:1:getKey:()Ldev/s7a/strata/input/KeyCode;
api	Api	dev.s7a.strata.input.KeyboardEvent$Press#method:1:getModifiers:()Ldev/s7a/strata/input/KeyboardModifiers;
api	Api	dev.s7a.strata.input.KeyboardEvent$Press#method:1:getScanCode:()I
api	Api	dev.s7a.strata.input.KeyboardEvent$Press#method:1:hashCode:()I
api	Api	dev.s7a.strata.input.KeyboardEvent$Press#method:1:toString:()Ljava/lang/String;
api	Api	dev.s7a.strata.input.KeyboardEvent$Press#type:25:java.lang.Object:dev.s7a.strata.input.KeyboardEvent
api	Api	dev.s7a.strata.input.KeyboardEvent$Release#constructor:1:(Ldev/s7a/strata/input/KeyCode;ILdev/s7a/strata/input/KeyboardModifiers;)V
api	Api	dev.s7a.strata.input.KeyboardEvent$Release#method:17:component1:()Ldev/s7a/strata/input/KeyCode;
api	Api	dev.s7a.strata.input.KeyboardEvent$Release#method:17:component2:()I
api	Api	dev.s7a.strata.input.KeyboardEvent$Release#method:17:component3:()Ldev/s7a/strata/input/KeyboardModifiers;
api	Api	dev.s7a.strata.input.KeyboardEvent$Release#method:17:copy:(Ldev/s7a/strata/input/KeyCode;ILdev/s7a/strata/input/KeyboardModifiers;)Ldev/s7a/strata/input/KeyboardEvent$Release;
api	Api	dev.s7a.strata.input.KeyboardEvent$Release#method:1:equals:(Ljava/lang/Object;)Z
api	Api	dev.s7a.strata.input.KeyboardEvent$Release#method:1:getKey:()Ldev/s7a/strata/input/KeyCode;
api	Api	dev.s7a.strata.input.KeyboardEvent$Release#method:1:getModifiers:()Ldev/s7a/strata/input/KeyboardModifiers;
api	Api	dev.s7a.strata.input.KeyboardEvent$Release#method:1:getScanCode:()I
api	Api	dev.s7a.strata.input.KeyboardEvent$Release#method:1:hashCode:()I
api	Api	dev.s7a.strata.input.KeyboardEvent$Release#method:1:toString:()Ljava/lang/String;
api	Api	dev.s7a.strata.input.KeyboardEvent$Release#type:25:java.lang.Object:dev.s7a.strata.input.KeyboardEvent
api	Api	dev.s7a.strata.input.KeyboardInputFilter#constructor:1:()V
api	Api	dev.s7a.strata.input.KeyboardInputFilter#constructor:1:(Ljava/util/Set;Ldev/s7a/strata/input/KeyboardModifiers;)V
api	Api	dev.s7a.strata.input.KeyboardInputFilter#method:17:getKeys:()Ljava/util/Set;
api	Api	dev.s7a.strata.input.KeyboardInputFilter#method:17:getModifiers:()Ldev/s7a/strata/input/KeyboardModifiers;
api	Api	dev.s7a.strata.input.KeyboardInputFilter#method:17:matches:(Ldev/s7a/strata/input/KeyboardEvent;)Z
api	Api	dev.s7a.strata.input.KeyboardInputFilter#method:1:equals:(Ljava/lang/Object;)Z
api	Api	dev.s7a.strata.input.KeyboardInputFilter#method:1:hashCode:()I
api	Api	dev.s7a.strata.input.KeyboardInputFilter#type:17:java.lang.Object:
api	Api	dev.s7a.strata.input.KeyboardModifiers#constructor:1:()V
api	Api	dev.s7a.strata.input.KeyboardModifiers#constructor:1:(ZZZZZZ)V
api	Api	dev.s7a.strata.input.KeyboardModifiers#method:17:component1:()Z
api	Api	dev.s7a.strata.input.KeyboardModifiers#method:17:component2:()Z
api	Api	dev.s7a.strata.input.KeyboardModifiers#method:17:component3:()Z
api	Api	dev.s7a.strata.input.KeyboardModifiers#method:17:component4:()Z
api	Api	dev.s7a.strata.input.KeyboardModifiers#method:17:component5:()Z
api	Api	dev.s7a.strata.input.KeyboardModifiers#method:17:component6:()Z
api	Api	dev.s7a.strata.input.KeyboardModifiers#method:17:copy:(ZZZZZZ)Ldev/s7a/strata/input/KeyboardModifiers;
api	Api	dev.s7a.strata.input.KeyboardModifiers#method:17:getAlt:()Z
api	Api	dev.s7a.strata.input.KeyboardModifiers#method:17:getCapsLock:()Z
api	Api	dev.s7a.strata.input.KeyboardModifiers#method:17:getControl:()Z
api	Api	dev.s7a.strata.input.KeyboardModifiers#method:17:getNumLock:()Z
api	Api	dev.s7a.strata.input.KeyboardModifiers#method:17:getShift:()Z
api	Api	dev.s7a.strata.input.KeyboardModifiers#method:17:getSuperKey:()Z
api	Api	dev.s7a.strata.input.KeyboardModifiers#method:1:equals:(Ljava/lang/Object;)Z
api	Api	dev.s7a.strata.input.KeyboardModifiers#method:1:hashCode:()I
api	Api	dev.s7a.strata.input.KeyboardModifiers#method:1:toString:()Ljava/lang/String;
api	Api	dev.s7a.strata.input.KeyboardModifiers#type:17:java.lang.Object:
api	Api	dev.s7a.strata.input.PointerButton#type:1537::
api	Api	dev.s7a.strata.input.PointerButton$Auxiliary#constructor:1:(I)V
api	Api	dev.s7a.strata.input.PointerButton$Auxiliary#method:17:component1:()I
api	Api	dev.s7a.strata.input.PointerButton$Auxiliary#method:17:copy:(I)Ldev/s7a/strata/input/PointerButton$Auxiliary;
api	Api	dev.s7a.strata.input.PointerButton$Auxiliary#method:17:getIndex:()I
api	Api	dev.s7a.strata.input.PointerButton$Auxiliary#method:1:equals:(Ljava/lang/Object;)Z
api	Api	dev.s7a.strata.input.PointerButton$Auxiliary#method:1:hashCode:()I
api	Api	dev.s7a.strata.input.PointerButton$Auxiliary#method:1:toString:()Ljava/lang/String;
api	Api	dev.s7a.strata.input.PointerButton$Auxiliary#type:25:java.lang.Object:dev.s7a.strata.input.PointerButton
api	Api	dev.s7a.strata.input.PointerButton$Middle#field:25:INSTANCE:Ldev/s7a/strata/input/PointerButton$Middle;
api	Api	dev.s7a.strata.input.PointerButton$Middle#method:1:equals:(Ljava/lang/Object;)Z
api	Api	dev.s7a.strata.input.PointerButton$Middle#method:1:hashCode:()I
api	Api	dev.s7a.strata.input.PointerButton$Middle#method:1:toString:()Ljava/lang/String;
api	Api	dev.s7a.strata.input.PointerButton$Middle#type:25:java.lang.Object:dev.s7a.strata.input.PointerButton
api	Api	dev.s7a.strata.input.PointerButton$Primary#field:25:INSTANCE:Ldev/s7a/strata/input/PointerButton$Primary;
api	Api	dev.s7a.strata.input.PointerButton$Primary#method:1:equals:(Ljava/lang/Object;)Z
api	Api	dev.s7a.strata.input.PointerButton$Primary#method:1:hashCode:()I
api	Api	dev.s7a.strata.input.PointerButton$Primary#method:1:toString:()Ljava/lang/String;
api	Api	dev.s7a.strata.input.PointerButton$Primary#type:25:java.lang.Object:dev.s7a.strata.input.PointerButton
api	Api	dev.s7a.strata.input.PointerButton$Secondary#field:25:INSTANCE:Ldev/s7a/strata/input/PointerButton$Secondary;
api	Api	dev.s7a.strata.input.PointerButton$Secondary#method:1:equals:(Ljava/lang/Object;)Z
api	Api	dev.s7a.strata.input.PointerButton$Secondary#method:1:hashCode:()I
api	Api	dev.s7a.strata.input.PointerButton$Secondary#method:1:toString:()Ljava/lang/String;
api	Api	dev.s7a.strata.input.PointerButton$Secondary#type:25:java.lang.Object:dev.s7a.strata.input.PointerButton
api	Api	dev.s7a.strata.input.PointerEvent#method:1025:getPosition:()Ldev/s7a/strata/geometry/IntOffset;
api	Api	dev.s7a.strata.input.PointerEvent#type:1537::
api	Api	dev.s7a.strata.input.PointerEvent$Drag#constructor:1:(Ldev/s7a/strata/geometry/IntOffset;Ldev/s7a/strata/input/PointerButton;DD)V
api	Api	dev.s7a.strata.input.PointerEvent$Drag#method:17:component1:()Ldev/s7a/strata/geometry/IntOffset;
api	Api	dev.s7a.strata.input.PointerEvent$Drag#method:17:component2:()Ldev/s7a/strata/input/PointerButton;
api	Api	dev.s7a.strata.input.PointerEvent$Drag#method:17:component3:()D
api	Api	dev.s7a.strata.input.PointerEvent$Drag#method:17:component4:()D
api	Api	dev.s7a.strata.input.PointerEvent$Drag#method:17:copy:(Ldev/s7a/strata/geometry/IntOffset;Ldev/s7a/strata/input/PointerButton;DD)Ldev/s7a/strata/input/PointerEvent$Drag;
api	Api	dev.s7a.strata.input.PointerEvent$Drag#method:17:getButton:()Ldev/s7a/strata/input/PointerButton;
api	Api	dev.s7a.strata.input.PointerEvent$Drag#method:17:getDeltaX:()D
api	Api	dev.s7a.strata.input.PointerEvent$Drag#method:17:getDeltaY:()D
api	Api	dev.s7a.strata.input.PointerEvent$Drag#method:1:equals:(Ljava/lang/Object;)Z
api	Api	dev.s7a.strata.input.PointerEvent$Drag#method:1:getPosition:()Ldev/s7a/strata/geometry/IntOffset;
api	Api	dev.s7a.strata.input.PointerEvent$Drag#method:1:hashCode:()I
api	Api	dev.s7a.strata.input.PointerEvent$Drag#method:1:toString:()Ljava/lang/String;
api	Api	dev.s7a.strata.input.PointerEvent$Drag#type:25:java.lang.Object:dev.s7a.strata.input.PointerEvent
api	Api	dev.s7a.strata.input.PointerEvent$Move#constructor:1:(Ldev/s7a/strata/geometry/IntOffset;)V
api	Api	dev.s7a.strata.input.PointerEvent$Move#method:17:component1:()Ldev/s7a/strata/geometry/IntOffset;
api	Api	dev.s7a.strata.input.PointerEvent$Move#method:17:copy:(Ldev/s7a/strata/geometry/IntOffset;)Ldev/s7a/strata/input/PointerEvent$Move;
api	Api	dev.s7a.strata.input.PointerEvent$Move#method:1:equals:(Ljava/lang/Object;)Z
api	Api	dev.s7a.strata.input.PointerEvent$Move#method:1:getPosition:()Ldev/s7a/strata/geometry/IntOffset;
api	Api	dev.s7a.strata.input.PointerEvent$Move#method:1:hashCode:()I
api	Api	dev.s7a.strata.input.PointerEvent$Move#method:1:toString:()Ljava/lang/String;
api	Api	dev.s7a.strata.input.PointerEvent$Move#type:25:java.lang.Object:dev.s7a.strata.input.PointerEvent
api	Api	dev.s7a.strata.input.PointerEvent$Press#constructor:1:(Ldev/s7a/strata/geometry/IntOffset;Ldev/s7a/strata/input/PointerButton;)V
api	Api	dev.s7a.strata.input.PointerEvent$Press#method:17:component1:()Ldev/s7a/strata/geometry/IntOffset;
api	Api	dev.s7a.strata.input.PointerEvent$Press#method:17:component2:()Ldev/s7a/strata/input/PointerButton;
api	Api	dev.s7a.strata.input.PointerEvent$Press#method:17:copy:(Ldev/s7a/strata/geometry/IntOffset;Ldev/s7a/strata/input/PointerButton;)Ldev/s7a/strata/input/PointerEvent$Press;
api	Api	dev.s7a.strata.input.PointerEvent$Press#method:17:getButton:()Ldev/s7a/strata/input/PointerButton;
api	Api	dev.s7a.strata.input.PointerEvent$Press#method:1:equals:(Ljava/lang/Object;)Z
api	Api	dev.s7a.strata.input.PointerEvent$Press#method:1:getPosition:()Ldev/s7a/strata/geometry/IntOffset;
api	Api	dev.s7a.strata.input.PointerEvent$Press#method:1:hashCode:()I
api	Api	dev.s7a.strata.input.PointerEvent$Press#method:1:toString:()Ljava/lang/String;
api	Api	dev.s7a.strata.input.PointerEvent$Press#type:25:java.lang.Object:dev.s7a.strata.input.PointerEvent
api	Api	dev.s7a.strata.input.PointerEvent$Release#constructor:1:(Ldev/s7a/strata/geometry/IntOffset;Ldev/s7a/strata/input/PointerButton;)V
api	Api	dev.s7a.strata.input.PointerEvent$Release#method:17:component1:()Ldev/s7a/strata/geometry/IntOffset;
api	Api	dev.s7a.strata.input.PointerEvent$Release#method:17:component2:()Ldev/s7a/strata/input/PointerButton;
api	Api	dev.s7a.strata.input.PointerEvent$Release#method:17:copy:(Ldev/s7a/strata/geometry/IntOffset;Ldev/s7a/strata/input/PointerButton;)Ldev/s7a/strata/input/PointerEvent$Release;
api	Api	dev.s7a.strata.input.PointerEvent$Release#method:17:getButton:()Ldev/s7a/strata/input/PointerButton;
api	Api	dev.s7a.strata.input.PointerEvent$Release#method:1:equals:(Ljava/lang/Object;)Z
api	Api	dev.s7a.strata.input.PointerEvent$Release#method:1:getPosition:()Ldev/s7a/strata/geometry/IntOffset;
api	Api	dev.s7a.strata.input.PointerEvent$Release#method:1:hashCode:()I
api	Api	dev.s7a.strata.input.PointerEvent$Release#method:1:toString:()Ljava/lang/String;
api	Api	dev.s7a.strata.input.PointerEvent$Release#type:25:java.lang.Object:dev.s7a.strata.input.PointerEvent
api	Api	dev.s7a.strata.input.PointerEvent$Scroll#constructor:1:(Ldev/s7a/strata/geometry/IntOffset;DD)V
api	Api	dev.s7a.strata.input.PointerEvent$Scroll#method:17:component1:()Ldev/s7a/strata/geometry/IntOffset;
api	Api	dev.s7a.strata.input.PointerEvent$Scroll#method:17:component2:()D
api	Api	dev.s7a.strata.input.PointerEvent$Scroll#method:17:component3:()D
api	Api	dev.s7a.strata.input.PointerEvent$Scroll#method:17:copy:(Ldev/s7a/strata/geometry/IntOffset;DD)Ldev/s7a/strata/input/PointerEvent$Scroll;
api	Api	dev.s7a.strata.input.PointerEvent$Scroll#method:17:getDeltaX:()D
api	Api	dev.s7a.strata.input.PointerEvent$Scroll#method:17:getDeltaY:()D
api	Api	dev.s7a.strata.input.PointerEvent$Scroll#method:1:equals:(Ljava/lang/Object;)Z
api	Api	dev.s7a.strata.input.PointerEvent$Scroll#method:1:getPosition:()Ldev/s7a/strata/geometry/IntOffset;
api	Api	dev.s7a.strata.input.PointerEvent$Scroll#method:1:hashCode:()I
api	Api	dev.s7a.strata.input.PointerEvent$Scroll#method:1:toString:()Ljava/lang/String;
api	Api	dev.s7a.strata.input.PointerEvent$Scroll#type:25:java.lang.Object:dev.s7a.strata.input.PointerEvent
api	Api	dev.s7a.strata.input.PointerHoverEvent#field:16409:Enter:Ldev/s7a/strata/input/PointerHoverEvent;
api	Api	dev.s7a.strata.input.PointerHoverEvent#field:16409:Exit:Ldev/s7a/strata/input/PointerHoverEvent;
api	Api	dev.s7a.strata.input.PointerHoverEvent#method:9:getEntries:()Lkotlin/enums/EnumEntries;
api	Api	dev.s7a.strata.input.PointerHoverEvent#method:9:valueOf:(Ljava/lang/String;)Ldev/s7a/strata/input/PointerHoverEvent;
api	Api	dev.s7a.strata.input.PointerHoverEvent#method:9:values:()[Ldev/s7a/strata/input/PointerHoverEvent;
api	Api	dev.s7a.strata.input.PointerHoverEvent#type:16401:java.lang.Enum:
api	Api	dev.s7a.strata.input.TextInputEvent#type:1537::
api	Api	dev.s7a.strata.input.TextInputEvent$Character#constructor:1:(I)V
api	Api	dev.s7a.strata.input.TextInputEvent$Character#method:17:asString:()Ljava/lang/String;
api	Api	dev.s7a.strata.input.TextInputEvent$Character#method:17:component1:()I
api	Api	dev.s7a.strata.input.TextInputEvent$Character#method:17:copy:(I)Ldev/s7a/strata/input/TextInputEvent$Character;
api	Api	dev.s7a.strata.input.TextInputEvent$Character#method:17:getCodePoint:()I
api	Api	dev.s7a.strata.input.TextInputEvent$Character#method:1:equals:(Ljava/lang/Object;)Z
api	Api	dev.s7a.strata.input.TextInputEvent$Character#method:1:hashCode:()I
api	Api	dev.s7a.strata.input.TextInputEvent$Character#method:1:toString:()Ljava/lang/String;
api	Api	dev.s7a.strata.input.TextInputEvent$Character#type:25:java.lang.Object:dev.s7a.strata.input.TextInputEvent
api	Api	dev.s7a.strata.input.TextInputEvent$Preedit#constructor:1:(Ljava/lang/String;ILjava/util/List;I)V
api	Api	dev.s7a.strata.input.TextInputEvent$Preedit#method:17:getBlocks:()Ljava/util/List;
api	Api	dev.s7a.strata.input.TextInputEvent$Preedit#method:17:getCaretPosition:()I
api	Api	dev.s7a.strata.input.TextInputEvent$Preedit#method:17:getFocusedBlock:()I
api	Api	dev.s7a.strata.input.TextInputEvent$Preedit#method:17:getFullText:()Ljava/lang/String;
api	Api	dev.s7a.strata.input.TextInputEvent$Preedit#method:1:equals:(Ljava/lang/Object;)Z
api	Api	dev.s7a.strata.input.TextInputEvent$Preedit#method:1:hashCode:()I
api	Api	dev.s7a.strata.input.TextInputEvent$Preedit#method:1:toString:()Ljava/lang/String;
api	Api	dev.s7a.strata.input.TextInputEvent$Preedit#type:25:java.lang.Object:dev.s7a.strata.input.TextInputEvent
api	Api	dev.s7a.strata.internal.IntegerConversionsKt#method:25:toIntExact:(J)I
api	Api	dev.s7a.strata.internal.IntegerConversionsKt#type:17:java.lang.Object:
api	Api	dev.s7a.strata.internal.platform.EvaluationContext#constructor:1:()V
api	Api	dev.s7a.strata.internal.platform.EvaluationContext#method:17:getCurrent:()Ljava/lang/Object;
api	Api	dev.s7a.strata.internal.platform.EvaluationContext#method:17:setCurrent:(Ljava/lang/Object;)V
api	Api	dev.s7a.strata.internal.platform.EvaluationContext#type:17:java.lang.Object:
api	Api	dev.s7a.strata.internal.platform.EvaluationContextKt#method:25:withValue:(Ldev/s7a/strata/internal/platform/EvaluationContext;Ljava/lang/Object;Lkotlin/jvm/functions/Function0;)Ljava/lang/Object;
api	Api	dev.s7a.strata.internal.platform.EvaluationContextKt#type:17:java.lang.Object:
api	Api	dev.s7a.strata.internal.platform.OwnershipKt#method:25:currentOwner:()Ljava/lang/Object;
api	Api	dev.s7a.strata.internal.platform.OwnershipKt#type:17:java.lang.Object:
api	Api	dev.s7a.strata.internal.platform.PlatformTypesKt#method:25:diagnosticName:(Lkotlin/reflect/KClass;)Ljava/lang/String;
api	Api	dev.s7a.strata.internal.platform.PlatformTypesKt#type:17:java.lang.Object:
api	Api	dev.s7a.strata.internal.platform.PlatformUnicodeKt#method:25:appendScalar:(Ljava/lang/StringBuilder;I)Ljava/lang/StringBuilder;
api	Api	dev.s7a.strata.internal.platform.PlatformUnicodeKt#method:25:scalarAt:(Ljava/lang/String;I)I
api	Api	dev.s7a.strata.internal.platform.PlatformUnicodeKt#type:17:java.lang.Object:
api	Api	dev.s7a.strata.internal.platform.SynchronizationKt#method:25:synchronized:(Ljava/lang/Object;Lkotlin/jvm/functions/Function0;)Ljava/lang/Object;
api	Api	dev.s7a.strata.internal.platform.SynchronizationKt#type:17:java.lang.Object:
api	Api	dev.s7a.strata.internal.platform.ThreadsKt#method:25:currentThreadOwner:()Ljava/lang/Object;
api	Api	dev.s7a.strata.internal.platform.ThreadsKt#type:17:java.lang.Object:
api	Api	dev.s7a.strata.layout.Alignment#field:16409:BottomCenter:Ldev/s7a/strata/layout/Alignment;
api	Api	dev.s7a.strata.layout.Alignment#field:16409:BottomEnd:Ldev/s7a/strata/layout/Alignment;
api	Api	dev.s7a.strata.layout.Alignment#field:16409:BottomStart:Ldev/s7a/strata/layout/Alignment;
api	Api	dev.s7a.strata.layout.Alignment#field:16409:Center:Ldev/s7a/strata/layout/Alignment;
api	Api	dev.s7a.strata.layout.Alignment#field:16409:CenterEnd:Ldev/s7a/strata/layout/Alignment;
api	Api	dev.s7a.strata.layout.Alignment#field:16409:CenterStart:Ldev/s7a/strata/layout/Alignment;
api	Api	dev.s7a.strata.layout.Alignment#field:16409:TopCenter:Ldev/s7a/strata/layout/Alignment;
api	Api	dev.s7a.strata.layout.Alignment#field:16409:TopEnd:Ldev/s7a/strata/layout/Alignment;
api	Api	dev.s7a.strata.layout.Alignment#field:16409:TopStart:Ldev/s7a/strata/layout/Alignment;
api	Api	dev.s7a.strata.layout.Alignment#method:17:getHorizontalAlignment:()Ldev/s7a/strata/layout/HorizontalAlignment;
api	Api	dev.s7a.strata.layout.Alignment#method:17:getVerticalAlignment:()Ldev/s7a/strata/layout/VerticalAlignment;
api	Api	dev.s7a.strata.layout.Alignment#method:9:getEntries:()Lkotlin/enums/EnumEntries;
api	Api	dev.s7a.strata.layout.Alignment#method:9:valueOf:(Ljava/lang/String;)Ldev/s7a/strata/layout/Alignment;
api	Api	dev.s7a.strata.layout.Alignment#method:9:values:()[Ldev/s7a/strata/layout/Alignment;
api	Api	dev.s7a.strata.layout.Alignment#type:16401:java.lang.Enum:
api	Api	dev.s7a.strata.layout.Arrangement#field:16409:Center:Ldev/s7a/strata/layout/Arrangement;
api	Api	dev.s7a.strata.layout.Arrangement#field:16409:End:Ldev/s7a/strata/layout/Arrangement;
api	Api	dev.s7a.strata.layout.Arrangement#field:16409:SpaceAround:Ldev/s7a/strata/layout/Arrangement;
api	Api	dev.s7a.strata.layout.Arrangement#field:16409:SpaceBetween:Ldev/s7a/strata/layout/Arrangement;
api	Api	dev.s7a.strata.layout.Arrangement#field:16409:SpaceEvenly:Ldev/s7a/strata/layout/Arrangement;
api	Api	dev.s7a.strata.layout.Arrangement#field:16409:Start:Ldev/s7a/strata/layout/Arrangement;
api	Api	dev.s7a.strata.layout.Arrangement#method:9:getEntries:()Lkotlin/enums/EnumEntries;
api	Api	dev.s7a.strata.layout.Arrangement#method:9:valueOf:(Ljava/lang/String;)Ldev/s7a/strata/layout/Arrangement;
api	Api	dev.s7a.strata.layout.Arrangement#method:9:values:()[Ldev/s7a/strata/layout/Arrangement;
api	Api	dev.s7a.strata.layout.Arrangement#type:16401:java.lang.Enum:
api	Api	dev.s7a.strata.layout.ArrangementOffsetsKt#method:25:offset:(Ldev/s7a/strata/layout/Arrangement;III)J
api	Api	dev.s7a.strata.layout.ArrangementOffsetsKt#type:17:java.lang.Object:
api	Api	dev.s7a.strata.layout.ArrangementOffsetsKt$WhenMappings#type:4121:java.lang.Object:
api	Api	dev.s7a.strata.layout.ColumnAlignmentParentData#field:25:INSTANCE:Ldev/s7a/strata/layout/ColumnAlignmentParentData;
api	Api	dev.s7a.strata.layout.ColumnAlignmentParentData#method:17:decode:(Ldev/s7a/strata/projection/ProjectionValue;)Ldev/s7a/strata/modifier/ModifierElement;
api	Api	dev.s7a.strata.layout.ColumnAlignmentParentData#method:17:getKEY$dev_s7a_strata_api:()Ldev/s7a/strata/layout/ParentDataKey;
api	Api	dev.s7a.strata.layout.ColumnAlignmentParentData#method:17:getTYPE$dev_s7a_strata_api:()Ldev/s7a/strata/modifier/ModifierNodeType;
api	Api	dev.s7a.strata.layout.ColumnAlignmentParentData#type:17:java.lang.Object:
api	Api	dev.s7a.strata.layout.ColumnAlignmentParentData$Data#constructor:1:(Ldev/s7a/strata/layout/HorizontalAlignment;)V
api	Api	dev.s7a.strata.layout.ColumnAlignmentParentData$Data#method:17:component1:()Ldev/s7a/strata/layout/HorizontalAlignment;
api	Api	dev.s7a.strata.layout.ColumnAlignmentParentData$Data#method:17:copy:(Ldev/s7a/strata/layout/HorizontalAlignment;)Ldev/s7a/strata/layout/ColumnAlignmentParentData$Data;
api	Api	dev.s7a.strata.layout.ColumnAlignmentParentData$Data#method:17:getAlignment:()Ldev/s7a/strata/layout/HorizontalAlignment;
api	Api	dev.s7a.strata.layout.ColumnAlignmentParentData$Data#method:1:equals:(Ljava/lang/Object;)Z
api	Api	dev.s7a.strata.layout.ColumnAlignmentParentData$Data#method:1:hashCode:()I
api	Api	dev.s7a.strata.layout.ColumnAlignmentParentData$Data#method:1:toString:()Ljava/lang/String;
api	Api	dev.s7a.strata.layout.ColumnAlignmentParentData$Data#type:25:java.lang.Object:
api	Api	dev.s7a.strata.layout.ColumnAlignmentParentData$Element#constructor:1:(Ldev/s7a/strata/layout/ColumnAlignmentParentData$Data;)V
api	Api	dev.s7a.strata.layout.ColumnAlignmentParentData$Element#method:17:component1:()Ldev/s7a/strata/layout/ColumnAlignmentParentData$Data;
api	Api	dev.s7a.strata.layout.ColumnAlignmentParentData$Element#method:17:copy:(Ldev/s7a/strata/layout/ColumnAlignmentParentData$Data;)Ldev/s7a/strata/layout/ColumnAlignmentParentData$Element;
api	Api	dev.s7a.strata.layout.ColumnAlignmentParentData$Element#method:17:getData:()Ldev/s7a/strata/layout/ColumnAlignmentParentData$Data;
api	Api	dev.s7a.strata.layout.ColumnAlignmentParentData$Element#method:1:equals:(Ljava/lang/Object;)Z
api	Api	dev.s7a.strata.layout.ColumnAlignmentParentData$Element#method:1:getProjection:()Ldev/s7a/strata/projection/DeclarationProjection;
api	Api	dev.s7a.strata.layout.ColumnAlignmentParentData$Element#method:1:getType:()Ldev/s7a/strata/modifier/ModifierNodeType;
api	Api	dev.s7a.strata.layout.ColumnAlignmentParentData$Element#method:1:hashCode:()I
api	Api	dev.s7a.strata.layout.ColumnAlignmentParentData$Element#method:1:toString:()Ljava/lang/String;
api	Api	dev.s7a.strata.layout.ColumnAlignmentParentData$Element#type:25:java.lang.Object:dev.s7a.strata.modifier.ModifierElement
api	Api	dev.s7a.strata.layout.ColumnAlignmentParentData$Node#constructor:1:(Ldev/s7a/strata/layout/ColumnAlignmentParentData$Data;)V
api	Api	dev.s7a.strata.layout.ColumnAlignmentParentData$Node#method:17:update-FtRg8Cc$dev_s7a_strata_api:(Ldev/s7a/strata/layout/ColumnAlignmentParentData$Data;)I
api	Api	dev.s7a.strata.layout.ColumnAlignmentParentData$Node#method:1:getParentDataKey:()Ldev/s7a/strata/layout/ParentDataKey;
api	Api	dev.s7a.strata.layout.ColumnAlignmentParentData$Node#method:1:parentData:()Ldev/s7a/strata/layout/ColumnAlignmentParentData$Data;
api	Api	dev.s7a.strata.layout.ColumnAlignmentParentData$Node#type:25:dev.s7a.strata.node.ModifierNode:dev.s7a.strata.node.ParentDataModifierNode
api	Api	dev.s7a.strata.layout.FlowRowAlignmentParentData#field:25:INSTANCE:Ldev/s7a/strata/layout/FlowRowAlignmentParentData;
api	Api	dev.s7a.strata.layout.FlowRowAlignmentParentData#method:17:getKEY$dev_s7a_strata_api:()Ldev/s7a/strata/layout/ParentDataKey;
api	Api	dev.s7a.strata.layout.FlowRowAlignmentParentData#method:17:getTYPE$dev_s7a_strata_api:()Ldev/s7a/strata/modifier/ModifierNodeType;
api	Api	dev.s7a.strata.layout.FlowRowAlignmentParentData#type:17:java.lang.Object:
api	Api	dev.s7a.strata.layout.FlowRowAlignmentParentData$Data#constructor:1:(Ldev/s7a/strata/layout/VerticalAlignment;)V
api	Api	dev.s7a.strata.layout.FlowRowAlignmentParentData$Data#method:17:component1:()Ldev/s7a/strata/layout/VerticalAlignment;
api	Api	dev.s7a.strata.layout.FlowRowAlignmentParentData$Data#method:17:copy:(Ldev/s7a/strata/layout/VerticalAlignment;)Ldev/s7a/strata/layout/FlowRowAlignmentParentData$Data;
api	Api	dev.s7a.strata.layout.FlowRowAlignmentParentData$Data#method:17:getAlignment:()Ldev/s7a/strata/layout/VerticalAlignment;
api	Api	dev.s7a.strata.layout.FlowRowAlignmentParentData$Data#method:1:equals:(Ljava/lang/Object;)Z
api	Api	dev.s7a.strata.layout.FlowRowAlignmentParentData$Data#method:1:hashCode:()I
api	Api	dev.s7a.strata.layout.FlowRowAlignmentParentData$Data#method:1:toString:()Ljava/lang/String;
api	Api	dev.s7a.strata.layout.FlowRowAlignmentParentData$Data#type:25:java.lang.Object:
api	Api	dev.s7a.strata.layout.FlowRowAlignmentParentData$Element#constructor:1:(Ldev/s7a/strata/layout/FlowRowAlignmentParentData$Data;)V
api	Api	dev.s7a.strata.layout.FlowRowAlignmentParentData$Element#method:17:component1:()Ldev/s7a/strata/layout/FlowRowAlignmentParentData$Data;
api	Api	dev.s7a.strata.layout.FlowRowAlignmentParentData$Element#method:17:copy:(Ldev/s7a/strata/layout/FlowRowAlignmentParentData$Data;)Ldev/s7a/strata/layout/FlowRowAlignmentParentData$Element;
api	Api	dev.s7a.strata.layout.FlowRowAlignmentParentData$Element#method:17:getData:()Ldev/s7a/strata/layout/FlowRowAlignmentParentData$Data;
api	Api	dev.s7a.strata.layout.FlowRowAlignmentParentData$Element#method:1:equals:(Ljava/lang/Object;)Z
api	Api	dev.s7a.strata.layout.FlowRowAlignmentParentData$Element#method:1:getType:()Ldev/s7a/strata/modifier/ModifierNodeType;
api	Api	dev.s7a.strata.layout.FlowRowAlignmentParentData$Element#method:1:hashCode:()I
api	Api	dev.s7a.strata.layout.FlowRowAlignmentParentData$Element#method:1:toString:()Ljava/lang/String;
api	Api	dev.s7a.strata.layout.FlowRowAlignmentParentData$Element#method:65:getProjection:()Ldev/s7a/strata/projection/DeclarationProjection;
api	Api	dev.s7a.strata.layout.FlowRowAlignmentParentData$Element#type:25:java.lang.Object:dev.s7a.strata.modifier.ModifierElement
api	Api	dev.s7a.strata.layout.FlowRowAlignmentParentData$Node#constructor:1:(Ldev/s7a/strata/layout/FlowRowAlignmentParentData$Data;)V
api	Api	dev.s7a.strata.layout.FlowRowAlignmentParentData$Node#method:17:update-FtRg8Cc$dev_s7a_strata_api:(Ldev/s7a/strata/layout/FlowRowAlignmentParentData$Data;)I
api	Api	dev.s7a.strata.layout.FlowRowAlignmentParentData$Node#method:1:getParentDataKey:()Ldev/s7a/strata/layout/ParentDataKey;
api	Api	dev.s7a.strata.layout.FlowRowAlignmentParentData$Node#method:1:parentData:()Ldev/s7a/strata/layout/FlowRowAlignmentParentData$Data;
api	Api	dev.s7a.strata.layout.FlowRowAlignmentParentData$Node#type:25:dev.s7a.strata.node.ModifierNode:dev.s7a.strata.node.ParentDataModifierNode
api	Api	dev.s7a.strata.layout.FlowRowElement#constructor:1:(IILdev/s7a/strata/layout/Arrangement;Ldev/s7a/strata/layout/VerticalAlignment;Ldev/s7a/strata/element/ElementKey;Ljava/util/List;Ldev/s7a/strata/modifier/Modifier;)V
api	Api	dev.s7a.strata.layout.FlowRowElement#field:25:Companion:Ldev/s7a/strata/layout/FlowRowElement$Companion;
api	Api	dev.s7a.strata.layout.FlowRowElement#method:17:getHorizontalArrangement:()Ldev/s7a/strata/layout/Arrangement;
api	Api	dev.s7a.strata.layout.FlowRowElement#method:17:getHorizontalSpacing:()I
api	Api	dev.s7a.strata.layout.FlowRowElement#method:17:getVerticalAlignment:()Ldev/s7a/strata/layout/VerticalAlignment;
api	Api	dev.s7a.strata.layout.FlowRowElement#method:17:getVerticalSpacing:()I
api	Api	dev.s7a.strata.layout.FlowRowElement#method:1:getProjection:()Ldev/s7a/strata/projection/DeclarationProjection;
api	Api	dev.s7a.strata.layout.FlowRowElement#type:17:dev.s7a.strata.element.Element:
api	Api	dev.s7a.strata.layout.FlowRowElement$Companion#method:17:getTYPE$dev_s7a_strata_api:()Ldev/s7a/strata/element/ElementType;
api	Api	dev.s7a.strata.layout.FlowRowElement$Companion#type:25:java.lang.Object:
api	Api	dev.s7a.strata.layout.FlowRowElement$Node#constructor:1:(IILdev/s7a/strata/layout/Arrangement;Ldev/s7a/strata/layout/VerticalAlignment;)V
api	Api	dev.s7a.strata.layout.FlowRowElement$Node#method:17:update-2Z4kens$dev_s7a_strata_api:(Ldev/s7a/strata/layout/FlowRowElement;Ldev/s7a/strata/layout/FlowRowElement;)I
api	Api	dev.s7a.strata.layout.FlowRowElement$Node#method:1:layout:(Ldev/s7a/strata/layout/LayoutScope;)V
api	Api	dev.s7a.strata.layout.FlowRowElement$Node#method:1:measure:(Ldev/s7a/strata/layout/MeasureScope;Ldev/s7a/strata/geometry/Constraints;)Ldev/s7a/strata/geometry/IntSize;
api	Api	dev.s7a.strata.layout.FlowRowElement$Node#type:25:dev.s7a.strata.node.Node:dev.s7a.strata.node.LayoutNode,dev.s7a.strata.node.MeasureNode
api	Api	dev.s7a.strata.layout.FlowRowElement$Node$WhenMappings#type:4121:java.lang.Object:
api	Api	dev.s7a.strata.layout.GridAlignmentParentData#field:25:INSTANCE:Ldev/s7a/strata/layout/GridAlignmentParentData;
api	Api	dev.s7a.strata.layout.GridAlignmentParentData#method:17:getKEY$dev_s7a_strata_api:()Ldev/s7a/strata/layout/ParentDataKey;
api	Api	dev.s7a.strata.layout.GridAlignmentParentData#method:17:getTYPE$dev_s7a_strata_api:()Ldev/s7a/strata/modifier/ModifierNodeType;
api	Api	dev.s7a.strata.layout.GridAlignmentParentData#type:17:java.lang.Object:
api	Api	dev.s7a.strata.layout.GridAlignmentParentData$Data#constructor:1:(Ldev/s7a/strata/layout/Alignment;)V
api	Api	dev.s7a.strata.layout.GridAlignmentParentData$Data#method:17:component1:()Ldev/s7a/strata/layout/Alignment;
api	Api	dev.s7a.strata.layout.GridAlignmentParentData$Data#method:17:copy:(Ldev/s7a/strata/layout/Alignment;)Ldev/s7a/strata/layout/GridAlignmentParentData$Data;
api	Api	dev.s7a.strata.layout.GridAlignmentParentData$Data#method:17:getAlignment:()Ldev/s7a/strata/layout/Alignment;
api	Api	dev.s7a.strata.layout.GridAlignmentParentData$Data#method:1:equals:(Ljava/lang/Object;)Z
api	Api	dev.s7a.strata.layout.GridAlignmentParentData$Data#method:1:hashCode:()I
api	Api	dev.s7a.strata.layout.GridAlignmentParentData$Data#method:1:toString:()Ljava/lang/String;
api	Api	dev.s7a.strata.layout.GridAlignmentParentData$Data#type:25:java.lang.Object:
api	Api	dev.s7a.strata.layout.GridAlignmentParentData$Element#constructor:1:(Ldev/s7a/strata/layout/GridAlignmentParentData$Data;)V
api	Api	dev.s7a.strata.layout.GridAlignmentParentData$Element#method:17:component1:()Ldev/s7a/strata/layout/GridAlignmentParentData$Data;
api	Api	dev.s7a.strata.layout.GridAlignmentParentData$Element#method:17:copy:(Ldev/s7a/strata/layout/GridAlignmentParentData$Data;)Ldev/s7a/strata/layout/GridAlignmentParentData$Element;
api	Api	dev.s7a.strata.layout.GridAlignmentParentData$Element#method:17:getData:()Ldev/s7a/strata/layout/GridAlignmentParentData$Data;
api	Api	dev.s7a.strata.layout.GridAlignmentParentData$Element#method:1:equals:(Ljava/lang/Object;)Z
api	Api	dev.s7a.strata.layout.GridAlignmentParentData$Element#method:1:getType:()Ldev/s7a/strata/modifier/ModifierNodeType;
api	Api	dev.s7a.strata.layout.GridAlignmentParentData$Element#method:1:hashCode:()I
api	Api	dev.s7a.strata.layout.GridAlignmentParentData$Element#method:1:toString:()Ljava/lang/String;
api	Api	dev.s7a.strata.layout.GridAlignmentParentData$Element#method:65:getProjection:()Ldev/s7a/strata/projection/DeclarationProjection;
api	Api	dev.s7a.strata.layout.GridAlignmentParentData$Element#type:25:java.lang.Object:dev.s7a.strata.modifier.ModifierElement
api	Api	dev.s7a.strata.layout.GridAlignmentParentData$Node#constructor:1:(Ldev/s7a/strata/layout/GridAlignmentParentData$Data;)V
api	Api	dev.s7a.strata.layout.GridAlignmentParentData$Node#method:17:update-FtRg8Cc$dev_s7a_strata_api:(Ldev/s7a/strata/layout/GridAlignmentParentData$Data;)I
api	Api	dev.s7a.strata.layout.GridAlignmentParentData$Node#method:1:getParentDataKey:()Ldev/s7a/strata/layout/ParentDataKey;
api	Api	dev.s7a.strata.layout.GridAlignmentParentData$Node#method:1:parentData:()Ldev/s7a/strata/layout/GridAlignmentParentData$Data;
api	Api	dev.s7a.strata.layout.GridAlignmentParentData$Node#type:25:dev.s7a.strata.node.ModifierNode:dev.s7a.strata.node.ParentDataModifierNode
api	Api	dev.s7a.strata.layout.GridElement#constructor:1:(IIILdev/s7a/strata/layout/Alignment;Ldev/s7a/strata/element/ElementKey;Ljava/util/List;Ldev/s7a/strata/modifier/Modifier;)V
api	Api	dev.s7a.strata.layout.GridElement#field:25:Companion:Ldev/s7a/strata/layout/GridElement$Companion;
api	Api	dev.s7a.strata.layout.GridElement#method:17:getColumns:()I
api	Api	dev.s7a.strata.layout.GridElement#method:17:getContentAlignment:()Ldev/s7a/strata/layout/Alignment;
api	Api	dev.s7a.strata.layout.GridElement#method:17:getHorizontalSpacing:()I
api	Api	dev.s7a.strata.layout.GridElement#method:17:getVerticalSpacing:()I
api	Api	dev.s7a.strata.layout.GridElement#method:1:getProjection:()Ldev/s7a/strata/projection/DeclarationProjection;
api	Api	dev.s7a.strata.layout.GridElement#type:17:dev.s7a.strata.element.Element:
api	Api	dev.s7a.strata.layout.GridElement$Companion#method:17:getTYPE$dev_s7a_strata_api:()Ldev/s7a/strata/element/ElementType;
api	Api	dev.s7a.strata.layout.GridElement$Companion#type:25:java.lang.Object:
api	Api	dev.s7a.strata.layout.GridElement$Node#constructor:1:(IIILdev/s7a/strata/layout/Alignment;)V
api	Api	dev.s7a.strata.layout.GridElement$Node#method:17:update-2Z4kens$dev_s7a_strata_api:(Ldev/s7a/strata/layout/GridElement;Ldev/s7a/strata/layout/GridElement;)I
api	Api	dev.s7a.strata.layout.GridElement$Node#method:1:layout:(Ldev/s7a/strata/layout/LayoutScope;)V
api	Api	dev.s7a.strata.layout.GridElement$Node#method:1:measure:(Ldev/s7a/strata/layout/MeasureScope;Ldev/s7a/strata/geometry/Constraints;)Ldev/s7a/strata/geometry/IntSize;
api	Api	dev.s7a.strata.layout.GridElement$Node#type:25:dev.s7a.strata.node.Node:dev.s7a.strata.node.LayoutNode,dev.s7a.strata.node.MeasureNode
api	Api	dev.s7a.strata.layout.GridElement$Node$WhenMappings#type:4121:java.lang.Object:
api	Api	dev.s7a.strata.layout.HorizontalAlignment#field:16409:Center:Ldev/s7a/strata/layout/HorizontalAlignment;
api	Api	dev.s7a.strata.layout.HorizontalAlignment#field:16409:End:Ldev/s7a/strata/layout/HorizontalAlignment;
api	Api	dev.s7a.strata.layout.HorizontalAlignment#field:16409:Start:Ldev/s7a/strata/layout/HorizontalAlignment;
api	Api	dev.s7a.strata.layout.HorizontalAlignment#method:9:getEntries:()Lkotlin/enums/EnumEntries;
api	Api	dev.s7a.strata.layout.HorizontalAlignment#method:9:valueOf:(Ljava/lang/String;)Ldev/s7a/strata/layout/HorizontalAlignment;
api	Api	dev.s7a.strata.layout.HorizontalAlignment#method:9:values:()[Ldev/s7a/strata/layout/HorizontalAlignment;
api	Api	dev.s7a.strata.layout.HorizontalAlignment#type:16401:java.lang.Enum:
api	Api	dev.s7a.strata.layout.LayoutScope#method:1025:getChildCount:()I
api	Api	dev.s7a.strata.layout.LayoutScope#method:1025:getSize:()Ldev/s7a/strata/geometry/IntSize;
api	Api	dev.s7a.strata.layout.LayoutScope#method:1025:measuredChildSize:(I)Ldev/s7a/strata/geometry/IntSize;
api	Api	dev.s7a.strata.layout.LayoutScope#method:1025:placeChild:(ILdev/s7a/strata/geometry/IntOffset;)V
api	Api	dev.s7a.strata.layout.LayoutScope#type:1537::dev.s7a.strata.layout.ParentDataScope
api	Api	dev.s7a.strata.layout.LinearAxis#field:16409:Horizontal:Ldev/s7a/strata/layout/LinearAxis;
api	Api	dev.s7a.strata.layout.LinearAxis#field:16409:Vertical:Ldev/s7a/strata/layout/LinearAxis;
api	Api	dev.s7a.strata.layout.LinearAxis#method:9:getEntries:()Lkotlin/enums/EnumEntries;
api	Api	dev.s7a.strata.layout.LinearAxis#method:9:valueOf:(Ljava/lang/String;)Ldev/s7a/strata/layout/LinearAxis;
api	Api	dev.s7a.strata.layout.LinearAxis#method:9:values:()[Ldev/s7a/strata/layout/LinearAxis;
api	Api	dev.s7a.strata.layout.LinearAxis#type:16401:java.lang.Enum:
api	Api	dev.s7a.strata.layout.LinearElement#constructor:1:(Ldev/s7a/strata/layout/LinearOrientation;ILdev/s7a/strata/layout/Arrangement;Ldev/s7a/strata/element/ElementKey;Ljava/util/List;Ldev/s7a/strata/modifier/Modifier;)V
api	Api	dev.s7a.strata.layout.LinearElement#field:25:Companion:Ldev/s7a/strata/layout/LinearElement$Companion;
api	Api	dev.s7a.strata.layout.LinearElement#method:17:getArrangement:()Ldev/s7a/strata/layout/Arrangement;
api	Api	dev.s7a.strata.layout.LinearElement#method:17:getOrientation:()Ldev/s7a/strata/layout/LinearOrientation;
api	Api	dev.s7a.strata.layout.LinearElement#method:17:getSpacing:()I
api	Api	dev.s7a.strata.layout.LinearElement#method:1:getProjection:()Ldev/s7a/strata/projection/DeclarationProjection;
api	Api	dev.s7a.strata.layout.LinearElement#type:17:dev.s7a.strata.element.Element:
api	Api	dev.s7a.strata.layout.LinearElement$Companion#method:17:getTYPE$dev_s7a_strata_api:()Ldev/s7a/strata/element/ElementType;
api	Api	dev.s7a.strata.layout.LinearElement$Companion#type:25:java.lang.Object:
api	Api	dev.s7a.strata.layout.LinearElement$Node#constructor:1:(Ldev/s7a/strata/layout/LinearOrientation;ILdev/s7a/strata/layout/Arrangement;)V
api	Api	dev.s7a.strata.layout.LinearElement$Node#method:17:update-2Z4kens$dev_s7a_strata_api:(Ldev/s7a/strata/layout/LinearElement;Ldev/s7a/strata/layout/LinearElement;)I
api	Api	dev.s7a.strata.layout.LinearElement$Node#method:1:layout:(Ldev/s7a/strata/layout/LayoutScope;)V
api	Api	dev.s7a.strata.layout.LinearElement$Node#method:1:measure:(Ldev/s7a/strata/layout/MeasureScope;Ldev/s7a/strata/geometry/Constraints;)Ldev/s7a/strata/geometry/IntSize;
api	Api	dev.s7a.strata.layout.LinearElement$Node#type:25:dev.s7a.strata.node.Node:dev.s7a.strata.node.LayoutNode,dev.s7a.strata.node.MeasureNode
api	Api	dev.s7a.strata.layout.LinearElement$Node$WhenMappings#type:4121:java.lang.Object:
api	Api	dev.s7a.strata.layout.LinearOrientation#method:1025:getAxis:()Ldev/s7a/strata/layout/LinearAxis;
api	Api	dev.s7a.strata.layout.LinearOrientation#type:1537::
api	Api	dev.s7a.strata.layout.LinearOrientation$Column#constructor:1:(Ldev/s7a/strata/layout/HorizontalAlignment;)V
api	Api	dev.s7a.strata.layout.LinearOrientation$Column#method:17:component1:()Ldev/s7a/strata/layout/HorizontalAlignment;
api	Api	dev.s7a.strata.layout.LinearOrientation$Column#method:17:copy:(Ldev/s7a/strata/layout/HorizontalAlignment;)Ldev/s7a/strata/layout/LinearOrientation$Column;
api	Api	dev.s7a.strata.layout.LinearOrientation$Column#method:17:getAlignment:()Ldev/s7a/strata/layout/HorizontalAlignment;
api	Api	dev.s7a.strata.layout.LinearOrientation$Column#method:1:equals:(Ljava/lang/Object;)Z
api	Api	dev.s7a.strata.layout.LinearOrientation$Column#method:1:getAxis:()Ldev/s7a/strata/layout/LinearAxis;
api	Api	dev.s7a.strata.layout.LinearOrientation$Column#method:1:hashCode:()I
api	Api	dev.s7a.strata.layout.LinearOrientation$Column#method:1:toString:()Ljava/lang/String;
api	Api	dev.s7a.strata.layout.LinearOrientation$Column#type:25:java.lang.Object:dev.s7a.strata.layout.LinearOrientation
api	Api	dev.s7a.strata.layout.LinearOrientation$Row#constructor:1:(Ldev/s7a/strata/layout/VerticalAlignment;)V
api	Api	dev.s7a.strata.layout.LinearOrientation$Row#method:17:component1:()Ldev/s7a/strata/layout/VerticalAlignment;
api	Api	dev.s7a.strata.layout.LinearOrientation$Row#method:17:copy:(Ldev/s7a/strata/layout/VerticalAlignment;)Ldev/s7a/strata/layout/LinearOrientation$Row;
api	Api	dev.s7a.strata.layout.LinearOrientation$Row#method:17:getAlignment:()Ldev/s7a/strata/layout/VerticalAlignment;
api	Api	dev.s7a.strata.layout.LinearOrientation$Row#method:1:equals:(Ljava/lang/Object;)Z
api	Api	dev.s7a.strata.layout.LinearOrientation$Row#method:1:getAxis:()Ldev/s7a/strata/layout/LinearAxis;
api	Api	dev.s7a.strata.layout.LinearOrientation$Row#method:1:hashCode:()I
api	Api	dev.s7a.strata.layout.LinearOrientation$Row#method:1:toString:()Ljava/lang/String;
api	Api	dev.s7a.strata.layout.LinearOrientation$Row#type:25:java.lang.Object:dev.s7a.strata.layout.LinearOrientation
api	Api	dev.s7a.strata.layout.MeasureScope#method:1025:getChildCount:()I
api	Api	dev.s7a.strata.layout.MeasureScope#method:1025:measureChild:(ILdev/s7a/strata/geometry/Constraints;)Ldev/s7a/strata/geometry/IntSize;
api	Api	dev.s7a.strata.layout.MeasureScope#type:1537::dev.s7a.strata.layout.ParentDataScope
api	Api	dev.s7a.strata.layout.ParentDataKey#constructor:1:(Lkotlin/reflect/KClass;)V
api	Api	dev.s7a.strata.layout.ParentDataKey#method:17:castErased:(Ljava/lang/Object;)Ljava/lang/Object;
api	Api	dev.s7a.strata.layout.ParentDataKey#type:17:java.lang.Object:
api	Api	dev.s7a.strata.layout.ParentDataScope#method:1025:childParentData:(ILdev/s7a/strata/layout/ParentDataKey;)Ljava/lang/Object;
api	Api	dev.s7a.strata.layout.ParentDataScope#type:1537::
api	Api	dev.s7a.strata.layout.RowAlignmentParentData#field:25:INSTANCE:Ldev/s7a/strata/layout/RowAlignmentParentData;
api	Api	dev.s7a.strata.layout.RowAlignmentParentData#method:17:decode:(Ldev/s7a/strata/projection/ProjectionValue;)Ldev/s7a/strata/modifier/ModifierElement;
api	Api	dev.s7a.strata.layout.RowAlignmentParentData#method:17:getKEY$dev_s7a_strata_api:()Ldev/s7a/strata/layout/ParentDataKey;
api	Api	dev.s7a.strata.layout.RowAlignmentParentData#method:17:getTYPE$dev_s7a_strata_api:()Ldev/s7a/strata/modifier/ModifierNodeType;
api	Api	dev.s7a.strata.layout.RowAlignmentParentData#type:17:java.lang.Object:
api	Api	dev.s7a.strata.layout.RowAlignmentParentData$Data#constructor:1:(Ldev/s7a/strata/layout/VerticalAlignment;)V
api	Api	dev.s7a.strata.layout.RowAlignmentParentData$Data#method:17:component1:()Ldev/s7a/strata/layout/VerticalAlignment;
api	Api	dev.s7a.strata.layout.RowAlignmentParentData$Data#method:17:copy:(Ldev/s7a/strata/layout/VerticalAlignment;)Ldev/s7a/strata/layout/RowAlignmentParentData$Data;
api	Api	dev.s7a.strata.layout.RowAlignmentParentData$Data#method:17:getAlignment:()Ldev/s7a/strata/layout/VerticalAlignment;
api	Api	dev.s7a.strata.layout.RowAlignmentParentData$Data#method:1:equals:(Ljava/lang/Object;)Z
api	Api	dev.s7a.strata.layout.RowAlignmentParentData$Data#method:1:hashCode:()I
api	Api	dev.s7a.strata.layout.RowAlignmentParentData$Data#method:1:toString:()Ljava/lang/String;
api	Api	dev.s7a.strata.layout.RowAlignmentParentData$Data#type:25:java.lang.Object:
api	Api	dev.s7a.strata.layout.RowAlignmentParentData$Element#constructor:1:(Ldev/s7a/strata/layout/RowAlignmentParentData$Data;)V
api	Api	dev.s7a.strata.layout.RowAlignmentParentData$Element#method:17:component1:()Ldev/s7a/strata/layout/RowAlignmentParentData$Data;
api	Api	dev.s7a.strata.layout.RowAlignmentParentData$Element#method:17:copy:(Ldev/s7a/strata/layout/RowAlignmentParentData$Data;)Ldev/s7a/strata/layout/RowAlignmentParentData$Element;
api	Api	dev.s7a.strata.layout.RowAlignmentParentData$Element#method:17:getData:()Ldev/s7a/strata/layout/RowAlignmentParentData$Data;
api	Api	dev.s7a.strata.layout.RowAlignmentParentData$Element#method:1:equals:(Ljava/lang/Object;)Z
api	Api	dev.s7a.strata.layout.RowAlignmentParentData$Element#method:1:getProjection:()Ldev/s7a/strata/projection/DeclarationProjection;
api	Api	dev.s7a.strata.layout.RowAlignmentParentData$Element#method:1:getType:()Ldev/s7a/strata/modifier/ModifierNodeType;
api	Api	dev.s7a.strata.layout.RowAlignmentParentData$Element#method:1:hashCode:()I
api	Api	dev.s7a.strata.layout.RowAlignmentParentData$Element#method:1:toString:()Ljava/lang/String;
api	Api	dev.s7a.strata.layout.RowAlignmentParentData$Element#type:25:java.lang.Object:dev.s7a.strata.modifier.ModifierElement
api	Api	dev.s7a.strata.layout.RowAlignmentParentData$Node#constructor:1:(Ldev/s7a/strata/layout/RowAlignmentParentData$Data;)V
api	Api	dev.s7a.strata.layout.RowAlignmentParentData$Node#method:17:update-FtRg8Cc$dev_s7a_strata_api:(Ldev/s7a/strata/layout/RowAlignmentParentData$Data;)I
api	Api	dev.s7a.strata.layout.RowAlignmentParentData$Node#method:1:getParentDataKey:()Ldev/s7a/strata/layout/ParentDataKey;
api	Api	dev.s7a.strata.layout.RowAlignmentParentData$Node#method:1:parentData:()Ldev/s7a/strata/layout/RowAlignmentParentData$Data;
api	Api	dev.s7a.strata.layout.RowAlignmentParentData$Node#type:25:dev.s7a.strata.node.ModifierNode:dev.s7a.strata.node.ParentDataModifierNode
api	Api	dev.s7a.strata.layout.SpacerElement#constructor:1:(Ldev/s7a/strata/element/ElementKey;Ldev/s7a/strata/modifier/Modifier;)V
api	Api	dev.s7a.strata.layout.SpacerElement#field:25:Companion:Ldev/s7a/strata/layout/SpacerElement$Companion;
api	Api	dev.s7a.strata.layout.SpacerElement#method:1:getProjection:()Ldev/s7a/strata/projection/DeclarationProjection;
api	Api	dev.s7a.strata.layout.SpacerElement#type:17:dev.s7a.strata.element.Element:
api	Api	dev.s7a.strata.layout.SpacerElement$Companion#method:17:getTYPE$dev_s7a_strata_api:()Ldev/s7a/strata/element/ElementType;
api	Api	dev.s7a.strata.layout.SpacerElement$Companion#type:25:java.lang.Object:
api	Api	dev.s7a.strata.layout.SpacerElement$Node#constructor:1:()V
api	Api	dev.s7a.strata.layout.SpacerElement$Node#method:1:measure:(Ldev/s7a/strata/layout/MeasureScope;Ldev/s7a/strata/geometry/Constraints;)Ldev/s7a/strata/geometry/IntSize;
api	Api	dev.s7a.strata.layout.SpacerElement$Node#type:25:dev.s7a.strata.node.Node:dev.s7a.strata.node.MeasureNode
api	Api	dev.s7a.strata.layout.StackAlignmentParentData#field:25:INSTANCE:Ldev/s7a/strata/layout/StackAlignmentParentData;
api	Api	dev.s7a.strata.layout.StackAlignmentParentData#method:17:decode:(Ldev/s7a/strata/projection/ProjectionValue;)Ldev/s7a/strata/modifier/ModifierElement;
api	Api	dev.s7a.strata.layout.StackAlignmentParentData#method:17:getKEY$dev_s7a_strata_api:()Ldev/s7a/strata/layout/ParentDataKey;
api	Api	dev.s7a.strata.layout.StackAlignmentParentData#method:17:getTYPE$dev_s7a_strata_api:()Ldev/s7a/strata/modifier/ModifierNodeType;
api	Api	dev.s7a.strata.layout.StackAlignmentParentData#type:17:java.lang.Object:
api	Api	dev.s7a.strata.layout.StackAlignmentParentData$Data#constructor:1:(Ldev/s7a/strata/layout/Alignment;)V
api	Api	dev.s7a.strata.layout.StackAlignmentParentData$Data#method:17:component1:()Ldev/s7a/strata/layout/Alignment;
api	Api	dev.s7a.strata.layout.StackAlignmentParentData$Data#method:17:copy:(Ldev/s7a/strata/layout/Alignment;)Ldev/s7a/strata/layout/StackAlignmentParentData$Data;
api	Api	dev.s7a.strata.layout.StackAlignmentParentData$Data#method:17:getAlignment:()Ldev/s7a/strata/layout/Alignment;
api	Api	dev.s7a.strata.layout.StackAlignmentParentData$Data#method:1:equals:(Ljava/lang/Object;)Z
api	Api	dev.s7a.strata.layout.StackAlignmentParentData$Data#method:1:hashCode:()I
api	Api	dev.s7a.strata.layout.StackAlignmentParentData$Data#method:1:toString:()Ljava/lang/String;
api	Api	dev.s7a.strata.layout.StackAlignmentParentData$Data#type:25:java.lang.Object:
api	Api	dev.s7a.strata.layout.StackAlignmentParentData$Element#constructor:1:(Ldev/s7a/strata/layout/StackAlignmentParentData$Data;)V
api	Api	dev.s7a.strata.layout.StackAlignmentParentData$Element#method:17:component1:()Ldev/s7a/strata/layout/StackAlignmentParentData$Data;
api	Api	dev.s7a.strata.layout.StackAlignmentParentData$Element#method:17:copy:(Ldev/s7a/strata/layout/StackAlignmentParentData$Data;)Ldev/s7a/strata/layout/StackAlignmentParentData$Element;
api	Api	dev.s7a.strata.layout.StackAlignmentParentData$Element#method:17:getData:()Ldev/s7a/strata/layout/StackAlignmentParentData$Data;
api	Api	dev.s7a.strata.layout.StackAlignmentParentData$Element#method:1:equals:(Ljava/lang/Object;)Z
api	Api	dev.s7a.strata.layout.StackAlignmentParentData$Element#method:1:getProjection:()Ldev/s7a/strata/projection/DeclarationProjection;
api	Api	dev.s7a.strata.layout.StackAlignmentParentData$Element#method:1:getType:()Ldev/s7a/strata/modifier/ModifierNodeType;
api	Api	dev.s7a.strata.layout.StackAlignmentParentData$Element#method:1:hashCode:()I
api	Api	dev.s7a.strata.layout.StackAlignmentParentData$Element#method:1:toString:()Ljava/lang/String;
api	Api	dev.s7a.strata.layout.StackAlignmentParentData$Element#type:25:java.lang.Object:dev.s7a.strata.modifier.ModifierElement
api	Api	dev.s7a.strata.layout.StackAlignmentParentData$Node#constructor:1:(Ldev/s7a/strata/layout/StackAlignmentParentData$Data;)V
api	Api	dev.s7a.strata.layout.StackAlignmentParentData$Node#method:17:update-FtRg8Cc$dev_s7a_strata_api:(Ldev/s7a/strata/layout/StackAlignmentParentData$Data;)I
api	Api	dev.s7a.strata.layout.StackAlignmentParentData$Node#method:1:getParentDataKey:()Ldev/s7a/strata/layout/ParentDataKey;
api	Api	dev.s7a.strata.layout.StackAlignmentParentData$Node#method:1:parentData:()Ldev/s7a/strata/layout/StackAlignmentParentData$Data;
api	Api	dev.s7a.strata.layout.StackAlignmentParentData$Node#type:25:dev.s7a.strata.node.ModifierNode:dev.s7a.strata.node.ParentDataModifierNode
api	Api	dev.s7a.strata.layout.StackElement#constructor:1:(Ldev/s7a/strata/layout/Alignment;Ldev/s7a/strata/element/ElementKey;Ljava/util/List;Ldev/s7a/strata/modifier/Modifier;)V
api	Api	dev.s7a.strata.layout.StackElement#field:25:Companion:Ldev/s7a/strata/layout/StackElement$Companion;
api	Api	dev.s7a.strata.layout.StackElement#method:17:getContentAlignment:()Ldev/s7a/strata/layout/Alignment;
api	Api	dev.s7a.strata.layout.StackElement#method:1:getProjection:()Ldev/s7a/strata/projection/DeclarationProjection;
api	Api	dev.s7a.strata.layout.StackElement#type:17:dev.s7a.strata.element.Element:
api	Api	dev.s7a.strata.layout.StackElement$Companion#method:17:getTYPE$dev_s7a_strata_api:()Ldev/s7a/strata/element/ElementType;
api	Api	dev.s7a.strata.layout.StackElement$Companion#type:25:java.lang.Object:
api	Api	dev.s7a.strata.layout.StackElement$Node#constructor:1:(Ldev/s7a/strata/layout/Alignment;)V
api	Api	dev.s7a.strata.layout.StackElement$Node#method:17:update-2Z4kens$dev_s7a_strata_api:(Ldev/s7a/strata/layout/StackElement;Ldev/s7a/strata/layout/StackElement;)I
api	Api	dev.s7a.strata.layout.StackElement$Node#method:1:layout:(Ldev/s7a/strata/layout/LayoutScope;)V
api	Api	dev.s7a.strata.layout.StackElement$Node#method:1:measure:(Ldev/s7a/strata/layout/MeasureScope;Ldev/s7a/strata/geometry/Constraints;)Ldev/s7a/strata/geometry/IntSize;
api	Api	dev.s7a.strata.layout.StackElement$Node#type:25:dev.s7a.strata.node.Node:dev.s7a.strata.node.LayoutNode,dev.s7a.strata.node.MeasureNode
api	Api	dev.s7a.strata.layout.StackElement$Node$WhenMappings#type:4121:java.lang.Object:
api	Api	dev.s7a.strata.layout.VerticalAlignment#field:16409:Bottom:Ldev/s7a/strata/layout/VerticalAlignment;
api	Api	dev.s7a.strata.layout.VerticalAlignment#field:16409:Center:Ldev/s7a/strata/layout/VerticalAlignment;
api	Api	dev.s7a.strata.layout.VerticalAlignment#field:16409:Top:Ldev/s7a/strata/layout/VerticalAlignment;
api	Api	dev.s7a.strata.layout.VerticalAlignment#method:9:getEntries:()Lkotlin/enums/EnumEntries;
api	Api	dev.s7a.strata.layout.VerticalAlignment#method:9:valueOf:(Ljava/lang/String;)Ldev/s7a/strata/layout/VerticalAlignment;
api	Api	dev.s7a.strata.layout.VerticalAlignment#method:9:values:()[Ldev/s7a/strata/layout/VerticalAlignment;
api	Api	dev.s7a.strata.layout.VerticalAlignment#type:16401:java.lang.Enum:
api	Api	dev.s7a.strata.layout.VirtualListElement#constructor:1:(Ldev/s7a/strata/component/VirtualListState;ILkotlin/jvm/functions/Function0;Lkotlin/jvm/functions/Function1;Lkotlin/jvm/functions/Function1;Lkotlin/jvm/functions/Function2;Lkotlin/jvm/functions/Function1;Ldev/s7a/strata/geometry/IntSize;IIZZLdev/s7a/strata/action/ActionDispatcher;Ldev/s7a/strata/element/ElementKey;Ldev/s7a/strata/modifier/Modifier;)V
api	Api	dev.s7a.strata.layout.VirtualListElement#field:25:Companion:Ldev/s7a/strata/layout/VirtualListElement$Companion;
api	Api	dev.s7a.strata.layout.VirtualListElement#method:17:getActions$dev_s7a_strata_api:()Ldev/s7a/strata/action/ActionDispatcher;
api	Api	dev.s7a.strata.layout.VirtualListElement#method:17:getCanLoadLeading$dev_s7a_strata_api:()Z
api	Api	dev.s7a.strata.layout.VirtualListElement#method:17:getCanLoadTrailing$dev_s7a_strata_api:()Z
api	Api	dev.s7a.strata.layout.VirtualListElement#method:17:getIndexOfKey$dev_s7a_strata_api:()Lkotlin/jvm/functions/Function2;
api	Api	dev.s7a.strata.layout.VirtualListElement#method:17:getInitialItemCount$dev_s7a_strata_api:()I
api	Api	dev.s7a.strata.layout.VirtualListElement#method:17:getItemAt$dev_s7a_strata_api:()Lkotlin/jvm/functions/Function1;
api	Api	dev.s7a.strata.layout.VirtualListElement#method:17:getItemContent$dev_s7a_strata_api:()Lkotlin/jvm/functions/Function1;
api	Api	dev.s7a.strata.layout.VirtualListElement#method:17:getItemCount$dev_s7a_strata_api:()Lkotlin/jvm/functions/Function0;
api	Api	dev.s7a.strata.layout.VirtualListElement#method:17:getKeyAt$dev_s7a_strata_api:()Lkotlin/jvm/functions/Function1;
api	Api	dev.s7a.strata.layout.VirtualListElement#method:17:getRowHeight$dev_s7a_strata_api:()I
api	Api	dev.s7a.strata.layout.VirtualListElement#method:17:getScrollRate$dev_s7a_strata_api:()I
api	Api	dev.s7a.strata.layout.VirtualListElement#method:17:getState$dev_s7a_strata_api:()Ldev/s7a/strata/component/VirtualListState;
api	Api	dev.s7a.strata.layout.VirtualListElement#method:17:getViewportSize$dev_s7a_strata_api:()Ldev/s7a/strata/geometry/IntSize;
api	Api	dev.s7a.strata.layout.VirtualListElement#type:17:dev.s7a.strata.element.Element:
api	Api	dev.s7a.strata.layout.VirtualListElement$Companion#type:25:java.lang.Object:
api	Api	dev.s7a.strata.layout.VirtualListElement$Node#constructor:1:(Ldev/s7a/strata/layout/VirtualListElement;)V
api	Api	dev.s7a.strata.layout.VirtualListElement$Node#method:17:update-FtRg8Cc$dev_s7a_strata_api:(Ldev/s7a/strata/layout/VirtualListElement;)I
api	Api	dev.s7a.strata.layout.VirtualListElement$Node#method:1:attach:()V
api	Api	dev.s7a.strata.layout.VirtualListElement$Node#method:1:detach:()V
api	Api	dev.s7a.strata.layout.VirtualListElement$Node#method:1:dispose:()V
api	Api	dev.s7a.strata.layout.VirtualListElement$Node#method:1:dynamicChildren:()Ljava/util/List;
api	Api	dev.s7a.strata.layout.VirtualListElement$Node#method:1:getContentWorkObserver:()Lkotlin/jvm/functions/Function1;
api	Api	dev.s7a.strata.layout.VirtualListElement$Node#method:1:getDeclarationProjection:()Ldev/s7a/strata/projection/DeclarationProjection;
api	Api	dev.s7a.strata.layout.VirtualListElement$Node#method:1:jump:(Ldev/s7a/strata/component/VirtualListJump;)Z
api	Api	dev.s7a.strata.layout.VirtualListElement$Node#method:1:layout:(Ldev/s7a/strata/layout/LayoutScope;)V
api	Api	dev.s7a.strata.layout.VirtualListElement$Node#method:1:measure:(Ldev/s7a/strata/layout/MeasureScope;Ldev/s7a/strata/geometry/Constraints;)Ldev/s7a/strata/geometry/IntSize;
api	Api	dev.s7a.strata.layout.VirtualListElement$Node#method:1:onPointerEvent:(Ldev/s7a/strata/input/PointerEvent;Ldev/s7a/strata/geometry/IntOffset;)Ldev/s7a/strata/input/InputResult;
api	Api	dev.s7a.strata.layout.VirtualListElement$Node#method:1:prepareDeclaration:()V
api	Api	dev.s7a.strata.layout.VirtualListElement$Node#method:1:refresh:()V
api	Api	dev.s7a.strata.layout.VirtualListElement$Node#method:1:sessionAttached:()V
api	Api	dev.s7a.strata.layout.VirtualListElement$Node#method:1:sessionDetached:()V
api	Api	dev.s7a.strata.layout.VirtualListElement$Node#method:1:setContentWorkObserver:(Lkotlin/jvm/functions/Function1;)V
api	Api	dev.s7a.strata.layout.VirtualListElement$Node#type:25:dev.s7a.strata.node.Node:dev.s7a.strata.component.VirtualListController,dev.s7a.strata.node.ClipChildrenNode,dev.s7a.strata.node.ContentWorkNode,dev.s7a.strata.node.DeclarationProjectionNode,dev.s7a.strata.node.DynamicChildrenNode,dev.s7a.strata.node.LayoutNode,dev.s7a.strata.node.MeasureNode,dev.s7a.strata.node.PointerInputNode,dev.s7a.strata.node.SessionAttachmentNode
api	Api	dev.s7a.strata.layout.WeightParentData#field:25:INSTANCE:Ldev/s7a/strata/layout/WeightParentData;
api	Api	dev.s7a.strata.layout.WeightParentData#method:17:decode:(Ldev/s7a/strata/projection/ProjectionValue;)Ldev/s7a/strata/modifier/ModifierElement;
api	Api	dev.s7a.strata.layout.WeightParentData#method:17:getKEY$dev_s7a_strata_api:()Ldev/s7a/strata/layout/ParentDataKey;
api	Api	dev.s7a.strata.layout.WeightParentData#method:17:getTYPE$dev_s7a_strata_api:()Ldev/s7a/strata/modifier/ModifierNodeType;
api	Api	dev.s7a.strata.layout.WeightParentData#type:17:java.lang.Object:
api	Api	dev.s7a.strata.layout.WeightParentData$Data#constructor:1:(FZ)V
api	Api	dev.s7a.strata.layout.WeightParentData$Data#method:17:component1:()F
api	Api	dev.s7a.strata.layout.WeightParentData$Data#method:17:component2:()Z
api	Api	dev.s7a.strata.layout.WeightParentData$Data#method:17:copy:(FZ)Ldev/s7a/strata/layout/WeightParentData$Data;
api	Api	dev.s7a.strata.layout.WeightParentData$Data#method:17:getFill:()Z
api	Api	dev.s7a.strata.layout.WeightParentData$Data#method:17:getWeight:()F
api	Api	dev.s7a.strata.layout.WeightParentData$Data#method:1:equals:(Ljava/lang/Object;)Z
api	Api	dev.s7a.strata.layout.WeightParentData$Data#method:1:hashCode:()I
api	Api	dev.s7a.strata.layout.WeightParentData$Data#method:1:toString:()Ljava/lang/String;
api	Api	dev.s7a.strata.layout.WeightParentData$Data#type:25:java.lang.Object:
api	Api	dev.s7a.strata.layout.WeightParentData$Element#constructor:1:(Ldev/s7a/strata/layout/WeightParentData$Data;)V
api	Api	dev.s7a.strata.layout.WeightParentData$Element#method:17:component1:()Ldev/s7a/strata/layout/WeightParentData$Data;
api	Api	dev.s7a.strata.layout.WeightParentData$Element#method:17:copy:(Ldev/s7a/strata/layout/WeightParentData$Data;)Ldev/s7a/strata/layout/WeightParentData$Element;
api	Api	dev.s7a.strata.layout.WeightParentData$Element#method:17:getData:()Ldev/s7a/strata/layout/WeightParentData$Data;
api	Api	dev.s7a.strata.layout.WeightParentData$Element#method:1:equals:(Ljava/lang/Object;)Z
api	Api	dev.s7a.strata.layout.WeightParentData$Element#method:1:getProjection:()Ldev/s7a/strata/projection/DeclarationProjection;
api	Api	dev.s7a.strata.layout.WeightParentData$Element#method:1:getType:()Ldev/s7a/strata/modifier/ModifierNodeType;
api	Api	dev.s7a.strata.layout.WeightParentData$Element#method:1:hashCode:()I
api	Api	dev.s7a.strata.layout.WeightParentData$Element#method:1:toString:()Ljava/lang/String;
api	Api	dev.s7a.strata.layout.WeightParentData$Element#type:25:java.lang.Object:dev.s7a.strata.modifier.ModifierElement
api	Api	dev.s7a.strata.layout.WeightParentData$Node#constructor:1:(Ldev/s7a/strata/layout/WeightParentData$Data;)V
api	Api	dev.s7a.strata.layout.WeightParentData$Node#method:17:update-FtRg8Cc$dev_s7a_strata_api:(Ldev/s7a/strata/layout/WeightParentData$Data;)I
api	Api	dev.s7a.strata.layout.WeightParentData$Node#method:1:getParentDataKey:()Ldev/s7a/strata/layout/ParentDataKey;
api	Api	dev.s7a.strata.layout.WeightParentData$Node#method:1:parentData:()Ldev/s7a/strata/layout/WeightParentData$Data;
api	Api	dev.s7a.strata.layout.WeightParentData$Node#type:25:dev.s7a.strata.node.ModifierNode:dev.s7a.strata.node.ParentDataModifierNode
api	Api	dev.s7a.strata.modifier.ActionExtensionsKt#method:25:actionDispatcher:(Ldev/s7a/strata/modifier/Modifier;)Ldev/s7a/strata/action/ActionDispatcher;
api	Api	dev.s7a.strata.modifier.ActionExtensionsKt#method:25:onAction:(Ldev/s7a/strata/modifier/Modifier;Ldev/s7a/strata/action/ActionKey;Lkotlin/jvm/functions/Function2;)Ldev/s7a/strata/modifier/Modifier;
api	Api	dev.s7a.strata.modifier.ActionExtensionsKt#type:17:java.lang.Object:
api	Api	dev.s7a.strata.modifier.ActionModifier#field:25:INSTANCE:Ldev/s7a/strata/modifier/ActionModifier;
api	Api	dev.s7a.strata.modifier.ActionModifier#method:17:getTYPE$dev_s7a_strata_api:()Ldev/s7a/strata/modifier/ModifierNodeType;
api	Api	dev.s7a.strata.modifier.ActionModifier#type:17:java.lang.Object:
api	Api	dev.s7a.strata.modifier.ActionModifier$Element#constructor:1:(Ldev/s7a/strata/action/ActionHandler;Ldev/s7a/strata/projection/DeclarationProjection;)V
api	Api	dev.s7a.strata.modifier.ActionModifier$Element#method:17:getHandler:()Ldev/s7a/strata/action/ActionHandler;
api	Api	dev.s7a.strata.modifier.ActionModifier$Element#method:1:getProjection:()Ldev/s7a/strata/projection/DeclarationProjection;
api	Api	dev.s7a.strata.modifier.ActionModifier$Element#method:1:getType:()Ldev/s7a/strata/modifier/ModifierNodeType;
api	Api	dev.s7a.strata.modifier.ActionModifier$Element#type:25:java.lang.Object:dev.s7a.strata.modifier.ModifierElement
api	Api	dev.s7a.strata.modifier.ActionModifier$Node#constructor:1:()V
api	Api	dev.s7a.strata.modifier.ActionModifier$Node#type:25:dev.s7a.strata.node.ModifierNode:
api	Api	dev.s7a.strata.modifier.ActivationExtensionsKt#method:25:onActivate:(Ldev/s7a/strata/modifier/Modifier;Ldev/s7a/strata/state/StateSource;Lkotlin/jvm/functions/Function1;)Ldev/s7a/strata/modifier/Modifier;
api	Api	dev.s7a.strata.modifier.ActivationExtensionsKt#method:25:onActivate:(Ldev/s7a/strata/modifier/Modifier;Lkotlin/jvm/functions/Function1;)Ldev/s7a/strata/modifier/Modifier;
api	Api	dev.s7a.strata.modifier.ActivationExtensionsKt#method:25:onActivate:(Ldev/s7a/strata/modifier/Modifier;ZLkotlin/jvm/functions/Function1;)Ldev/s7a/strata/modifier/Modifier;
api	Api	dev.s7a.strata.modifier.ActivationExtensionsKt#type:17:java.lang.Object:
api	Api	dev.s7a.strata.modifier.AxisConstraint#field:25:Companion:Ldev/s7a/strata/modifier/AxisConstraint$Companion;
api	Api	dev.s7a.strata.modifier.AxisConstraint#method:1025:resolve:(II)Ldev/s7a/strata/modifier/AxisConstraint$ResolvedAxis;
api	Api	dev.s7a.strata.modifier.AxisConstraint#method:1:project:()Ldev/s7a/strata/projection/ProjectionValue;
api	Api	dev.s7a.strata.modifier.AxisConstraint#type:1537::
api	Api	dev.s7a.strata.modifier.AxisConstraint$Companion#method:17:decode:(Ldev/s7a/strata/projection/ProjectionValue;)Ldev/s7a/strata/modifier/AxisConstraint;
api	Api	dev.s7a.strata.modifier.AxisConstraint$Companion#type:25:java.lang.Object:
api	Api	dev.s7a.strata.modifier.AxisConstraint$Companion$WhenMappings#type:4121:java.lang.Object:
api	Api	dev.s7a.strata.modifier.AxisConstraint$DefaultImpls#method:9:project:(Ldev/s7a/strata/modifier/AxisConstraint;)Ldev/s7a/strata/projection/ProjectionValue;
api	Api	dev.s7a.strata.modifier.AxisConstraint$DefaultImpls#type:25:java.lang.Object:
api	Api	dev.s7a.strata.modifier.AxisConstraint$Exact#constructor:1:(I)V
api	Api	dev.s7a.strata.modifier.AxisConstraint$Exact#method:17:component1:()I
api	Api	dev.s7a.strata.modifier.AxisConstraint$Exact#method:17:copy:(I)Ldev/s7a/strata/modifier/AxisConstraint$Exact;
api	Api	dev.s7a.strata.modifier.AxisConstraint$Exact#method:17:getValue:()I
api	Api	dev.s7a.strata.modifier.AxisConstraint$Exact#method:1:equals:(Ljava/lang/Object;)Z
api	Api	dev.s7a.strata.modifier.AxisConstraint$Exact#method:1:hashCode:()I
api	Api	dev.s7a.strata.modifier.AxisConstraint$Exact#method:1:resolve:(II)Ldev/s7a/strata/modifier/AxisConstraint$ResolvedAxis;
api	Api	dev.s7a.strata.modifier.AxisConstraint$Exact#method:1:toString:()Ljava/lang/String;
api	Api	dev.s7a.strata.modifier.AxisConstraint$Exact#method:65:project:()Ldev/s7a/strata/projection/ProjectionValue;
api	Api	dev.s7a.strata.modifier.AxisConstraint$Exact#type:25:java.lang.Object:dev.s7a.strata.modifier.AxisConstraint
api	Api	dev.s7a.strata.modifier.AxisConstraint$Fill#field:25:INSTANCE:Ldev/s7a/strata/modifier/AxisConstraint$Fill;
api	Api	dev.s7a.strata.modifier.AxisConstraint$Fill#method:1:equals:(Ljava/lang/Object;)Z
api	Api	dev.s7a.strata.modifier.AxisConstraint$Fill#method:1:hashCode:()I
api	Api	dev.s7a.strata.modifier.AxisConstraint$Fill#method:1:resolve:(II)Ldev/s7a/strata/modifier/AxisConstraint$ResolvedAxis;
api	Api	dev.s7a.strata.modifier.AxisConstraint$Fill#method:1:toString:()Ljava/lang/String;
api	Api	dev.s7a.strata.modifier.AxisConstraint$Fill#method:65:project:()Ldev/s7a/strata/projection/ProjectionValue;
api	Api	dev.s7a.strata.modifier.AxisConstraint$Fill#type:25:java.lang.Object:dev.s7a.strata.modifier.AxisConstraint
api	Api	dev.s7a.strata.modifier.AxisConstraint$Range#constructor:1:(II)V
api	Api	dev.s7a.strata.modifier.AxisConstraint$Range#method:17:component1:()I
api	Api	dev.s7a.strata.modifier.AxisConstraint$Range#method:17:component2:()I
api	Api	dev.s7a.strata.modifier.AxisConstraint$Range#method:17:copy:(II)Ldev/s7a/strata/modifier/AxisConstraint$Range;
api	Api	dev.s7a.strata.modifier.AxisConstraint$Range#method:17:getMax:()I
api	Api	dev.s7a.strata.modifier.AxisConstraint$Range#method:17:getMin:()I
api	Api	dev.s7a.strata.modifier.AxisConstraint$Range#method:1:equals:(Ljava/lang/Object;)Z
api	Api	dev.s7a.strata.modifier.AxisConstraint$Range#method:1:hashCode:()I
api	Api	dev.s7a.strata.modifier.AxisConstraint$Range#method:1:resolve:(II)Ldev/s7a/strata/modifier/AxisConstraint$ResolvedAxis;
api	Api	dev.s7a.strata.modifier.AxisConstraint$Range#method:1:toString:()Ljava/lang/String;
api	Api	dev.s7a.strata.modifier.AxisConstraint$Range#method:65:project:()Ldev/s7a/strata/projection/ProjectionValue;
api	Api	dev.s7a.strata.modifier.AxisConstraint$Range#type:25:java.lang.Object:dev.s7a.strata.modifier.AxisConstraint
api	Api	dev.s7a.strata.modifier.AxisConstraint$ResolvedAxis#constructor:1:(II)V
api	Api	dev.s7a.strata.modifier.AxisConstraint$ResolvedAxis#method:17:component1:()I
api	Api	dev.s7a.strata.modifier.AxisConstraint$ResolvedAxis#method:17:component2:()I
api	Api	dev.s7a.strata.modifier.AxisConstraint$ResolvedAxis#method:17:copy:(II)Ldev/s7a/strata/modifier/AxisConstraint$ResolvedAxis;
api	Api	dev.s7a.strata.modifier.AxisConstraint$ResolvedAxis#method:17:getMax:()I
api	Api	dev.s7a.strata.modifier.AxisConstraint$ResolvedAxis#method:17:getMin:()I
api	Api	dev.s7a.strata.modifier.AxisConstraint$ResolvedAxis#method:1:equals:(Ljava/lang/Object;)Z
api	Api	dev.s7a.strata.modifier.AxisConstraint$ResolvedAxis#method:1:hashCode:()I
api	Api	dev.s7a.strata.modifier.AxisConstraint$ResolvedAxis#method:1:toString:()Ljava/lang/String;
api	Api	dev.s7a.strata.modifier.AxisConstraint$ResolvedAxis#type:25:java.lang.Object:
api	Api	dev.s7a.strata.modifier.AxisConstraint$Unchanged#field:25:INSTANCE:Ldev/s7a/strata/modifier/AxisConstraint$Unchanged;
api	Api	dev.s7a.strata.modifier.AxisConstraint$Unchanged#method:1:equals:(Ljava/lang/Object;)Z
api	Api	dev.s7a.strata.modifier.AxisConstraint$Unchanged#method:1:hashCode:()I
api	Api	dev.s7a.strata.modifier.AxisConstraint$Unchanged#method:1:resolve:(II)Ldev/s7a/strata/modifier/AxisConstraint$ResolvedAxis;
api	Api	dev.s7a.strata.modifier.AxisConstraint$Unchanged#method:1:toString:()Ljava/lang/String;
api	Api	dev.s7a.strata.modifier.AxisConstraint$Unchanged#method:65:project:()Ldev/s7a/strata/projection/ProjectionValue;
api	Api	dev.s7a.strata.modifier.AxisConstraint$Unchanged#type:25:java.lang.Object:dev.s7a.strata.modifier.AxisConstraint
api	Api	dev.s7a.strata.modifier.BackgroundExtensionsKt#method:25:background-RtejO-o:(Ldev/s7a/strata/modifier/Modifier;I)Ldev/s7a/strata/modifier/Modifier;
api	Api	dev.s7a.strata.modifier.BackgroundExtensionsKt#type:17:java.lang.Object:
api	Api	dev.s7a.strata.modifier.BackgroundModifier#field:25:INSTANCE:Ldev/s7a/strata/modifier/BackgroundModifier;
api	Api	dev.s7a.strata.modifier.BackgroundModifier#method:17:getTYPE$dev_s7a_strata_api:()Ldev/s7a/strata/modifier/ModifierNodeType;
api	Api	dev.s7a.strata.modifier.BackgroundModifier#type:17:java.lang.Object:
api	Api	dev.s7a.strata.modifier.BackgroundModifier$Element#method:17:component1-e0e5deU:()I
api	Api	dev.s7a.strata.modifier.BackgroundModifier$Element#method:17:copy-NcsifTw:(I)Ldev/s7a/strata/modifier/BackgroundModifier$Element;
api	Api	dev.s7a.strata.modifier.BackgroundModifier$Element#method:17:getColor-e0e5deU:()I
api	Api	dev.s7a.strata.modifier.BackgroundModifier$Element#method:1:equals:(Ljava/lang/Object;)Z
api	Api	dev.s7a.strata.modifier.BackgroundModifier$Element#method:1:getProjection:()Ldev/s7a/strata/projection/DeclarationProjection;
api	Api	dev.s7a.strata.modifier.BackgroundModifier$Element#method:1:getType:()Ldev/s7a/strata/modifier/ModifierNodeType;
api	Api	dev.s7a.strata.modifier.BackgroundModifier$Element#method:1:hashCode:()I
api	Api	dev.s7a.strata.modifier.BackgroundModifier$Element#method:1:toString:()Ljava/lang/String;
api	Api	dev.s7a.strata.modifier.BackgroundModifier$Element#type:25:java.lang.Object:dev.s7a.strata.modifier.ModifierElement
api	Api	dev.s7a.strata.modifier.BackgroundModifier$Node#method:17:update-FtRg8Cc$dev_s7a_strata_api:(Ldev/s7a/strata/modifier/BackgroundModifier$Element;)I
api	Api	dev.s7a.strata.modifier.BackgroundModifier$Node#method:1:paint:(Ldev/s7a/strata/render/PaintScope;)V
api	Api	dev.s7a.strata.modifier.BackgroundModifier$Node#type:25:dev.s7a.strata.node.ModifierNode:dev.s7a.strata.node.PaintNode
api	Api	dev.s7a.strata.modifier.CapturedPointerInputModifier#field:25:INSTANCE:Ldev/s7a/strata/modifier/CapturedPointerInputModifier;
api	Api	dev.s7a.strata.modifier.CapturedPointerInputModifier#method:17:getTYPE$dev_s7a_strata_api:()Ldev/s7a/strata/modifier/ModifierNodeType;
api	Api	dev.s7a.strata.modifier.CapturedPointerInputModifier#type:17:java.lang.Object:
api	Api	dev.s7a.strata.modifier.CapturedPointerInputModifier$Element#constructor:1:(Lkotlin/jvm/functions/Function2;Lkotlin/jvm/functions/Function3;Ldev/s7a/strata/projection/DeclarationProjection;Ldev/s7a/strata/input/PointerButton;)V
api	Api	dev.s7a.strata.modifier.CapturedPointerInputModifier$Element#method:17:component1:()Lkotlin/jvm/functions/Function2;
api	Api	dev.s7a.strata.modifier.CapturedPointerInputModifier$Element#method:17:component2:()Lkotlin/jvm/functions/Function3;
api	Api	dev.s7a.strata.modifier.CapturedPointerInputModifier$Element#method:17:component3:()Ldev/s7a/strata/projection/DeclarationProjection;
api	Api	dev.s7a.strata.modifier.CapturedPointerInputModifier$Element#method:17:component4:()Ldev/s7a/strata/input/PointerButton;
api	Api	dev.s7a.strata.modifier.CapturedPointerInputModifier$Element#method:17:copy:(Lkotlin/jvm/functions/Function2;Lkotlin/jvm/functions/Function3;Ldev/s7a/strata/projection/DeclarationProjection;Ldev/s7a/strata/input/PointerButton;)Ldev/s7a/strata/modifier/CapturedPointerInputModifier$Element;
api	Api	dev.s7a.strata.modifier.CapturedPointerInputModifier$Element#method:17:getCallback:()Lkotlin/jvm/functions/Function3;
api	Api	dev.s7a.strata.modifier.CapturedPointerInputModifier$Element#method:17:getCaptureButton:()Ldev/s7a/strata/input/PointerButton;
api	Api	dev.s7a.strata.modifier.CapturedPointerInputModifier$Element#method:17:getOnCancel:()Lkotlin/jvm/functions/Function2;
api	Api	dev.s7a.strata.modifier.CapturedPointerInputModifier$Element#method:1:equals:(Ljava/lang/Object;)Z
api	Api	dev.s7a.strata.modifier.CapturedPointerInputModifier$Element#method:1:getProjection:()Ldev/s7a/strata/projection/DeclarationProjection;
api	Api	dev.s7a.strata.modifier.CapturedPointerInputModifier$Element#method:1:getType:()Ldev/s7a/strata/modifier/ModifierNodeType;
api	Api	dev.s7a.strata.modifier.CapturedPointerInputModifier$Element#method:1:hashCode:()I
api	Api	dev.s7a.strata.modifier.CapturedPointerInputModifier$Element#method:1:toString:()Ljava/lang/String;
api	Api	dev.s7a.strata.modifier.CapturedPointerInputModifier$Element#type:25:java.lang.Object:dev.s7a.strata.modifier.ModifierElement
api	Api	dev.s7a.strata.modifier.CapturedPointerInputModifier$Node#constructor:1:(Ldev/s7a/strata/modifier/CapturedPointerInputModifier$Element;)V
api	Api	dev.s7a.strata.modifier.CapturedPointerInputModifier$Node#method:17:update-FtRg8Cc$dev_s7a_strata_api:(Ldev/s7a/strata/modifier/CapturedPointerInputModifier$Element;)I
api	Api	dev.s7a.strata.modifier.CapturedPointerInputModifier$Node#method:1:attach:()V
api	Api	dev.s7a.strata.modifier.CapturedPointerInputModifier$Node#method:1:detach:()V
api	Api	dev.s7a.strata.modifier.CapturedPointerInputModifier$Node#method:1:dispose:()V
api	Api	dev.s7a.strata.modifier.CapturedPointerInputModifier$Node#method:1:onPointerCaptureAcquired:(Ldev/s7a/strata/input/PointerButton;)V
api	Api	dev.s7a.strata.modifier.CapturedPointerInputModifier$Node#method:1:onPointerCaptureCancelled:(Ldev/s7a/strata/input/PointerButton;)V
api	Api	dev.s7a.strata.modifier.CapturedPointerInputModifier$Node#method:1:onPointerEvent:(Ldev/s7a/strata/input/PointerEvent;Ldev/s7a/strata/geometry/IntOffset;)Ldev/s7a/strata/input/InputResult;
api	Api	dev.s7a.strata.modifier.CapturedPointerInputModifier$Node#type:25:dev.s7a.strata.node.ModifierNode:dev.s7a.strata.node.LifecycleNode,dev.s7a.strata.node.PointerCaptureNode
api	Api	dev.s7a.strata.modifier.ComponentActionExtensionsKt#method:25:onCheckedChange:(Ldev/s7a/strata/modifier/Modifier;Lkotlin/jvm/functions/Function2;)Ldev/s7a/strata/modifier/Modifier;
api	Api	dev.s7a.strata.modifier.ComponentActionExtensionsKt#method:25:onCycle:(Ldev/s7a/strata/modifier/Modifier;Lkotlin/jvm/functions/Function2;)Ldev/s7a/strata/modifier/Modifier;
api	Api	dev.s7a.strata.modifier.ComponentActionExtensionsKt#method:25:onLeadingItemsRequested:(Ldev/s7a/strata/modifier/Modifier;Lkotlin/jvm/functions/Function2;)Ldev/s7a/strata/modifier/Modifier;
api	Api	dev.s7a.strata.modifier.ComponentActionExtensionsKt#method:25:onSelectionChange:(Ldev/s7a/strata/modifier/Modifier;Lkotlin/jvm/functions/Function2;)Ldev/s7a/strata/modifier/Modifier;
api	Api	dev.s7a.strata.modifier.ComponentActionExtensionsKt#method:25:onSliderChange:(Ldev/s7a/strata/modifier/Modifier;Lkotlin/jvm/functions/Function2;)Ldev/s7a/strata/modifier/Modifier;
api	Api	dev.s7a.strata.modifier.ComponentActionExtensionsKt#method:25:onTrailingItemsRequested:(Ldev/s7a/strata/modifier/Modifier;Lkotlin/jvm/functions/Function2;)Ldev/s7a/strata/modifier/Modifier;
api	Api	dev.s7a.strata.modifier.ComponentActionExtensionsKt#type:17:java.lang.Object:
api	Api	dev.s7a.strata.modifier.DeclaredInputProjection#field:25:INSTANCE:Ldev/s7a/strata/modifier/DeclaredInputProjection;
api	Api	dev.s7a.strata.modifier.DeclaredInputProjection#method:17:capture:(Ldev/s7a/strata/input/PointerButton;Lkotlin/jvm/functions/Function2;Lkotlin/jvm/functions/Function3;)Ldev/s7a/strata/projection/DeclarationProjection;
api	Api	dev.s7a.strata.modifier.DeclaredInputProjection#method:17:keyboard:(Ldev/s7a/strata/projection/BuiltinProjection;Ldev/s7a/strata/input/InputResult;Ldev/s7a/strata/input/KeyboardInputFilter;Lkotlin/jvm/functions/Function1;Lkotlin/jvm/functions/Function2;)Ldev/s7a/strata/projection/DeclarationProjection;
api	Api	dev.s7a.strata.modifier.DeclaredInputProjection#method:17:matches:(Ldev/s7a/strata/input/PointerEvent;Ldev/s7a/strata/input/PointerButton;)Z
api	Api	dev.s7a.strata.modifier.DeclaredInputProjection#method:17:pointer:(Ldev/s7a/strata/projection/BuiltinProjection;Ldev/s7a/strata/input/InputResult;Ldev/s7a/strata/input/PointerButton;Lkotlin/jvm/functions/Function1;Lkotlin/jvm/functions/Function3;)Ldev/s7a/strata/projection/DeclarationProjection;
api	Api	dev.s7a.strata.modifier.DeclaredInputProjection#method:17:text:(Ldev/s7a/strata/projection/BuiltinProjection;Ldev/s7a/strata/input/InputResult;Lkotlin/jvm/functions/Function1;Lkotlin/jvm/functions/Function2;)Ldev/s7a/strata/projection/DeclarationProjection;
api	Api	dev.s7a.strata.modifier.DeclaredInputProjection#type:17:java.lang.Object:
api	Api	dev.s7a.strata.modifier.DeclaredKeyboardInputExtensionsKt#method:25:onKeyEvent:(Ldev/s7a/strata/modifier/Modifier;Ldev/s7a/strata/input/InputResult;Ldev/s7a/strata/input/KeyboardInputFilter;Lkotlin/jvm/functions/Function2;)Ldev/s7a/strata/modifier/Modifier;
api	Api	dev.s7a.strata.modifier.DeclaredKeyboardInputExtensionsKt#method:25:onKeyPress:(Ldev/s7a/strata/modifier/Modifier;Ldev/s7a/strata/input/InputResult;Ldev/s7a/strata/input/KeyboardInputFilter;Lkotlin/jvm/functions/Function2;)Ldev/s7a/strata/modifier/Modifier;
api	Api	dev.s7a.strata.modifier.DeclaredKeyboardInputExtensionsKt#method:25:onKeyRelease:(Ldev/s7a/strata/modifier/Modifier;Ldev/s7a/strata/input/InputResult;Ldev/s7a/strata/input/KeyboardInputFilter;Lkotlin/jvm/functions/Function2;)Ldev/s7a/strata/modifier/Modifier;
api	Api	dev.s7a.strata.modifier.DeclaredKeyboardInputExtensionsKt#type:17:java.lang.Object:
api	Api	dev.s7a.strata.modifier.DeclaredPointerInputExtensionsKt#method:25:onCapturedPointerEvent:(Ldev/s7a/strata/modifier/Modifier;Ldev/s7a/strata/input/PointerButton;Lkotlin/jvm/functions/Function2;Lkotlin/jvm/functions/Function3;)Ldev/s7a/strata/modifier/Modifier;
api	Api	dev.s7a.strata.modifier.DeclaredPointerInputExtensionsKt#method:25:onDrag:(Ldev/s7a/strata/modifier/Modifier;Ldev/s7a/strata/input/InputResult;Ldev/s7a/strata/input/PointerButton;Lkotlin/jvm/functions/Function3;)Ldev/s7a/strata/modifier/Modifier;
api	Api	dev.s7a.strata.modifier.DeclaredPointerInputExtensionsKt#method:25:onMove:(Ldev/s7a/strata/modifier/Modifier;Ldev/s7a/strata/input/InputResult;Lkotlin/jvm/functions/Function3;)Ldev/s7a/strata/modifier/Modifier;
api	Api	dev.s7a.strata.modifier.DeclaredPointerInputExtensionsKt#method:25:onPointerEvent:(Ldev/s7a/strata/modifier/Modifier;Ldev/s7a/strata/input/InputResult;Lkotlin/jvm/functions/Function3;)Ldev/s7a/strata/modifier/Modifier;
api	Api	dev.s7a.strata.modifier.DeclaredPointerInputExtensionsKt#method:25:onPress:(Ldev/s7a/strata/modifier/Modifier;Ldev/s7a/strata/input/InputResult;Ldev/s7a/strata/input/PointerButton;Lkotlin/jvm/functions/Function3;)Ldev/s7a/strata/modifier/Modifier;
api	Api	dev.s7a.strata.modifier.DeclaredPointerInputExtensionsKt#method:25:onRelease:(Ldev/s7a/strata/modifier/Modifier;Ldev/s7a/strata/input/InputResult;Ldev/s7a/strata/input/PointerButton;Lkotlin/jvm/functions/Function3;)Ldev/s7a/strata/modifier/Modifier;
api	Api	dev.s7a.strata.modifier.DeclaredPointerInputExtensionsKt#method:25:onScroll:(Ldev/s7a/strata/modifier/Modifier;Ldev/s7a/strata/input/InputResult;Lkotlin/jvm/functions/Function3;)Ldev/s7a/strata/modifier/Modifier;
api	Api	dev.s7a.strata.modifier.DeclaredPointerInputExtensionsKt#type:17:java.lang.Object:
api	Api	dev.s7a.strata.modifier.DeclaredTextInputExtensionsKt#method:25:onCharacterInput:(Ldev/s7a/strata/modifier/Modifier;Ldev/s7a/strata/input/InputResult;Lkotlin/jvm/functions/Function2;)Ldev/s7a/strata/modifier/Modifier;
api	Api	dev.s7a.strata.modifier.DeclaredTextInputExtensionsKt#method:25:onPreedit:(Ldev/s7a/strata/modifier/Modifier;Ldev/s7a/strata/input/InputResult;Lkotlin/jvm/functions/Function2;)Ldev/s7a/strata/modifier/Modifier;
api	Api	dev.s7a.strata.modifier.DeclaredTextInputExtensionsKt#method:25:onTextInput:(Ldev/s7a/strata/modifier/Modifier;Ldev/s7a/strata/input/InputResult;Lkotlin/jvm/functions/Function2;)Ldev/s7a/strata/modifier/Modifier;
api	Api	dev.s7a.strata.modifier.DeclaredTextInputExtensionsKt#type:17:java.lang.Object:
api	Api	dev.s7a.strata.modifier.FocusedInputExtensionsKt#method:25:focusable:(Ldev/s7a/strata/modifier/Modifier;)Ldev/s7a/strata/modifier/Modifier;
api	Api	dev.s7a.strata.modifier.FocusedInputExtensionsKt#method:25:initialFocus:(Ldev/s7a/strata/modifier/Modifier;)Ldev/s7a/strata/modifier/Modifier;
api	Api	dev.s7a.strata.modifier.FocusedInputExtensionsKt#method:25:onCharacterInput:(Ldev/s7a/strata/modifier/Modifier;Lkotlin/jvm/functions/Function2;)Ldev/s7a/strata/modifier/Modifier;
api	Api	dev.s7a.strata.modifier.FocusedInputExtensionsKt#method:25:onFocusChanged:(Ldev/s7a/strata/modifier/Modifier;Lkotlin/jvm/functions/Function2;)Ldev/s7a/strata/modifier/Modifier;
api	Api	dev.s7a.strata.modifier.FocusedInputExtensionsKt#method:25:onKeyEvent:(Ldev/s7a/strata/modifier/Modifier;Lkotlin/jvm/functions/Function2;)Ldev/s7a/strata/modifier/Modifier;
api	Api	dev.s7a.strata.modifier.FocusedInputExtensionsKt#method:25:onKeyPress:(Ldev/s7a/strata/modifier/Modifier;Lkotlin/jvm/functions/Function2;)Ldev/s7a/strata/modifier/Modifier;
api	Api	dev.s7a.strata.modifier.FocusedInputExtensionsKt#method:25:onKeyRelease:(Ldev/s7a/strata/modifier/Modifier;Lkotlin/jvm/functions/Function2;)Ldev/s7a/strata/modifier/Modifier;
api	Api	dev.s7a.strata.modifier.FocusedInputExtensionsKt#method:25:onPreedit:(Ldev/s7a/strata/modifier/Modifier;Lkotlin/jvm/functions/Function2;)Ldev/s7a/strata/modifier/Modifier;
api	Api	dev.s7a.strata.modifier.FocusedInputExtensionsKt#method:25:onTextInput:(Ldev/s7a/strata/modifier/Modifier;Lkotlin/jvm/functions/Function2;)Ldev/s7a/strata/modifier/Modifier;
api	Api	dev.s7a.strata.modifier.FocusedInputExtensionsKt#type:17:java.lang.Object:
api	Api	dev.s7a.strata.modifier.FocusedInputModifier#field:25:INSTANCE:Ldev/s7a/strata/modifier/FocusedInputModifier;
api	Api	dev.s7a.strata.modifier.FocusedInputModifier#method:17:getTYPE$dev_s7a_strata_api:()Ldev/s7a/strata/modifier/ModifierNodeType;
api	Api	dev.s7a.strata.modifier.FocusedInputModifier#type:17:java.lang.Object:
api	Api	dev.s7a.strata.modifier.FocusedInputModifier$Action#type:1545::
api	Api	dev.s7a.strata.modifier.FocusedInputModifier$Action$Character#constructor:1:(Lkotlin/jvm/functions/Function2;)V
api	Api	dev.s7a.strata.modifier.FocusedInputModifier$Action$Character#method:17:component1:()Lkotlin/jvm/functions/Function2;
api	Api	dev.s7a.strata.modifier.FocusedInputModifier$Action$Character#method:17:copy:(Lkotlin/jvm/functions/Function2;)Ldev/s7a/strata/modifier/FocusedInputModifier$Action$Character;
api	Api	dev.s7a.strata.modifier.FocusedInputModifier$Action$Character#method:17:getCallback:()Lkotlin/jvm/functions/Function2;
api	Api	dev.s7a.strata.modifier.FocusedInputModifier$Action$Character#method:1:equals:(Ljava/lang/Object;)Z
api	Api	dev.s7a.strata.modifier.FocusedInputModifier$Action$Character#method:1:hashCode:()I
api	Api	dev.s7a.strata.modifier.FocusedInputModifier$Action$Character#method:1:toString:()Ljava/lang/String;
api	Api	dev.s7a.strata.modifier.FocusedInputModifier$Action$Character#type:25:java.lang.Object:dev.s7a.strata.modifier.FocusedInputModifier$Action
api	Api	dev.s7a.strata.modifier.FocusedInputModifier$Action$EveryKey#constructor:1:(Lkotlin/jvm/functions/Function2;)V
api	Api	dev.s7a.strata.modifier.FocusedInputModifier$Action$EveryKey#method:17:component1:()Lkotlin/jvm/functions/Function2;
api	Api	dev.s7a.strata.modifier.FocusedInputModifier$Action$EveryKey#method:17:copy:(Lkotlin/jvm/functions/Function2;)Ldev/s7a/strata/modifier/FocusedInputModifier$Action$EveryKey;
api	Api	dev.s7a.strata.modifier.FocusedInputModifier$Action$EveryKey#method:17:getCallback:()Lkotlin/jvm/functions/Function2;
api	Api	dev.s7a.strata.modifier.FocusedInputModifier$Action$EveryKey#method:1:equals:(Ljava/lang/Object;)Z
api	Api	dev.s7a.strata.modifier.FocusedInputModifier$Action$EveryKey#method:1:hashCode:()I
api	Api	dev.s7a.strata.modifier.FocusedInputModifier$Action$EveryKey#method:1:toString:()Ljava/lang/String;
api	Api	dev.s7a.strata.modifier.FocusedInputModifier$Action$EveryKey#type:25:java.lang.Object:dev.s7a.strata.modifier.FocusedInputModifier$Action
api	Api	dev.s7a.strata.modifier.FocusedInputModifier$Action$EveryText#constructor:1:(Lkotlin/jvm/functions/Function2;)V
api	Api	dev.s7a.strata.modifier.FocusedInputModifier$Action$EveryText#method:17:component1:()Lkotlin/jvm/functions/Function2;
api	Api	dev.s7a.strata.modifier.FocusedInputModifier$Action$EveryText#method:17:copy:(Lkotlin/jvm/functions/Function2;)Ldev/s7a/strata/modifier/FocusedInputModifier$Action$EveryText;
api	Api	dev.s7a.strata.modifier.FocusedInputModifier$Action$EveryText#method:17:getCallback:()Lkotlin/jvm/functions/Function2;
api	Api	dev.s7a.strata.modifier.FocusedInputModifier$Action$EveryText#method:1:equals:(Ljava/lang/Object;)Z
api	Api	dev.s7a.strata.modifier.FocusedInputModifier$Action$EveryText#method:1:hashCode:()I
api	Api	dev.s7a.strata.modifier.FocusedInputModifier$Action$EveryText#method:1:toString:()Ljava/lang/String;
api	Api	dev.s7a.strata.modifier.FocusedInputModifier$Action$EveryText#type:25:java.lang.Object:dev.s7a.strata.modifier.FocusedInputModifier$Action
api	Api	dev.s7a.strata.modifier.FocusedInputModifier$Action$FocusChange#constructor:1:(Lkotlin/jvm/functions/Function2;)V
api	Api	dev.s7a.strata.modifier.FocusedInputModifier$Action$FocusChange#method:17:component1:()Lkotlin/jvm/functions/Function2;
api	Api	dev.s7a.strata.modifier.FocusedInputModifier$Action$FocusChange#method:17:copy:(Lkotlin/jvm/functions/Function2;)Ldev/s7a/strata/modifier/FocusedInputModifier$Action$FocusChange;
api	Api	dev.s7a.strata.modifier.FocusedInputModifier$Action$FocusChange#method:17:getCallback:()Lkotlin/jvm/functions/Function2;
api	Api	dev.s7a.strata.modifier.FocusedInputModifier$Action$FocusChange#method:1:equals:(Ljava/lang/Object;)Z
api	Api	dev.s7a.strata.modifier.FocusedInputModifier$Action$FocusChange#method:1:hashCode:()I
api	Api	dev.s7a.strata.modifier.FocusedInputModifier$Action$FocusChange#method:1:toString:()Ljava/lang/String;
api	Api	dev.s7a.strata.modifier.FocusedInputModifier$Action$FocusChange#type:25:java.lang.Object:dev.s7a.strata.modifier.FocusedInputModifier$Action
api	Api	dev.s7a.strata.modifier.FocusedInputModifier$Action$Focusable#field:25:INSTANCE:Ldev/s7a/strata/modifier/FocusedInputModifier$Action$Focusable;
api	Api	dev.s7a.strata.modifier.FocusedInputModifier$Action$Focusable#method:1:equals:(Ljava/lang/Object;)Z
api	Api	dev.s7a.strata.modifier.FocusedInputModifier$Action$Focusable#method:1:hashCode:()I
api	Api	dev.s7a.strata.modifier.FocusedInputModifier$Action$Focusable#method:1:toString:()Ljava/lang/String;
api	Api	dev.s7a.strata.modifier.FocusedInputModifier$Action$Focusable#type:25:java.lang.Object:dev.s7a.strata.modifier.FocusedInputModifier$Action
api	Api	dev.s7a.strata.modifier.FocusedInputModifier$Action$InitialFocus#field:25:INSTANCE:Ldev/s7a/strata/modifier/FocusedInputModifier$Action$InitialFocus;
api	Api	dev.s7a.strata.modifier.FocusedInputModifier$Action$InitialFocus#method:1:equals:(Ljava/lang/Object;)Z
api	Api	dev.s7a.strata.modifier.FocusedInputModifier$Action$InitialFocus#method:1:hashCode:()I
api	Api	dev.s7a.strata.modifier.FocusedInputModifier$Action$InitialFocus#method:1:toString:()Ljava/lang/String;
api	Api	dev.s7a.strata.modifier.FocusedInputModifier$Action$InitialFocus#type:25:java.lang.Object:dev.s7a.strata.modifier.FocusedInputModifier$Action
api	Api	dev.s7a.strata.modifier.FocusedInputModifier$Action$KeyPress#constructor:1:(Lkotlin/jvm/functions/Function2;)V
api	Api	dev.s7a.strata.modifier.FocusedInputModifier$Action$KeyPress#method:17:component1:()Lkotlin/jvm/functions/Function2;
api	Api	dev.s7a.strata.modifier.FocusedInputModifier$Action$KeyPress#method:17:copy:(Lkotlin/jvm/functions/Function2;)Ldev/s7a/strata/modifier/FocusedInputModifier$Action$KeyPress;
api	Api	dev.s7a.strata.modifier.FocusedInputModifier$Action$KeyPress#method:17:getCallback:()Lkotlin/jvm/functions/Function2;
api	Api	dev.s7a.strata.modifier.FocusedInputModifier$Action$KeyPress#method:1:equals:(Ljava/lang/Object;)Z
api	Api	dev.s7a.strata.modifier.FocusedInputModifier$Action$KeyPress#method:1:hashCode:()I
api	Api	dev.s7a.strata.modifier.FocusedInputModifier$Action$KeyPress#method:1:toString:()Ljava/lang/String;
api	Api	dev.s7a.strata.modifier.FocusedInputModifier$Action$KeyPress#type:25:java.lang.Object:dev.s7a.strata.modifier.FocusedInputModifier$Action
api	Api	dev.s7a.strata.modifier.FocusedInputModifier$Action$KeyRelease#constructor:1:(Lkotlin/jvm/functions/Function2;)V
api	Api	dev.s7a.strata.modifier.FocusedInputModifier$Action$KeyRelease#method:17:component1:()Lkotlin/jvm/functions/Function2;
api	Api	dev.s7a.strata.modifier.FocusedInputModifier$Action$KeyRelease#method:17:copy:(Lkotlin/jvm/functions/Function2;)Ldev/s7a/strata/modifier/FocusedInputModifier$Action$KeyRelease;
api	Api	dev.s7a.strata.modifier.FocusedInputModifier$Action$KeyRelease#method:17:getCallback:()Lkotlin/jvm/functions/Function2;
api	Api	dev.s7a.strata.modifier.FocusedInputModifier$Action$KeyRelease#method:1:equals:(Ljava/lang/Object;)Z
api	Api	dev.s7a.strata.modifier.FocusedInputModifier$Action$KeyRelease#method:1:hashCode:()I
api	Api	dev.s7a.strata.modifier.FocusedInputModifier$Action$KeyRelease#method:1:toString:()Ljava/lang/String;
api	Api	dev.s7a.strata.modifier.FocusedInputModifier$Action$KeyRelease#type:25:java.lang.Object:dev.s7a.strata.modifier.FocusedInputModifier$Action
api	Api	dev.s7a.strata.modifier.FocusedInputModifier$Action$Preedit#constructor:1:(Lkotlin/jvm/functions/Function2;)V
api	Api	dev.s7a.strata.modifier.FocusedInputModifier$Action$Preedit#method:17:component1:()Lkotlin/jvm/functions/Function2;
api	Api	dev.s7a.strata.modifier.FocusedInputModifier$Action$Preedit#method:17:copy:(Lkotlin/jvm/functions/Function2;)Ldev/s7a/strata/modifier/FocusedInputModifier$Action$Preedit;
api	Api	dev.s7a.strata.modifier.FocusedInputModifier$Action$Preedit#method:17:getCallback:()Lkotlin/jvm/functions/Function2;
api	Api	dev.s7a.strata.modifier.FocusedInputModifier$Action$Preedit#method:1:equals:(Ljava/lang/Object;)Z
api	Api	dev.s7a.strata.modifier.FocusedInputModifier$Action$Preedit#method:1:hashCode:()I
api	Api	dev.s7a.strata.modifier.FocusedInputModifier$Action$Preedit#method:1:toString:()Ljava/lang/String;
api	Api	dev.s7a.strata.modifier.FocusedInputModifier$Action$Preedit#type:25:java.lang.Object:dev.s7a.strata.modifier.FocusedInputModifier$Action
api	Api	dev.s7a.strata.modifier.FocusedInputModifier$Action$Released#field:25:INSTANCE:Ldev/s7a/strata/modifier/FocusedInputModifier$Action$Released;
api	Api	dev.s7a.strata.modifier.FocusedInputModifier$Action$Released#method:1:equals:(Ljava/lang/Object;)Z
api	Api	dev.s7a.strata.modifier.FocusedInputModifier$Action$Released#method:1:hashCode:()I
api	Api	dev.s7a.strata.modifier.FocusedInputModifier$Action$Released#method:1:toString:()Ljava/lang/String;
api	Api	dev.s7a.strata.modifier.FocusedInputModifier$Action$Released#type:25:java.lang.Object:dev.s7a.strata.modifier.FocusedInputModifier$Action
api	Api	dev.s7a.strata.modifier.FocusedInputModifier$Element#constructor:1:(Ldev/s7a/strata/modifier/FocusedInputModifier$Action;Ldev/s7a/strata/projection/DeclarationProjection;)V
api	Api	dev.s7a.strata.modifier.FocusedInputModifier$Element#method:17:component1:()Ldev/s7a/strata/modifier/FocusedInputModifier$Action;
api	Api	dev.s7a.strata.modifier.FocusedInputModifier$Element#method:17:component2:()Ldev/s7a/strata/projection/DeclarationProjection;
api	Api	dev.s7a.strata.modifier.FocusedInputModifier$Element#method:17:copy:(Ldev/s7a/strata/modifier/FocusedInputModifier$Action;Ldev/s7a/strata/projection/DeclarationProjection;)Ldev/s7a/strata/modifier/FocusedInputModifier$Element;
api	Api	dev.s7a.strata.modifier.FocusedInputModifier$Element#method:17:getAction:()Ldev/s7a/strata/modifier/FocusedInputModifier$Action;
api	Api	dev.s7a.strata.modifier.FocusedInputModifier$Element#method:1:equals:(Ljava/lang/Object;)Z
api	Api	dev.s7a.strata.modifier.FocusedInputModifier$Element#method:1:getProjection:()Ldev/s7a/strata/projection/DeclarationProjection;
api	Api	dev.s7a.strata.modifier.FocusedInputModifier$Element#method:1:getType:()Ldev/s7a/strata/modifier/ModifierNodeType;
api	Api	dev.s7a.strata.modifier.FocusedInputModifier$Element#method:1:hashCode:()I
api	Api	dev.s7a.strata.modifier.FocusedInputModifier$Element#method:1:toString:()Ljava/lang/String;
api	Api	dev.s7a.strata.modifier.FocusedInputModifier$Element#type:25:java.lang.Object:dev.s7a.strata.modifier.ModifierElement
api	Api	dev.s7a.strata.modifier.FocusedInputModifier$Node#constructor:1:(Ldev/s7a/strata/modifier/FocusedInputModifier$Action;)V
api	Api	dev.s7a.strata.modifier.FocusedInputModifier$Node#method:17:update-FtRg8Cc$dev_s7a_strata_api:(Ldev/s7a/strata/modifier/FocusedInputModifier$Element;)I
api	Api	dev.s7a.strata.modifier.FocusedInputModifier$Node#method:1:attach:()V
api	Api	dev.s7a.strata.modifier.FocusedInputModifier$Node#method:1:detach:()V
api	Api	dev.s7a.strata.modifier.FocusedInputModifier$Node#method:1:dispose:()V
api	Api	dev.s7a.strata.modifier.FocusedInputModifier$Node#method:1:getAcceptsFocus:()Z
api	Api	dev.s7a.strata.modifier.FocusedInputModifier$Node#method:1:getRequestsInitialFocus:()Z
api	Api	dev.s7a.strata.modifier.FocusedInputModifier$Node#method:1:onFocusChanged:(Z)V
api	Api	dev.s7a.strata.modifier.FocusedInputModifier$Node#method:1:onKeyboardEvent:(Ldev/s7a/strata/input/KeyboardEvent;)Ldev/s7a/strata/input/InputResult;
api	Api	dev.s7a.strata.modifier.FocusedInputModifier$Node#method:1:onTextInput:(Ldev/s7a/strata/input/TextInputEvent;)Ldev/s7a/strata/input/InputResult;
api	Api	dev.s7a.strata.modifier.FocusedInputModifier$Node#method:65:getRequiresTextInput:()Z
api	Api	dev.s7a.strata.modifier.FocusedInputModifier$Node#type:25:dev.s7a.strata.node.ModifierNode:dev.s7a.strata.node.FocusTargetNode,dev.s7a.strata.node.KeyboardInputNode,dev.s7a.strata.node.LifecycleNode,dev.s7a.strata.node.TextInputNode
api	Api	dev.s7a.strata.modifier.ImageBackgroundModifiers#method:25:containerBackground:(Ldev/s7a/strata/modifier/Modifier;I)Ldev/s7a/strata/modifier/Modifier;
api	Api	dev.s7a.strata.modifier.ImageBackgroundModifiers#method:25:imageBackground:(Ldev/s7a/strata/modifier/Modifier;Ldev/s7a/strata/component/ImageSource;Ldev/s7a/strata/component/ImageScale;)Ldev/s7a/strata/modifier/Modifier;
api	Api	dev.s7a.strata.modifier.ImageBackgroundModifiers#method:25:imageBackground:(Ldev/s7a/strata/modifier/Modifier;Ldev/s7a/strata/component/ImageSource;Ldev/s7a/strata/geometry/Insets;Ldev/s7a/strata/component/NineSliceCenterMode;)Ldev/s7a/strata/modifier/Modifier;
api	Api	dev.s7a.strata.modifier.ImageBackgroundModifiers#method:25:menuBackground:(Ldev/s7a/strata/modifier/Modifier;)Ldev/s7a/strata/modifier/Modifier;
api	Api	dev.s7a.strata.modifier.ImageBackgroundModifiers#type:17:java.lang.Object:
api	Api	dev.s7a.strata.modifier.Modifier#field:25:Companion:Ldev/s7a/strata/modifier/Modifier$Companion;
api	Api	dev.s7a.strata.modifier.Modifier#method:17:elements:()Ljava/util/List;
api	Api	dev.s7a.strata.modifier.Modifier#method:17:then:(Ldev/s7a/strata/modifier/Modifier;)Ldev/s7a/strata/modifier/Modifier;
api	Api	dev.s7a.strata.modifier.Modifier#method:17:then:(Ldev/s7a/strata/modifier/ModifierElement;)Ldev/s7a/strata/modifier/Modifier;
api	Api	dev.s7a.strata.modifier.Modifier#method:1:equals:(Ljava/lang/Object;)Z
api	Api	dev.s7a.strata.modifier.Modifier#method:1:hashCode:()I
api	Api	dev.s7a.strata.modifier.Modifier#method:1:toString:()Ljava/lang/String;
api	Api	dev.s7a.strata.modifier.Modifier#type:17:java.lang.Object:
api	Api	dev.s7a.strata.modifier.Modifier$Companion#method:17:getEmpty:()Ldev/s7a/strata/modifier/Modifier;
api	Api	dev.s7a.strata.modifier.Modifier$Companion#type:25:java.lang.Object:
api	Api	dev.s7a.strata.modifier.ModifierElement#method:1025:getType:()Ldev/s7a/strata/modifier/ModifierNodeType;
api	Api	dev.s7a.strata.modifier.ModifierElement#method:1:getProjection:()Ldev/s7a/strata/projection/DeclarationProjection;
api	Api	dev.s7a.strata.modifier.ModifierElement#type:1537::
api	Api	dev.s7a.strata.modifier.ModifierElement$DefaultImpls#method:9:getProjection:(Ldev/s7a/strata/modifier/ModifierElement;)Ldev/s7a/strata/projection/DeclarationProjection;
api	Api	dev.s7a.strata.modifier.ModifierElement$DefaultImpls#type:25:java.lang.Object:
api	Api	dev.s7a.strata.modifier.ModifierNodeType#constructor:1:(Lkotlin/reflect/KClass;Lkotlin/reflect/KClass;Lkotlin/jvm/functions/Function1;Lkotlin/jvm/functions/Function1;Lkotlin/jvm/functions/Function3;)V
api	Api	dev.s7a.strata.modifier.ModifierNodeType#method:17:createErased:(Ldev/s7a/strata/modifier/ModifierElement;)Ldev/s7a/strata/node/ModifierNode;
api	Api	dev.s7a.strata.modifier.ModifierNodeType#method:17:updateErased-g-c3zcg:(Ldev/s7a/strata/modifier/ModifierElement;Ldev/s7a/strata/modifier/ModifierElement;Ldev/s7a/strata/node/ModifierNode;)I
api	Api	dev.s7a.strata.modifier.ModifierNodeType#method:17:validateErased:(Ldev/s7a/strata/modifier/ModifierElement;)V
api	Api	dev.s7a.strata.modifier.ModifierNodeType#type:17:java.lang.Object:
api	Api	dev.s7a.strata.modifier.ObservedActivationModifier#constructor:1:(Ldev/s7a/strata/state/StateSource;Lkotlin/jvm/functions/Function1;)V
api	Api	dev.s7a.strata.modifier.ObservedActivationModifier#method:1:getType:()Ldev/s7a/strata/modifier/ModifierNodeType;
api	Api	dev.s7a.strata.modifier.ObservedActivationModifier#method:65:getProjection:()Ldev/s7a/strata/projection/DeclarationProjection;
api	Api	dev.s7a.strata.modifier.ObservedActivationModifier#type:17:java.lang.Object:dev.s7a.strata.modifier.ModifierElement
api	Api	dev.s7a.strata.modifier.PaddingExtensionsKt#method:25:padding:(Ldev/s7a/strata/modifier/Modifier;I)Ldev/s7a/strata/modifier/Modifier;
api	Api	dev.s7a.strata.modifier.PaddingExtensionsKt#method:25:padding:(Ldev/s7a/strata/modifier/Modifier;II)Ldev/s7a/strata/modifier/Modifier;
api	Api	dev.s7a.strata.modifier.PaddingExtensionsKt#method:25:padding:(Ldev/s7a/strata/modifier/Modifier;IIII)Ldev/s7a/strata/modifier/Modifier;
api	Api	dev.s7a.strata.modifier.PaddingExtensionsKt#method:25:padding:(Ldev/s7a/strata/modifier/Modifier;Ldev/s7a/strata/geometry/Insets;)Ldev/s7a/strata/modifier/Modifier;
api	Api	dev.s7a.strata.modifier.PaddingExtensionsKt#type:17:java.lang.Object:
api	Api	dev.s7a.strata.modifier.PaddingModifier#field:25:INSTANCE:Ldev/s7a/strata/modifier/PaddingModifier;
api	Api	dev.s7a.strata.modifier.PaddingModifier#method:17:getTYPE$dev_s7a_strata_api:()Ldev/s7a/strata/modifier/ModifierNodeType;
api	Api	dev.s7a.strata.modifier.PaddingModifier#type:17:java.lang.Object:
api	Api	dev.s7a.strata.modifier.PaddingModifier$Element#constructor:1:(Ldev/s7a/strata/geometry/Insets;)V
api	Api	dev.s7a.strata.modifier.PaddingModifier$Element#method:17:component1:()Ldev/s7a/strata/geometry/Insets;
api	Api	dev.s7a.strata.modifier.PaddingModifier$Element#method:17:copy:(Ldev/s7a/strata/geometry/Insets;)Ldev/s7a/strata/modifier/PaddingModifier$Element;
api	Api	dev.s7a.strata.modifier.PaddingModifier$Element#method:17:getInsets:()Ldev/s7a/strata/geometry/Insets;
api	Api	dev.s7a.strata.modifier.PaddingModifier$Element#method:1:equals:(Ljava/lang/Object;)Z
api	Api	dev.s7a.strata.modifier.PaddingModifier$Element#method:1:getProjection:()Ldev/s7a/strata/projection/DeclarationProjection;
api	Api	dev.s7a.strata.modifier.PaddingModifier$Element#method:1:getType:()Ldev/s7a/strata/modifier/ModifierNodeType;
api	Api	dev.s7a.strata.modifier.PaddingModifier$Element#method:1:hashCode:()I
api	Api	dev.s7a.strata.modifier.PaddingModifier$Element#method:1:toString:()Ljava/lang/String;
api	Api	dev.s7a.strata.modifier.PaddingModifier$Element#type:25:java.lang.Object:dev.s7a.strata.modifier.ModifierElement
api	Api	dev.s7a.strata.modifier.PaddingModifier$Node#constructor:1:(Ldev/s7a/strata/geometry/Insets;)V
api	Api	dev.s7a.strata.modifier.PaddingModifier$Node#method:17:update-FtRg8Cc$dev_s7a_strata_api:(Ldev/s7a/strata/modifier/PaddingModifier$Element;)I
api	Api	dev.s7a.strata.modifier.PaddingModifier$Node#method:1:layout:(Ldev/s7a/strata/layout/LayoutScope;)V
api	Api	dev.s7a.strata.modifier.PaddingModifier$Node#method:1:measure:(Ldev/s7a/strata/layout/MeasureScope;Ldev/s7a/strata/geometry/Constraints;)Ldev/s7a/strata/geometry/IntSize;
api	Api	dev.s7a.strata.modifier.PaddingModifier$Node#type:25:dev.s7a.strata.node.ModifierNode:
api	Api	dev.s7a.strata.modifier.PanZoomExtensionsKt#method:25:panZoom:(Ldev/s7a/strata/modifier/Modifier;Ldev/s7a/strata/component/PanZoomState;Ldev/s7a/strata/input/PointerButton;D)Ldev/s7a/strata/modifier/Modifier;
api	Api	dev.s7a.strata.modifier.PanZoomExtensionsKt#type:17:java.lang.Object:
api	Api	dev.s7a.strata.modifier.PanZoomModifier#field:25:INSTANCE:Ldev/s7a/strata/modifier/PanZoomModifier;
api	Api	dev.s7a.strata.modifier.PanZoomModifier#method:17:getTYPE$dev_s7a_strata_api:()Ldev/s7a/strata/modifier/ModifierNodeType;
api	Api	dev.s7a.strata.modifier.PanZoomModifier#type:17:java.lang.Object:
api	Api	dev.s7a.strata.modifier.PanZoomModifier$Element#constructor:1:(Ldev/s7a/strata/component/PanZoomState;Ldev/s7a/strata/input/PointerButton;D)V
api	Api	dev.s7a.strata.modifier.PanZoomModifier$Element#method:17:component1:()Ldev/s7a/strata/component/PanZoomState;
api	Api	dev.s7a.strata.modifier.PanZoomModifier$Element#method:17:component2:()Ldev/s7a/strata/input/PointerButton;
api	Api	dev.s7a.strata.modifier.PanZoomModifier$Element#method:17:component3:()D
api	Api	dev.s7a.strata.modifier.PanZoomModifier$Element#method:17:copy:(Ldev/s7a/strata/component/PanZoomState;Ldev/s7a/strata/input/PointerButton;D)Ldev/s7a/strata/modifier/PanZoomModifier$Element;
api	Api	dev.s7a.strata.modifier.PanZoomModifier$Element#method:17:getPanButton:()Ldev/s7a/strata/input/PointerButton;
api	Api	dev.s7a.strata.modifier.PanZoomModifier$Element#method:17:getState:()Ldev/s7a/strata/component/PanZoomState;
api	Api	dev.s7a.strata.modifier.PanZoomModifier$Element#method:17:getZoomStep:()D
api	Api	dev.s7a.strata.modifier.PanZoomModifier$Element#method:1:equals:(Ljava/lang/Object;)Z
api	Api	dev.s7a.strata.modifier.PanZoomModifier$Element#method:1:getProjection:()Ldev/s7a/strata/projection/DeclarationProjection;
api	Api	dev.s7a.strata.modifier.PanZoomModifier$Element#method:1:getType:()Ldev/s7a/strata/modifier/ModifierNodeType;
api	Api	dev.s7a.strata.modifier.PanZoomModifier$Element#method:1:hashCode:()I
api	Api	dev.s7a.strata.modifier.PanZoomModifier$Element#method:1:toString:()Ljava/lang/String;
api	Api	dev.s7a.strata.modifier.PanZoomModifier$Element#type:25:java.lang.Object:dev.s7a.strata.modifier.ModifierElement
api	Api	dev.s7a.strata.modifier.PanZoomModifier$Node#constructor:1:(Ldev/s7a/strata/modifier/PanZoomModifier$Element;)V
api	Api	dev.s7a.strata.modifier.PanZoomModifier$Node#method:17:update-FtRg8Cc$dev_s7a_strata_api:(Ldev/s7a/strata/modifier/PanZoomModifier$Element;)I
api	Api	dev.s7a.strata.modifier.PanZoomModifier$Node#method:1:onPointerCaptureAcquired:(Ldev/s7a/strata/input/PointerButton;)V
api	Api	dev.s7a.strata.modifier.PanZoomModifier$Node#method:1:onPointerCaptureCancelled:(Ldev/s7a/strata/input/PointerButton;)V
api	Api	dev.s7a.strata.modifier.PanZoomModifier$Node#method:1:onPointerEvent:(Ldev/s7a/strata/input/PointerEvent;Ldev/s7a/strata/geometry/IntOffset;)Ldev/s7a/strata/input/InputResult;
api	Api	dev.s7a.strata.modifier.PanZoomModifier$Node#type:25:dev.s7a.strata.node.ModifierNode:dev.s7a.strata.node.PointerCaptureNode
api	Api	dev.s7a.strata.modifier.PointerDragExtensionsKt#method:25:onDrag:(Ldev/s7a/strata/modifier/Modifier;Lkotlin/jvm/functions/Function1;)Ldev/s7a/strata/modifier/Modifier;
api	Api	dev.s7a.strata.modifier.PointerDragExtensionsKt#method:25:onDrag:(Ldev/s7a/strata/modifier/Modifier;Lkotlin/jvm/functions/Function3;)Ldev/s7a/strata/modifier/Modifier;
api	Api	dev.s7a.strata.modifier.PointerDragExtensionsKt#type:17:java.lang.Object:
api	Api	dev.s7a.strata.modifier.PointerInputExtensionsKt#method:25:onCapturedPointerEvent:(Ldev/s7a/strata/modifier/Modifier;Lkotlin/jvm/functions/Function2;Lkotlin/jvm/functions/Function3;)Ldev/s7a/strata/modifier/Modifier;
api	Api	dev.s7a.strata.modifier.PointerInputExtensionsKt#method:25:onHover:(Ldev/s7a/strata/modifier/Modifier;Lkotlin/jvm/functions/Function2;)Ldev/s7a/strata/modifier/Modifier;
api	Api	dev.s7a.strata.modifier.PointerInputExtensionsKt#method:25:onMove:(Ldev/s7a/strata/modifier/Modifier;Lkotlin/jvm/functions/Function1;)Ldev/s7a/strata/modifier/Modifier;
api	Api	dev.s7a.strata.modifier.PointerInputExtensionsKt#method:25:onMove:(Ldev/s7a/strata/modifier/Modifier;Lkotlin/jvm/functions/Function3;)Ldev/s7a/strata/modifier/Modifier;
api	Api	dev.s7a.strata.modifier.PointerInputExtensionsKt#method:25:onPointerEvent:(Ldev/s7a/strata/modifier/Modifier;Lkotlin/jvm/functions/Function3;)Ldev/s7a/strata/modifier/Modifier;
api	Api	dev.s7a.strata.modifier.PointerInputExtensionsKt#method:25:onPress:(Ldev/s7a/strata/modifier/Modifier;Lkotlin/jvm/functions/Function1;)Ldev/s7a/strata/modifier/Modifier;
api	Api	dev.s7a.strata.modifier.PointerInputExtensionsKt#method:25:onPress:(Ldev/s7a/strata/modifier/Modifier;Lkotlin/jvm/functions/Function3;)Ldev/s7a/strata/modifier/Modifier;
api	Api	dev.s7a.strata.modifier.PointerInputExtensionsKt#method:25:onRelease:(Ldev/s7a/strata/modifier/Modifier;Lkotlin/jvm/functions/Function1;)Ldev/s7a/strata/modifier/Modifier;
api	Api	dev.s7a.strata.modifier.PointerInputExtensionsKt#method:25:onRelease:(Ldev/s7a/strata/modifier/Modifier;Lkotlin/jvm/functions/Function3;)Ldev/s7a/strata/modifier/Modifier;
api	Api	dev.s7a.strata.modifier.PointerInputExtensionsKt#method:25:onScroll:(Ldev/s7a/strata/modifier/Modifier;Lkotlin/jvm/functions/Function1;)Ldev/s7a/strata/modifier/Modifier;
api	Api	dev.s7a.strata.modifier.PointerInputExtensionsKt#method:25:onScroll:(Ldev/s7a/strata/modifier/Modifier;Lkotlin/jvm/functions/Function3;)Ldev/s7a/strata/modifier/Modifier;
api	Api	dev.s7a.strata.modifier.PointerInputExtensionsKt#type:17:java.lang.Object:
api	Api	dev.s7a.strata.modifier.PointerInputModifier#field:25:INSTANCE:Ldev/s7a/strata/modifier/PointerInputModifier;
api	Api	dev.s7a.strata.modifier.PointerInputModifier#method:17:getTYPE$dev_s7a_strata_api:()Ldev/s7a/strata/modifier/ModifierNodeType;
api	Api	dev.s7a.strata.modifier.PointerInputModifier#type:17:java.lang.Object:
api	Api	dev.s7a.strata.modifier.PointerInputModifier$Action#type:1545::
api	Api	dev.s7a.strata.modifier.PointerInputModifier$Action$Drag#constructor:1:(Lkotlin/jvm/functions/Function3;)V
api	Api	dev.s7a.strata.modifier.PointerInputModifier$Action$Drag#method:17:component1:()Lkotlin/jvm/functions/Function3;
api	Api	dev.s7a.strata.modifier.PointerInputModifier$Action$Drag#method:17:copy:(Lkotlin/jvm/functions/Function3;)Ldev/s7a/strata/modifier/PointerInputModifier$Action$Drag;
api	Api	dev.s7a.strata.modifier.PointerInputModifier$Action$Drag#method:17:getCallback:()Lkotlin/jvm/functions/Function3;
api	Api	dev.s7a.strata.modifier.PointerInputModifier$Action$Drag#method:1:equals:(Ljava/lang/Object;)Z
api	Api	dev.s7a.strata.modifier.PointerInputModifier$Action$Drag#method:1:hashCode:()I
api	Api	dev.s7a.strata.modifier.PointerInputModifier$Action$Drag#method:1:toString:()Ljava/lang/String;
api	Api	dev.s7a.strata.modifier.PointerInputModifier$Action$Drag#type:25:java.lang.Object:dev.s7a.strata.modifier.PointerInputModifier$Action
api	Api	dev.s7a.strata.modifier.PointerInputModifier$Action$Every#constructor:1:(Lkotlin/jvm/functions/Function3;)V
api	Api	dev.s7a.strata.modifier.PointerInputModifier$Action$Every#method:17:component1:()Lkotlin/jvm/functions/Function3;
api	Api	dev.s7a.strata.modifier.PointerInputModifier$Action$Every#method:17:copy:(Lkotlin/jvm/functions/Function3;)Ldev/s7a/strata/modifier/PointerInputModifier$Action$Every;
api	Api	dev.s7a.strata.modifier.PointerInputModifier$Action$Every#method:17:getCallback:()Lkotlin/jvm/functions/Function3;
api	Api	dev.s7a.strata.modifier.PointerInputModifier$Action$Every#method:1:equals:(Ljava/lang/Object;)Z
api	Api	dev.s7a.strata.modifier.PointerInputModifier$Action$Every#method:1:hashCode:()I
api	Api	dev.s7a.strata.modifier.PointerInputModifier$Action$Every#method:1:toString:()Ljava/lang/String;
api	Api	dev.s7a.strata.modifier.PointerInputModifier$Action$Every#type:25:java.lang.Object:dev.s7a.strata.modifier.PointerInputModifier$Action
api	Api	dev.s7a.strata.modifier.PointerInputModifier$Action$Hover#constructor:1:(Lkotlin/jvm/functions/Function2;)V
api	Api	dev.s7a.strata.modifier.PointerInputModifier$Action$Hover#method:17:component1:()Lkotlin/jvm/functions/Function2;
api	Api	dev.s7a.strata.modifier.PointerInputModifier$Action$Hover#method:17:copy:(Lkotlin/jvm/functions/Function2;)Ldev/s7a/strata/modifier/PointerInputModifier$Action$Hover;
api	Api	dev.s7a.strata.modifier.PointerInputModifier$Action$Hover#method:17:getCallback:()Lkotlin/jvm/functions/Function2;
api	Api	dev.s7a.strata.modifier.PointerInputModifier$Action$Hover#method:1:equals:(Ljava/lang/Object;)Z
api	Api	dev.s7a.strata.modifier.PointerInputModifier$Action$Hover#method:1:hashCode:()I
api	Api	dev.s7a.strata.modifier.PointerInputModifier$Action$Hover#method:1:toString:()Ljava/lang/String;
api	Api	dev.s7a.strata.modifier.PointerInputModifier$Action$Hover#type:25:java.lang.Object:dev.s7a.strata.modifier.PointerInputModifier$Action
api	Api	dev.s7a.strata.modifier.PointerInputModifier$Action$Move#constructor:1:(Lkotlin/jvm/functions/Function3;)V
api	Api	dev.s7a.strata.modifier.PointerInputModifier$Action$Move#method:17:component1:()Lkotlin/jvm/functions/Function3;
api	Api	dev.s7a.strata.modifier.PointerInputModifier$Action$Move#method:17:copy:(Lkotlin/jvm/functions/Function3;)Ldev/s7a/strata/modifier/PointerInputModifier$Action$Move;
api	Api	dev.s7a.strata.modifier.PointerInputModifier$Action$Move#method:17:getCallback:()Lkotlin/jvm/functions/Function3;
api	Api	dev.s7a.strata.modifier.PointerInputModifier$Action$Move#method:1:equals:(Ljava/lang/Object;)Z
api	Api	dev.s7a.strata.modifier.PointerInputModifier$Action$Move#method:1:hashCode:()I
api	Api	dev.s7a.strata.modifier.PointerInputModifier$Action$Move#method:1:toString:()Ljava/lang/String;
api	Api	dev.s7a.strata.modifier.PointerInputModifier$Action$Move#type:25:java.lang.Object:dev.s7a.strata.modifier.PointerInputModifier$Action
api	Api	dev.s7a.strata.modifier.PointerInputModifier$Action$Press#constructor:1:(Lkotlin/jvm/functions/Function3;)V
api	Api	dev.s7a.strata.modifier.PointerInputModifier$Action$Press#method:17:component1:()Lkotlin/jvm/functions/Function3;
api	Api	dev.s7a.strata.modifier.PointerInputModifier$Action$Press#method:17:copy:(Lkotlin/jvm/functions/Function3;)Ldev/s7a/strata/modifier/PointerInputModifier$Action$Press;
api	Api	dev.s7a.strata.modifier.PointerInputModifier$Action$Press#method:17:getCallback:()Lkotlin/jvm/functions/Function3;
api	Api	dev.s7a.strata.modifier.PointerInputModifier$Action$Press#method:1:equals:(Ljava/lang/Object;)Z
api	Api	dev.s7a.strata.modifier.PointerInputModifier$Action$Press#method:1:hashCode:()I
api	Api	dev.s7a.strata.modifier.PointerInputModifier$Action$Press#method:1:toString:()Ljava/lang/String;
api	Api	dev.s7a.strata.modifier.PointerInputModifier$Action$Press#type:25:java.lang.Object:dev.s7a.strata.modifier.PointerInputModifier$Action
api	Api	dev.s7a.strata.modifier.PointerInputModifier$Action$Release#constructor:1:(Lkotlin/jvm/functions/Function3;)V
api	Api	dev.s7a.strata.modifier.PointerInputModifier$Action$Release#method:17:component1:()Lkotlin/jvm/functions/Function3;
api	Api	dev.s7a.strata.modifier.PointerInputModifier$Action$Release#method:17:copy:(Lkotlin/jvm/functions/Function3;)Ldev/s7a/strata/modifier/PointerInputModifier$Action$Release;
api	Api	dev.s7a.strata.modifier.PointerInputModifier$Action$Release#method:17:getCallback:()Lkotlin/jvm/functions/Function3;
api	Api	dev.s7a.strata.modifier.PointerInputModifier$Action$Release#method:1:equals:(Ljava/lang/Object;)Z
api	Api	dev.s7a.strata.modifier.PointerInputModifier$Action$Release#method:1:hashCode:()I
api	Api	dev.s7a.strata.modifier.PointerInputModifier$Action$Release#method:1:toString:()Ljava/lang/String;
api	Api	dev.s7a.strata.modifier.PointerInputModifier$Action$Release#type:25:java.lang.Object:dev.s7a.strata.modifier.PointerInputModifier$Action
api	Api	dev.s7a.strata.modifier.PointerInputModifier$Action$Released#field:25:INSTANCE:Ldev/s7a/strata/modifier/PointerInputModifier$Action$Released;
api	Api	dev.s7a.strata.modifier.PointerInputModifier$Action$Released#method:1:equals:(Ljava/lang/Object;)Z
api	Api	dev.s7a.strata.modifier.PointerInputModifier$Action$Released#method:1:hashCode:()I
api	Api	dev.s7a.strata.modifier.PointerInputModifier$Action$Released#method:1:toString:()Ljava/lang/String;
api	Api	dev.s7a.strata.modifier.PointerInputModifier$Action$Released#type:25:java.lang.Object:dev.s7a.strata.modifier.PointerInputModifier$Action
api	Api	dev.s7a.strata.modifier.PointerInputModifier$Action$Scroll#constructor:1:(Lkotlin/jvm/functions/Function3;)V
api	Api	dev.s7a.strata.modifier.PointerInputModifier$Action$Scroll#method:17:component1:()Lkotlin/jvm/functions/Function3;
api	Api	dev.s7a.strata.modifier.PointerInputModifier$Action$Scroll#method:17:copy:(Lkotlin/jvm/functions/Function3;)Ldev/s7a/strata/modifier/PointerInputModifier$Action$Scroll;
api	Api	dev.s7a.strata.modifier.PointerInputModifier$Action$Scroll#method:17:getCallback:()Lkotlin/jvm/functions/Function3;
api	Api	dev.s7a.strata.modifier.PointerInputModifier$Action$Scroll#method:1:equals:(Ljava/lang/Object;)Z
api	Api	dev.s7a.strata.modifier.PointerInputModifier$Action$Scroll#method:1:hashCode:()I
api	Api	dev.s7a.strata.modifier.PointerInputModifier$Action$Scroll#method:1:toString:()Ljava/lang/String;
api	Api	dev.s7a.strata.modifier.PointerInputModifier$Action$Scroll#type:25:java.lang.Object:dev.s7a.strata.modifier.PointerInputModifier$Action
api	Api	dev.s7a.strata.modifier.PointerInputModifier$Element#constructor:1:(Ldev/s7a/strata/modifier/PointerInputModifier$Action;Ldev/s7a/strata/projection/DeclarationProjection;)V
api	Api	dev.s7a.strata.modifier.PointerInputModifier$Element#method:17:component1:()Ldev/s7a/strata/modifier/PointerInputModifier$Action;
api	Api	dev.s7a.strata.modifier.PointerInputModifier$Element#method:17:component2:()Ldev/s7a/strata/projection/DeclarationProjection;
api	Api	dev.s7a.strata.modifier.PointerInputModifier$Element#method:17:copy:(Ldev/s7a/strata/modifier/PointerInputModifier$Action;Ldev/s7a/strata/projection/DeclarationProjection;)Ldev/s7a/strata/modifier/PointerInputModifier$Element;
api	Api	dev.s7a.strata.modifier.PointerInputModifier$Element#method:17:getAction:()Ldev/s7a/strata/modifier/PointerInputModifier$Action;
api	Api	dev.s7a.strata.modifier.PointerInputModifier$Element#method:1:equals:(Ljava/lang/Object;)Z
api	Api	dev.s7a.strata.modifier.PointerInputModifier$Element#method:1:getProjection:()Ldev/s7a/strata/projection/DeclarationProjection;
api	Api	dev.s7a.strata.modifier.PointerInputModifier$Element#method:1:getType:()Ldev/s7a/strata/modifier/ModifierNodeType;
api	Api	dev.s7a.strata.modifier.PointerInputModifier$Element#method:1:hashCode:()I
api	Api	dev.s7a.strata.modifier.PointerInputModifier$Element#method:1:toString:()Ljava/lang/String;
api	Api	dev.s7a.strata.modifier.PointerInputModifier$Element#type:25:java.lang.Object:dev.s7a.strata.modifier.ModifierElement
api	Api	dev.s7a.strata.modifier.PointerInputModifier$Node#constructor:1:(Ldev/s7a/strata/modifier/PointerInputModifier$Action;)V
api	Api	dev.s7a.strata.modifier.PointerInputModifier$Node#method:17:update-FtRg8Cc$dev_s7a_strata_api:(Ldev/s7a/strata/modifier/PointerInputModifier$Element;)I
api	Api	dev.s7a.strata.modifier.PointerInputModifier$Node#method:1:attach:()V
api	Api	dev.s7a.strata.modifier.PointerInputModifier$Node#method:1:detach:()V
api	Api	dev.s7a.strata.modifier.PointerInputModifier$Node#method:1:dispose:()V
api	Api	dev.s7a.strata.modifier.PointerInputModifier$Node#method:1:onPointerEvent:(Ldev/s7a/strata/input/PointerEvent;Ldev/s7a/strata/geometry/IntOffset;)Ldev/s7a/strata/input/InputResult;
api	Api	dev.s7a.strata.modifier.PointerInputModifier$Node#method:1:onPointerHover:(Z)V
api	Api	dev.s7a.strata.modifier.PointerInputModifier$Node#type:25:dev.s7a.strata.node.ModifierNode:dev.s7a.strata.node.LifecycleNode,dev.s7a.strata.node.PointerHoverNode,dev.s7a.strata.node.PointerInputNode
api	Api	dev.s7a.strata.modifier.RemoteComponentActionExtensionsKt#type:17:java.lang.Object:
api	Api	dev.s7a.strata.modifier.ScaleToFitExtensionsKt#method:25:scaleToFit:(Ldev/s7a/strata/modifier/Modifier;Ldev/s7a/strata/geometry/IntSize;Ldev/s7a/strata/layout/Alignment;Z)Ldev/s7a/strata/modifier/Modifier;
api	Api	dev.s7a.strata.modifier.ScaleToFitExtensionsKt#type:17:java.lang.Object:
api	Api	dev.s7a.strata.modifier.ScaleToFitModifier#field:25:INSTANCE:Ldev/s7a/strata/modifier/ScaleToFitModifier;
api	Api	dev.s7a.strata.modifier.ScaleToFitModifier#method:17:decode:(Ldev/s7a/strata/projection/ProjectionValue;)Ldev/s7a/strata/modifier/ModifierElement;
api	Api	dev.s7a.strata.modifier.ScaleToFitModifier#method:17:getTYPE$dev_s7a_strata_api:()Ldev/s7a/strata/modifier/ModifierNodeType;
api	Api	dev.s7a.strata.modifier.ScaleToFitModifier#type:17:java.lang.Object:
api	Api	dev.s7a.strata.modifier.ScaleToFitModifier$Element#constructor:1:(Ldev/s7a/strata/geometry/IntSize;Ldev/s7a/strata/layout/Alignment;Z)V
api	Api	dev.s7a.strata.modifier.ScaleToFitModifier$Element#method:17:component1:()Ldev/s7a/strata/geometry/IntSize;
api	Api	dev.s7a.strata.modifier.ScaleToFitModifier$Element#method:17:component2:()Ldev/s7a/strata/layout/Alignment;
api	Api	dev.s7a.strata.modifier.ScaleToFitModifier$Element#method:17:component3:()Z
api	Api	dev.s7a.strata.modifier.ScaleToFitModifier$Element#method:17:copy:(Ldev/s7a/strata/geometry/IntSize;Ldev/s7a/strata/layout/Alignment;Z)Ldev/s7a/strata/modifier/ScaleToFitModifier$Element;
api	Api	dev.s7a.strata.modifier.ScaleToFitModifier$Element#method:17:getAllowUpscaling:()Z
api	Api	dev.s7a.strata.modifier.ScaleToFitModifier$Element#method:17:getContentAlignment:()Ldev/s7a/strata/layout/Alignment;
api	Api	dev.s7a.strata.modifier.ScaleToFitModifier$Element#method:17:getContentSize:()Ldev/s7a/strata/geometry/IntSize;
api	Api	dev.s7a.strata.modifier.ScaleToFitModifier$Element#method:1:equals:(Ljava/lang/Object;)Z
api	Api	dev.s7a.strata.modifier.ScaleToFitModifier$Element#method:1:getProjection:()Ldev/s7a/strata/projection/DeclarationProjection;
api	Api	dev.s7a.strata.modifier.ScaleToFitModifier$Element#method:1:getType:()Ldev/s7a/strata/modifier/ModifierNodeType;
api	Api	dev.s7a.strata.modifier.ScaleToFitModifier$Element#method:1:hashCode:()I
api	Api	dev.s7a.strata.modifier.ScaleToFitModifier$Element#method:1:toString:()Ljava/lang/String;
api	Api	dev.s7a.strata.modifier.ScaleToFitModifier$Element#type:25:java.lang.Object:dev.s7a.strata.modifier.ModifierElement
api	Api	dev.s7a.strata.modifier.ScaleToFitModifier$Node#constructor:1:(Ldev/s7a/strata/modifier/ScaleToFitModifier$Element;)V
api	Api	dev.s7a.strata.modifier.ScaleToFitModifier$Node#method:17:update-FtRg8Cc$dev_s7a_strata_api:(Ldev/s7a/strata/modifier/ScaleToFitModifier$Element;)I
api	Api	dev.s7a.strata.modifier.ScaleToFitModifier$Node#method:1:childTransform:(I)Ldev/s7a/strata/node/ChildTransform;
api	Api	dev.s7a.strata.modifier.ScaleToFitModifier$Node#method:1:layout:(Ldev/s7a/strata/layout/LayoutScope;)V
api	Api	dev.s7a.strata.modifier.ScaleToFitModifier$Node#method:1:measure:(Ldev/s7a/strata/layout/MeasureScope;Ldev/s7a/strata/geometry/Constraints;)Ldev/s7a/strata/geometry/IntSize;
api	Api	dev.s7a.strata.modifier.ScaleToFitModifier$Node#type:25:dev.s7a.strata.node.ModifierNode:dev.s7a.strata.node.ChildTransformNode
api	Api	dev.s7a.strata.modifier.ScaleToFitModifier$Node$WhenMappings#type:4121:java.lang.Object:
api	Api	dev.s7a.strata.modifier.SemanticsExtensionsKt#method:25:semantics:(Ldev/s7a/strata/modifier/Modifier;Ldev/s7a/strata/semantics/Semantics;)Ldev/s7a/strata/modifier/Modifier;
api	Api	dev.s7a.strata.modifier.SemanticsExtensionsKt#type:17:java.lang.Object:
api	Api	dev.s7a.strata.modifier.SemanticsModifier#field:25:INSTANCE:Ldev/s7a/strata/modifier/SemanticsModifier;
api	Api	dev.s7a.strata.modifier.SemanticsModifier#method:17:getTYPE$dev_s7a_strata_api:()Ldev/s7a/strata/modifier/ModifierNodeType;
api	Api	dev.s7a.strata.modifier.SemanticsModifier#type:17:java.lang.Object:
api	Api	dev.s7a.strata.modifier.SemanticsModifier$Element#constructor:1:(Ldev/s7a/strata/semantics/Semantics;)V
api	Api	dev.s7a.strata.modifier.SemanticsModifier$Element#method:17:component1:()Ldev/s7a/strata/semantics/Semantics;
api	Api	dev.s7a.strata.modifier.SemanticsModifier$Element#method:17:copy:(Ldev/s7a/strata/semantics/Semantics;)Ldev/s7a/strata/modifier/SemanticsModifier$Element;
api	Api	dev.s7a.strata.modifier.SemanticsModifier$Element#method:17:getValue:()Ldev/s7a/strata/semantics/Semantics;
api	Api	dev.s7a.strata.modifier.SemanticsModifier$Element#method:1:equals:(Ljava/lang/Object;)Z
api	Api	dev.s7a.strata.modifier.SemanticsModifier$Element#method:1:getProjection:()Ldev/s7a/strata/projection/DeclarationProjection;
api	Api	dev.s7a.strata.modifier.SemanticsModifier$Element#method:1:getType:()Ldev/s7a/strata/modifier/ModifierNodeType;
api	Api	dev.s7a.strata.modifier.SemanticsModifier$Element#method:1:hashCode:()I
api	Api	dev.s7a.strata.modifier.SemanticsModifier$Element#method:1:toString:()Ljava/lang/String;
api	Api	dev.s7a.strata.modifier.SemanticsModifier$Element#type:25:java.lang.Object:dev.s7a.strata.modifier.ModifierElement
api	Api	dev.s7a.strata.modifier.SemanticsModifier$Node#constructor:1:(Ldev/s7a/strata/semantics/Semantics;)V
api	Api	dev.s7a.strata.modifier.SemanticsModifier$Node#method:17:update-FtRg8Cc$dev_s7a_strata_api:(Ldev/s7a/strata/modifier/SemanticsModifier$Element;)I
api	Api	dev.s7a.strata.modifier.SemanticsModifier$Node#method:1:semantics:(Ldev/s7a/strata/semantics/SemanticsScope;)V
api	Api	dev.s7a.strata.modifier.SemanticsModifier$Node#type:25:dev.s7a.strata.node.ModifierNode:dev.s7a.strata.node.SemanticsNode
api	Api	dev.s7a.strata.modifier.SizeExtensionsKt#method:25:fillMaxHeight:(Ldev/s7a/strata/modifier/Modifier;)Ldev/s7a/strata/modifier/Modifier;
api	Api	dev.s7a.strata.modifier.SizeExtensionsKt#method:25:fillMaxSize:(Ldev/s7a/strata/modifier/Modifier;)Ldev/s7a/strata/modifier/Modifier;
api	Api	dev.s7a.strata.modifier.SizeExtensionsKt#method:25:fillMaxWidth:(Ldev/s7a/strata/modifier/Modifier;)Ldev/s7a/strata/modifier/Modifier;
api	Api	dev.s7a.strata.modifier.SizeExtensionsKt#method:25:height:(Ldev/s7a/strata/modifier/Modifier;I)Ldev/s7a/strata/modifier/Modifier;
api	Api	dev.s7a.strata.modifier.SizeExtensionsKt#method:25:heightIn:(Ldev/s7a/strata/modifier/Modifier;II)Ldev/s7a/strata/modifier/Modifier;
api	Api	dev.s7a.strata.modifier.SizeExtensionsKt#method:25:size:(Ldev/s7a/strata/modifier/Modifier;II)Ldev/s7a/strata/modifier/Modifier;
api	Api	dev.s7a.strata.modifier.SizeExtensionsKt#method:25:sizeIn:(Ldev/s7a/strata/modifier/Modifier;IIII)Ldev/s7a/strata/modifier/Modifier;
api	Api	dev.s7a.strata.modifier.SizeExtensionsKt#method:25:width:(Ldev/s7a/strata/modifier/Modifier;I)Ldev/s7a/strata/modifier/Modifier;
api	Api	dev.s7a.strata.modifier.SizeExtensionsKt#method:25:widthIn:(Ldev/s7a/strata/modifier/Modifier;II)Ldev/s7a/strata/modifier/Modifier;
api	Api	dev.s7a.strata.modifier.SizeExtensionsKt#type:17:java.lang.Object:
api	Api	dev.s7a.strata.modifier.SizeModifier#field:25:INSTANCE:Ldev/s7a/strata/modifier/SizeModifier;
api	Api	dev.s7a.strata.modifier.SizeModifier#method:17:decode:(Ldev/s7a/strata/projection/ProjectionValue;)Ldev/s7a/strata/modifier/ModifierElement;
api	Api	dev.s7a.strata.modifier.SizeModifier#method:17:getTYPE$dev_s7a_strata_api:()Ldev/s7a/strata/modifier/ModifierNodeType;
api	Api	dev.s7a.strata.modifier.SizeModifier#type:17:java.lang.Object:
api	Api	dev.s7a.strata.modifier.SizeModifier$Element#constructor:1:(Ldev/s7a/strata/modifier/AxisConstraint;Ldev/s7a/strata/modifier/AxisConstraint;)V
api	Api	dev.s7a.strata.modifier.SizeModifier$Element#method:17:component1:()Ldev/s7a/strata/modifier/AxisConstraint;
api	Api	dev.s7a.strata.modifier.SizeModifier$Element#method:17:component2:()Ldev/s7a/strata/modifier/AxisConstraint;
api	Api	dev.s7a.strata.modifier.SizeModifier$Element#method:17:copy:(Ldev/s7a/strata/modifier/AxisConstraint;Ldev/s7a/strata/modifier/AxisConstraint;)Ldev/s7a/strata/modifier/SizeModifier$Element;
api	Api	dev.s7a.strata.modifier.SizeModifier$Element#method:17:getHeight:()Ldev/s7a/strata/modifier/AxisConstraint;
api	Api	dev.s7a.strata.modifier.SizeModifier$Element#method:17:getWidth:()Ldev/s7a/strata/modifier/AxisConstraint;
api	Api	dev.s7a.strata.modifier.SizeModifier$Element#method:1:equals:(Ljava/lang/Object;)Z
api	Api	dev.s7a.strata.modifier.SizeModifier$Element#method:1:getProjection:()Ldev/s7a/strata/projection/DeclarationProjection;
api	Api	dev.s7a.strata.modifier.SizeModifier$Element#method:1:getType:()Ldev/s7a/strata/modifier/ModifierNodeType;
api	Api	dev.s7a.strata.modifier.SizeModifier$Element#method:1:hashCode:()I
api	Api	dev.s7a.strata.modifier.SizeModifier$Element#method:1:toString:()Ljava/lang/String;
api	Api	dev.s7a.strata.modifier.SizeModifier$Element#type:25:java.lang.Object:dev.s7a.strata.modifier.ModifierElement
api	Api	dev.s7a.strata.modifier.SizeModifier$Node#constructor:1:(Ldev/s7a/strata/modifier/AxisConstraint;Ldev/s7a/strata/modifier/AxisConstraint;)V
api	Api	dev.s7a.strata.modifier.SizeModifier$Node#method:17:update-FtRg8Cc$dev_s7a_strata_api:(Ldev/s7a/strata/modifier/SizeModifier$Element;)I
api	Api	dev.s7a.strata.modifier.SizeModifier$Node#method:1:measure:(Ldev/s7a/strata/layout/MeasureScope;Ldev/s7a/strata/geometry/Constraints;)Ldev/s7a/strata/geometry/IntSize;
api	Api	dev.s7a.strata.modifier.SizeModifier$Node#type:25:dev.s7a.strata.node.ModifierNode:
api	Api	dev.s7a.strata.modifier.TooltipModifiers#method:25:tooltip:(Ldev/s7a/strata/modifier/Modifier;Ldev/s7a/strata/text/UiText;J)Ldev/s7a/strata/modifier/Modifier;
api	Api	dev.s7a.strata.modifier.TooltipModifiers#method:25:tooltip:(Ldev/s7a/strata/modifier/Modifier;Ljava/lang/String;J)Ldev/s7a/strata/modifier/Modifier;
api	Api	dev.s7a.strata.modifier.TooltipModifiers#type:17:java.lang.Object:
api	Api	dev.s7a.strata.node.ChildTransform#constructor:1:(DLdev/s7a/strata/geometry/DoubleOffset;)V
api	Api	dev.s7a.strata.node.ChildTransform#field:25:Companion:Ldev/s7a/strata/node/ChildTransform$Companion;
api	Api	dev.s7a.strata.node.ChildTransform#method:17:component1:()D
api	Api	dev.s7a.strata.node.ChildTransform#method:17:component2:()Ldev/s7a/strata/geometry/DoubleOffset;
api	Api	dev.s7a.strata.node.ChildTransform#method:17:copy:(DLdev/s7a/strata/geometry/DoubleOffset;)Ldev/s7a/strata/node/ChildTransform;
api	Api	dev.s7a.strata.node.ChildTransform#method:17:getOffset:()Ldev/s7a/strata/geometry/DoubleOffset;
api	Api	dev.s7a.strata.node.ChildTransform#method:17:getScale:()D
api	Api	dev.s7a.strata.node.ChildTransform#method:1:equals:(Ljava/lang/Object;)Z
api	Api	dev.s7a.strata.node.ChildTransform#method:1:hashCode:()I
api	Api	dev.s7a.strata.node.ChildTransform#method:1:toString:()Ljava/lang/String;
api	Api	dev.s7a.strata.node.ChildTransform#type:17:java.lang.Object:
api	Api	dev.s7a.strata.node.ChildTransform$Companion#method:17:getIdentity:()Ldev/s7a/strata/node/ChildTransform;
api	Api	dev.s7a.strata.node.ChildTransform$Companion#type:25:java.lang.Object:
api	Api	dev.s7a.strata.node.ChildTransformNode#method:1025:childTransform:(I)Ldev/s7a/strata/node/ChildTransform;
api	Api	dev.s7a.strata.node.ChildTransformNode#type:1537::
api	Api	dev.s7a.strata.node.ClipChildrenNode#type:1537::
api	Api	dev.s7a.strata.node.ContentInvalidation#field:16409:Initial:Ldev/s7a/strata/node/ContentInvalidation;
api	Api	dev.s7a.strata.node.ContentInvalidation#field:16409:ParentDefinition:Ldev/s7a/strata/node/ContentInvalidation;
api	Api	dev.s7a.strata.node.ContentInvalidation#field:16409:SourceReplacement:Ldev/s7a/strata/node/ContentInvalidation;
api	Api	dev.s7a.strata.node.ContentInvalidation#field:16409:SourceValue:Ldev/s7a/strata/node/ContentInvalidation;
api	Api	dev.s7a.strata.node.ContentInvalidation#method:9:getEntries:()Lkotlin/enums/EnumEntries;
api	Api	dev.s7a.strata.node.ContentInvalidation#method:9:valueOf:(Ljava/lang/String;)Ldev/s7a/strata/node/ContentInvalidation;
api	Api	dev.s7a.strata.node.ContentInvalidation#method:9:values:()[Ldev/s7a/strata/node/ContentInvalidation;
api	Api	dev.s7a.strata.node.ContentInvalidation#type:16401:java.lang.Enum:
api	Api	dev.s7a.strata.node.ContentKind#field:16409:ObservedRegion:Ldev/s7a/strata/node/ContentKind;
api	Api	dev.s7a.strata.node.ContentKind#field:16409:StateComponent:Ldev/s7a/strata/node/ContentKind;
api	Api	dev.s7a.strata.node.ContentKind#method:9:getEntries:()Lkotlin/enums/EnumEntries;
api	Api	dev.s7a.strata.node.ContentKind#method:9:valueOf:(Ljava/lang/String;)Ldev/s7a/strata/node/ContentKind;
api	Api	dev.s7a.strata.node.ContentKind#method:9:values:()[Ldev/s7a/strata/node/ContentKind;
api	Api	dev.s7a.strata.node.ContentKind#type:16401:java.lang.Enum:
api	Api	dev.s7a.strata.node.ContentWork#field:16409:RowEvaluation:Ldev/s7a/strata/node/ContentWork;
api	Api	dev.s7a.strata.node.ContentWork#method:9:getEntries:()Lkotlin/enums/EnumEntries;
api	Api	dev.s7a.strata.node.ContentWork#method:9:valueOf:(Ljava/lang/String;)Ldev/s7a/strata/node/ContentWork;
api	Api	dev.s7a.strata.node.ContentWork#method:9:values:()[Ldev/s7a/strata/node/ContentWork;
api	Api	dev.s7a.strata.node.ContentWork#type:16401:java.lang.Enum:
api	Api	dev.s7a.strata.node.ContentWorkNode#method:1025:getContentWorkObserver:()Lkotlin/jvm/functions/Function1;
api	Api	dev.s7a.strata.node.ContentWorkNode#method:1025:setContentWorkObserver:(Lkotlin/jvm/functions/Function1;)V
api	Api	dev.s7a.strata.node.ContentWorkNode#type:1537::
api	Api	dev.s7a.strata.node.DeclarationProjectionNode#method:1025:getDeclarationProjection:()Ldev/s7a/strata/projection/DeclarationProjection;
api	Api	dev.s7a.strata.node.DeclarationProjectionNode#method:1:prepareDeclaration:()V
api	Api	dev.s7a.strata.node.DeclarationProjectionNode#type:1537::
api	Api	dev.s7a.strata.node.DeclarationProjectionNode$DefaultImpls#method:9:prepareDeclaration:(Ldev/s7a/strata/node/DeclarationProjectionNode;)V
api	Api	dev.s7a.strata.node.DeclarationProjectionNode$DefaultImpls#type:25:java.lang.Object:
api	Api	dev.s7a.strata.node.DeferredContentNode#method:1025:getContentKind:()Ldev/s7a/strata/node/ContentKind;
api	Api	dev.s7a.strata.node.DeferredContentNode#method:1025:getPendingContentReasons:()Ljava/util/Set;
api	Api	dev.s7a.strata.node.DeferredContentNode#type:1537::dev.s7a.strata.node.DynamicChildrenNode
api	Api	dev.s7a.strata.node.DirtyMask#field:25:Companion:Ldev/s7a/strata/node/DirtyMask$Companion;
api	Api	dev.s7a.strata.node.DirtyMask#method:1:equals:(Ljava/lang/Object;)Z
api	Api	dev.s7a.strata.node.DirtyMask#method:1:hashCode:()I
api	Api	dev.s7a.strata.node.DirtyMask#method:1:toString:()Ljava/lang/String;
api	Api	dev.s7a.strata.node.DirtyMask#method:25:contains-impl:(ILdev/s7a/strata/node/DirtyPhase;)Z
api	Api	dev.s7a.strata.node.DirtyMask#method:25:equals-impl0:(II)Z
api	Api	dev.s7a.strata.node.DirtyMask#method:25:minus-OO1BmiM:(II)I
api	Api	dev.s7a.strata.node.DirtyMask#method:25:plus-OO1BmiM:(II)I
api	Api	dev.s7a.strata.node.DirtyMask#method:9:equals-impl:(ILjava/lang/Object;)Z
api	Api	dev.s7a.strata.node.DirtyMask#method:9:hashCode-impl:(I)I
api	Api	dev.s7a.strata.node.DirtyMask#method:9:toString-impl:(I)Ljava/lang/String;
api	Api	dev.s7a.strata.node.DirtyMask#type:17:java.lang.Object:
api	Api	dev.s7a.strata.node.DirtyMask$Companion#method:145:of-FtRg8Cc:([Ldev/s7a/strata/node/DirtyPhase;)I
api	Api	dev.s7a.strata.node.DirtyMask$Companion#method:17:getAll-dvAQds4:()I
api	Api	dev.s7a.strata.node.DirtyMask$Companion#method:17:getNone-dvAQds4:()I
api	Api	dev.s7a.strata.node.DirtyMask$Companion#type:25:java.lang.Object:
api	Api	dev.s7a.strata.node.DirtyPhase#field:16409:Layout:Ldev/s7a/strata/node/DirtyPhase;
api	Api	dev.s7a.strata.node.DirtyPhase#field:16409:Measure:Ldev/s7a/strata/node/DirtyPhase;
api	Api	dev.s7a.strata.node.DirtyPhase#field:16409:Paint:Ldev/s7a/strata/node/DirtyPhase;
api	Api	dev.s7a.strata.node.DirtyPhase#field:16409:Semantics:Ldev/s7a/strata/node/DirtyPhase;
api	Api	dev.s7a.strata.node.DirtyPhase#method:9:getEntries:()Lkotlin/enums/EnumEntries;
api	Api	dev.s7a.strata.node.DirtyPhase#method:9:valueOf:(Ljava/lang/String;)Ldev/s7a/strata/node/DirtyPhase;
api	Api	dev.s7a.strata.node.DirtyPhase#method:9:values:()[Ldev/s7a/strata/node/DirtyPhase;
api	Api	dev.s7a.strata.node.DirtyPhase#type:16401:java.lang.Enum:
api	Api	dev.s7a.strata.node.DynamicChildrenNode#method:1025:dynamicChildren:()Ljava/util/List;
api	Api	dev.s7a.strata.node.DynamicChildrenNode#type:1537::
api	Api	dev.s7a.strata.node.FocusTargetNode#method:1025:getAcceptsFocus:()Z
api	Api	dev.s7a.strata.node.FocusTargetNode#method:1025:onFocusChanged:(Z)V
api	Api	dev.s7a.strata.node.FocusTargetNode#method:1:getRequestsInitialFocus:()Z
api	Api	dev.s7a.strata.node.FocusTargetNode#method:1:getRequiresTextInput:()Z
api	Api	dev.s7a.strata.node.FocusTargetNode#type:1537::
api	Api	dev.s7a.strata.node.FocusTargetNode$DefaultImpls#method:9:getRequestsInitialFocus:(Ldev/s7a/strata/node/FocusTargetNode;)Z
api	Api	dev.s7a.strata.node.FocusTargetNode$DefaultImpls#method:9:getRequiresTextInput:(Ldev/s7a/strata/node/FocusTargetNode;)Z
api	Api	dev.s7a.strata.node.FocusTargetNode$DefaultImpls#type:25:java.lang.Object:
api	Api	dev.s7a.strata.node.FrameCutoffNode#method:1025:captureFrameState:()V
api	Api	dev.s7a.strata.node.FrameCutoffNode#method:1025:commitFrameState:()V
api	Api	dev.s7a.strata.node.FrameCutoffNode#type:1537::
api	Api	dev.s7a.strata.node.FrameTimeNode#method:1025:onFrame:(Ldev/s7a/strata/runtime/FrameTime;)V
api	Api	dev.s7a.strata.node.FrameTimeNode#type:1537::
api	Api	dev.s7a.strata.node.KeyboardInputNode#method:1025:onKeyboardEvent:(Ldev/s7a/strata/input/KeyboardEvent;)Ldev/s7a/strata/input/InputResult;
api	Api	dev.s7a.strata.node.KeyboardInputNode#type:1537::
api	Api	dev.s7a.strata.node.LayoutNode#method:1025:layout:(Ldev/s7a/strata/layout/LayoutScope;)V
api	Api	dev.s7a.strata.node.LayoutNode#type:1537::
api	Api	dev.s7a.strata.node.LifecycleNode#method:1025:attach:()V
api	Api	dev.s7a.strata.node.LifecycleNode#method:1025:detach:()V
api	Api	dev.s7a.strata.node.LifecycleNode#method:1025:dispose:()V
api	Api	dev.s7a.strata.node.LifecycleNode#type:1537::
api	Api	dev.s7a.strata.node.MeasureNode#method:1025:measure:(Ldev/s7a/strata/layout/MeasureScope;Ldev/s7a/strata/geometry/Constraints;)Ldev/s7a/strata/geometry/IntSize;
api	Api	dev.s7a.strata.node.MeasureNode#type:1537::
api	Api	dev.s7a.strata.node.ModifierNode#constructor:1:()V
api	Api	dev.s7a.strata.node.ModifierNode#method:1:layout:(Ldev/s7a/strata/layout/LayoutScope;)V
api	Api	dev.s7a.strata.node.ModifierNode#method:1:measure:(Ldev/s7a/strata/layout/MeasureScope;Ldev/s7a/strata/geometry/Constraints;)Ldev/s7a/strata/geometry/IntSize;
api	Api	dev.s7a.strata.node.ModifierNode#type:1025:dev.s7a.strata.node.Node:dev.s7a.strata.node.LayoutNode,dev.s7a.strata.node.MeasureNode
api	Api	dev.s7a.strata.node.Node#constructor:1:()V
api	Api	dev.s7a.strata.node.Node#method:17:bindRuntime:(Ldev/s7a/strata/ui/UiSession;Lkotlin/jvm/functions/Function1;)Lkotlin/jvm/functions/Function0;
api	Api	dev.s7a.strata.node.Node#method:20:getUiSession:()Ldev/s7a/strata/ui/UiSession;
api	Api	dev.s7a.strata.node.Node#method:20:invalidate-Kf-UNOA:(I)V
api	Api	dev.s7a.strata.node.Node#type:1025:java.lang.Object:
api	Api	dev.s7a.strata.node.OverlayPaintNode#method:1025:paintOverlay:(Ldev/s7a/strata/render/PaintScope;)V
api	Api	dev.s7a.strata.node.OverlayPaintNode#type:1537::
api	Api	dev.s7a.strata.node.PaintNode#method:1025:paint:(Ldev/s7a/strata/render/PaintScope;)V
api	Api	dev.s7a.strata.node.PaintNode#type:1537::
api	Api	dev.s7a.strata.node.ParentDataDelegateNode#method:1025:getParentDataChild:()Ljava/lang/Integer;
api	Api	dev.s7a.strata.node.ParentDataDelegateNode#type:1537::
api	Api	dev.s7a.strata.node.ParentDataModifierNode#method:1025:getParentDataKey:()Ldev/s7a/strata/layout/ParentDataKey;
api	Api	dev.s7a.strata.node.ParentDataModifierNode#method:1025:parentData:()Ljava/lang/Object;
api	Api	dev.s7a.strata.node.ParentDataModifierNode#type:1537::
api	Api	dev.s7a.strata.node.PointerCaptureNode#method:1025:onPointerCaptureCancelled:(Ldev/s7a/strata/input/PointerButton;)V
api	Api	dev.s7a.strata.node.PointerCaptureNode#method:1:onPointerCaptureAcquired:(Ldev/s7a/strata/input/PointerButton;)V
api	Api	dev.s7a.strata.node.PointerCaptureNode#type:1537::dev.s7a.strata.node.PointerInputNode
api	Api	dev.s7a.strata.node.PointerCaptureNode$DefaultImpls#method:9:onPointerCaptureAcquired:(Ldev/s7a/strata/node/PointerCaptureNode;Ldev/s7a/strata/input/PointerButton;)V
api	Api	dev.s7a.strata.node.PointerCaptureNode$DefaultImpls#type:25:java.lang.Object:
api	Api	dev.s7a.strata.node.PointerHoverNode#method:1025:onPointerHover:(Z)V
api	Api	dev.s7a.strata.node.PointerHoverNode#type:1537::
api	Api	dev.s7a.strata.node.PointerInputNode#method:1025:onPointerEvent:(Ldev/s7a/strata/input/PointerEvent;Ldev/s7a/strata/geometry/IntOffset;)Ldev/s7a/strata/input/InputResult;
api	Api	dev.s7a.strata.node.PointerInputNode#type:1537::
api	Api	dev.s7a.strata.node.ReactiveContentNode#method:1025:invalidateObservedContent:()V
api	Api	dev.s7a.strata.node.ReactiveContentNode#type:1537::dev.s7a.strata.node.DeferredContentNode
api	Api	dev.s7a.strata.node.RootOverlayPaintNode#method:1025:paintRootOverlay:(Ldev/s7a/strata/render/RootOverlayPaintScope;)V
api	Api	dev.s7a.strata.node.RootOverlayPaintNode#type:1537::
api	Api	dev.s7a.strata.node.SemanticsNode#method:1025:semantics:(Ldev/s7a/strata/semantics/SemanticsScope;)V
api	Api	dev.s7a.strata.node.SemanticsNode#type:1537::
api	Api	dev.s7a.strata.node.SessionAttachmentNode#method:1025:sessionAttached:()V
api	Api	dev.s7a.strata.node.SessionAttachmentNode#method:1025:sessionDetached:()V
api	Api	dev.s7a.strata.node.SessionAttachmentNode#type:1537::dev.s7a.strata.node.LifecycleNode
api	Api	dev.s7a.strata.node.StateObserverNode#method:1025:commitObservedValues:(Ljava/util/List;)V
api	Api	dev.s7a.strata.node.StateObserverNode#method:1025:getObservedSources:()Ljava/util/List;
api	Api	dev.s7a.strata.node.StateObserverNode#type:1537::
api	Api	dev.s7a.strata.node.TextInputNode#method:1025:onTextInput:(Ldev/s7a/strata/input/TextInputEvent;)Ldev/s7a/strata/input/InputResult;
api	Api	dev.s7a.strata.node.TextInputNode#type:1537::
api	Api	dev.s7a.strata.projection.BuiltinProjection#field:16409:Background:Ldev/s7a/strata/projection/BuiltinProjection;
api	Api	dev.s7a.strata.projection.BuiltinProjection#field:16409:CanvasPixels:Ldev/s7a/strata/projection/BuiltinProjection;
api	Api	dev.s7a.strata.projection.BuiltinProjection#field:16409:CharacterInput:Ldev/s7a/strata/projection/BuiltinProjection;
api	Api	dev.s7a.strata.projection.BuiltinProjection#field:16409:Column:Ldev/s7a/strata/projection/BuiltinProjection;
api	Api	dev.s7a.strata.projection.BuiltinProjection#field:16409:ColumnAlignment:Ldev/s7a/strata/projection/BuiltinProjection;
api	Api	dev.s7a.strata.projection.BuiltinProjection#field:16409:ComponentAction:Ldev/s7a/strata/projection/BuiltinProjection;
api	Api	dev.s7a.strata.projection.BuiltinProjection#field:16409:FlowRow:Ldev/s7a/strata/projection/BuiltinProjection;
api	Api	dev.s7a.strata.projection.BuiltinProjection#field:16409:FocusChanged:Ldev/s7a/strata/projection/BuiltinProjection;
api	Api	dev.s7a.strata.projection.BuiltinProjection#field:16409:Focusable:Ldev/s7a/strata/projection/BuiltinProjection;
api	Api	dev.s7a.strata.projection.BuiltinProjection#field:16409:Grid:Ldev/s7a/strata/projection/BuiltinProjection;
api	Api	dev.s7a.strata.projection.BuiltinProjection#field:16409:Hover:Ldev/s7a/strata/projection/BuiltinProjection;
api	Api	dev.s7a.strata.projection.BuiltinProjection#field:16409:InitialFocus:Ldev/s7a/strata/projection/BuiltinProjection;
api	Api	dev.s7a.strata.projection.BuiltinProjection#field:16409:KeyPress:Ldev/s7a/strata/projection/BuiltinProjection;
api	Api	dev.s7a.strata.projection.BuiltinProjection#field:16409:KeyRelease:Ldev/s7a/strata/projection/BuiltinProjection;
api	Api	dev.s7a.strata.projection.BuiltinProjection#field:16409:KeyboardEvents:Ldev/s7a/strata/projection/BuiltinProjection;
api	Api	dev.s7a.strata.projection.BuiltinProjection#field:16409:Observe:Ldev/s7a/strata/projection/BuiltinProjection;
api	Api	dev.s7a.strata.projection.BuiltinProjection#field:16409:ObservedActivation:Ldev/s7a/strata/projection/BuiltinProjection;
api	Api	dev.s7a.strata.projection.BuiltinProjection#field:16409:Padding:Ldev/s7a/strata/projection/BuiltinProjection;
api	Api	dev.s7a.strata.projection.BuiltinProjection#field:16409:PanZoom:Ldev/s7a/strata/projection/BuiltinProjection;
api	Api	dev.s7a.strata.projection.BuiltinProjection#field:16409:PointerCapture:Ldev/s7a/strata/projection/BuiltinProjection;
api	Api	dev.s7a.strata.projection.BuiltinProjection#field:16409:PointerDrag:Ldev/s7a/strata/projection/BuiltinProjection;
api	Api	dev.s7a.strata.projection.BuiltinProjection#field:16409:PointerEvents:Ldev/s7a/strata/projection/BuiltinProjection;
api	Api	dev.s7a.strata.projection.BuiltinProjection#field:16409:PointerMove:Ldev/s7a/strata/projection/BuiltinProjection;
api	Api	dev.s7a.strata.projection.BuiltinProjection#field:16409:PointerPress:Ldev/s7a/strata/projection/BuiltinProjection;
api	Api	dev.s7a.strata.projection.BuiltinProjection#field:16409:PointerRelease:Ldev/s7a/strata/projection/BuiltinProjection;
api	Api	dev.s7a.strata.projection.BuiltinProjection#field:16409:PointerScroll:Ldev/s7a/strata/projection/BuiltinProjection;
api	Api	dev.s7a.strata.projection.BuiltinProjection#field:16409:PreeditInput:Ldev/s7a/strata/projection/BuiltinProjection;
api	Api	dev.s7a.strata.projection.BuiltinProjection#field:16409:Row:Ldev/s7a/strata/projection/BuiltinProjection;
api	Api	dev.s7a.strata.projection.BuiltinProjection#field:16409:RowAlignment:Ldev/s7a/strata/projection/BuiltinProjection;
api	Api	dev.s7a.strata.projection.BuiltinProjection#field:16409:ScaleToFit:Ldev/s7a/strata/projection/BuiltinProjection;
api	Api	dev.s7a.strata.projection.BuiltinProjection#field:16409:ScrollPosition:Ldev/s7a/strata/projection/BuiltinProjection;
api	Api	dev.s7a.strata.projection.BuiltinProjection#field:16409:Semantics:Ldev/s7a/strata/projection/BuiltinProjection;
api	Api	dev.s7a.strata.projection.BuiltinProjection#field:16409:Size:Ldev/s7a/strata/projection/BuiltinProjection;
api	Api	dev.s7a.strata.projection.BuiltinProjection#field:16409:Spacer:Ldev/s7a/strata/projection/BuiltinProjection;
api	Api	dev.s7a.strata.projection.BuiltinProjection#field:16409:Stack:Ldev/s7a/strata/projection/BuiltinProjection;
api	Api	dev.s7a.strata.projection.BuiltinProjection#field:16409:StackAlignment:Ldev/s7a/strata/projection/BuiltinProjection;
api	Api	dev.s7a.strata.projection.BuiltinProjection#field:16409:StateComponent:Ldev/s7a/strata/projection/BuiltinProjection;
api	Api	dev.s7a.strata.projection.BuiltinProjection#field:16409:TextInput:Ldev/s7a/strata/projection/BuiltinProjection;
api	Api	dev.s7a.strata.projection.BuiltinProjection#field:16409:TiledImage:Ldev/s7a/strata/projection/BuiltinProjection;
api	Api	dev.s7a.strata.projection.BuiltinProjection#field:16409:TiledImageLayer:Ldev/s7a/strata/projection/BuiltinProjection;
api	Api	dev.s7a.strata.projection.BuiltinProjection#field:16409:TiledImagePosition:Ldev/s7a/strata/projection/BuiltinProjection;
api	Api	dev.s7a.strata.projection.BuiltinProjection#field:16409:VirtualList:Ldev/s7a/strata/projection/BuiltinProjection;
api	Api	dev.s7a.strata.projection.BuiltinProjection#field:16409:Weight:Ldev/s7a/strata/projection/BuiltinProjection;
api	Api	dev.s7a.strata.projection.BuiltinProjection#method:145:properties:([Ldev/s7a/strata/projection/ProjectionValue;)Ldev/s7a/strata/projection/DeclarationProjection;
api	Api	dev.s7a.strata.projection.BuiltinProjection#method:17:getType:()Ldev/s7a/strata/projection/ProjectionType;
api	Api	dev.s7a.strata.projection.BuiltinProjection#method:9:getEntries:()Lkotlin/enums/EnumEntries;
api	Api	dev.s7a.strata.projection.BuiltinProjection#method:9:valueOf:(Ljava/lang/String;)Ldev/s7a/strata/projection/BuiltinProjection;
api	Api	dev.s7a.strata.projection.BuiltinProjection#method:9:values:()[Ldev/s7a/strata/projection/BuiltinProjection;
api	Api	dev.s7a.strata.projection.BuiltinProjection#type:16401:java.lang.Enum:
api	Api	dev.s7a.strata.projection.DeclarationProjection#constructor:1:(Ldev/s7a/strata/projection/ProjectionType;Ljava/lang/Object;ZLkotlin/jvm/functions/Function2;)V
api	Api	dev.s7a.strata.projection.DeclarationProjection#method:17:encode:(Ldev/s7a/strata/projection/ProjectionScope;)Ldev/s7a/strata/projection/ProjectionValue;
api	Api	dev.s7a.strata.projection.DeclarationProjection#method:17:getInputEnabled:()Z
api	Api	dev.s7a.strata.projection.DeclarationProjection#method:17:getType:()Ldev/s7a/strata/projection/ProjectionType;
api	Api	dev.s7a.strata.projection.DeclarationProjection#type:17:java.lang.Object:
api	Api	dev.s7a.strata.projection.ProjectionAction#constructor:1:(Ldev/s7a/strata/projection/ProjectionType;Lkotlin/jvm/functions/Function1;Lkotlin/jvm/functions/Function2;)V
api	Api	dev.s7a.strata.projection.ProjectionAction#method:17:dispatch:(Ldev/s7a/strata/ui/UiSession;Ldev/s7a/strata/projection/ProjectionValue;)V
api	Api	dev.s7a.strata.projection.ProjectionAction#method:17:getType:()Ldev/s7a/strata/projection/ProjectionType;
api	Api	dev.s7a.strata.projection.ProjectionAction#method:17:prepare:(Ldev/s7a/strata/projection/ProjectionValue;)Lkotlin/jvm/functions/Function1;
api	Api	dev.s7a.strata.projection.ProjectionAction#type:17:java.lang.Object:
api	Api	dev.s7a.strata.projection.ProjectionBinding#constructor:1:(Ldev/s7a/strata/projection/ProjectionType;Ljava/lang/Object;Lkotlin/jvm/functions/Function0;Lkotlin/jvm/functions/Function1;Lkotlin/jvm/functions/Function1;Lkotlin/jvm/functions/Function2;)V
api	Api	dev.s7a.strata.projection.ProjectionBinding#method:17:getDecode:()Lkotlin/jvm/functions/Function1;
api	Api	dev.s7a.strata.projection.ProjectionBinding#method:17:getEncode:()Lkotlin/jvm/functions/Function1;
api	Api	dev.s7a.strata.projection.ProjectionBinding#method:17:getIdentity:()Ljava/lang/Object;
api	Api	dev.s7a.strata.projection.ProjectionBinding#method:17:getRead:()Lkotlin/jvm/functions/Function0;
api	Api	dev.s7a.strata.projection.ProjectionBinding#method:17:getType:()Ldev/s7a/strata/projection/ProjectionType;
api	Api	dev.s7a.strata.projection.ProjectionBinding#method:17:getWrite:()Lkotlin/jvm/functions/Function2;
api	Api	dev.s7a.strata.projection.ProjectionBinding#type:17:java.lang.Object:
api	Api	dev.s7a.strata.projection.ProjectionFields#constructor:1:(Ldev/s7a/strata/projection/ProjectionValue;)V
api	Api	dev.s7a.strata.projection.ProjectionFields#method:17:finish:()V
api	Api	dev.s7a.strata.projection.ProjectionFields#method:17:flag:()Z
api	Api	dev.s7a.strata.projection.ProjectionFields#method:17:int:(Lkotlin/ranges/IntRange;)I
api	Api	dev.s7a.strata.projection.ProjectionFields#method:17:long:()J
api	Api	dev.s7a.strata.projection.ProjectionFields#method:17:real:()D
api	Api	dev.s7a.strata.projection.ProjectionFields#method:17:text:()Ljava/lang/String;
api	Api	dev.s7a.strata.projection.ProjectionFields#method:17:value:()Ldev/s7a/strata/projection/ProjectionValue;
api	Api	dev.s7a.strata.projection.ProjectionFields#method:17:values:()Ljava/util/List;
api	Api	dev.s7a.strata.projection.ProjectionFields#type:17:java.lang.Object:
api	Api	dev.s7a.strata.projection.ProjectionInputCodec#field:25:INSTANCE:Ldev/s7a/strata/projection/ProjectionInputCodec;
api	Api	dev.s7a.strata.projection.ProjectionInputCodec#method:17:button:(Ldev/s7a/strata/input/PointerButton;)Ldev/s7a/strata/projection/ProjectionValue;
api	Api	dev.s7a.strata.projection.ProjectionInputCodec#method:17:button:(Ldev/s7a/strata/projection/ProjectionValue;)Ldev/s7a/strata/input/PointerButton;
api	Api	dev.s7a.strata.projection.ProjectionInputCodec#method:17:filter:(Ldev/s7a/strata/input/KeyboardInputFilter;)Ldev/s7a/strata/projection/ProjectionValue;
api	Api	dev.s7a.strata.projection.ProjectionInputCodec#method:17:filter:(Ldev/s7a/strata/projection/ProjectionValue;)Ldev/s7a/strata/input/KeyboardInputFilter;
api	Api	dev.s7a.strata.projection.ProjectionInputCodec#method:17:keyboard:(Ldev/s7a/strata/input/KeyboardEvent;)Ldev/s7a/strata/projection/ProjectionValue;
api	Api	dev.s7a.strata.projection.ProjectionInputCodec#method:17:keyboard:(Ldev/s7a/strata/projection/ProjectionValue;)Ldev/s7a/strata/input/KeyboardEvent;
api	Api	dev.s7a.strata.projection.ProjectionInputCodec#method:17:pointer:(Ldev/s7a/strata/input/PointerEvent;Ldev/s7a/strata/geometry/IntOffset;)Ldev/s7a/strata/projection/ProjectionValue;
api	Api	dev.s7a.strata.projection.ProjectionInputCodec#method:17:pointer:(Ldev/s7a/strata/projection/ProjectionValue;)Lkotlin/Pair;
api	Api	dev.s7a.strata.projection.ProjectionInputCodec#method:17:text:(Ldev/s7a/strata/input/TextInputEvent;)Ldev/s7a/strata/projection/ProjectionValue;
api	Api	dev.s7a.strata.projection.ProjectionInputCodec#method:17:text:(Ldev/s7a/strata/projection/ProjectionValue;)Ldev/s7a/strata/input/TextInputEvent;
api	Api	dev.s7a.strata.projection.ProjectionInputCodec#type:17:java.lang.Object:
api	Api	dev.s7a.strata.projection.ProjectionInputCodec$WhenMappings#type:4121:java.lang.Object:
api	Api	dev.s7a.strata.projection.ProjectionInputCodec$filter$$inlined$sortedBy$1#constructor:1:()V
api	Api	dev.s7a.strata.projection.ProjectionInputCodec$filter$$inlined$sortedBy$1#method:17:compare:(Ljava/lang/Object;Ljava/lang/Object;)I
api	Api	dev.s7a.strata.projection.ProjectionInputCodec$filter$$inlined$sortedBy$1#type:25:java.lang.Object:java.util.Comparator
api	Api	dev.s7a.strata.projection.ProjectionPanZoomBinding#field:25:INSTANCE:Ldev/s7a/strata/projection/ProjectionPanZoomBinding;
api	Api	dev.s7a.strata.projection.ProjectionPanZoomBinding#method:17:project:(Ldev/s7a/strata/projection/ProjectionScope;Ldev/s7a/strata/component/PanZoomState;)Ldev/s7a/strata/projection/ProjectionValue;
api	Api	dev.s7a.strata.projection.ProjectionPanZoomBinding#type:17:java.lang.Object:
api	Api	dev.s7a.strata.projection.ProjectionScope#method:1025:action:(Ldev/s7a/strata/projection/ProjectionAction;Ldev/s7a/strata/projection/ProjectionValue;)J
api	Api	dev.s7a.strata.projection.ProjectionScope#method:1025:binding:(Ldev/s7a/strata/projection/ProjectionBinding;)Ldev/s7a/strata/projection/ProjectionValue;
api	Api	dev.s7a.strata.projection.ProjectionScope#method:1025:image:(Ldev/s7a/strata/render/DrawImage;)Ldev/s7a/strata/projection/ProjectionValue;
api	Api	dev.s7a.strata.projection.ProjectionScope#method:1025:requireType:(Ldev/s7a/strata/projection/ProjectionType;)V
api	Api	dev.s7a.strata.projection.ProjectionScope#method:1025:text:(Ldev/s7a/strata/text/UiText;)Ldev/s7a/strata/projection/ProjectionValue;
api	Api	dev.s7a.strata.projection.ProjectionScope#type:1537::
api	Api	dev.s7a.strata.projection.ProjectionScope$DefaultImpls#type:25:java.lang.Object:
api	Api	dev.s7a.strata.projection.ProjectionScrollBinding#field:25:INSTANCE:Ldev/s7a/strata/projection/ProjectionScrollBinding;
api	Api	dev.s7a.strata.projection.ProjectionScrollBinding#method:17:project:(Ldev/s7a/strata/projection/ProjectionScope;Ldev/s7a/strata/component/ScrollState;Lkotlin/jvm/functions/Function1;)Ldev/s7a/strata/projection/ProjectionValue;
api	Api	dev.s7a.strata.projection.ProjectionScrollBinding#type:17:java.lang.Object:
api	Api	dev.s7a.strata.projection.ProjectionType#constructor:1:(Ldev/s7a/strata/resource/ResourceId;I)V
api	Api	dev.s7a.strata.projection.ProjectionType#method:17:component1:()Ldev/s7a/strata/resource/ResourceId;
api	Api	dev.s7a.strata.projection.ProjectionType#method:17:component2:()I
api	Api	dev.s7a.strata.projection.ProjectionType#method:17:copy:(Ldev/s7a/strata/resource/ResourceId;I)Ldev/s7a/strata/projection/ProjectionType;
api	Api	dev.s7a.strata.projection.ProjectionType#method:17:getName:()Ldev/s7a/strata/resource/ResourceId;
api	Api	dev.s7a.strata.projection.ProjectionType#method:17:getVersion:()I
api	Api	dev.s7a.strata.projection.ProjectionType#method:1:equals:(Ljava/lang/Object;)Z
api	Api	dev.s7a.strata.projection.ProjectionType#method:1:hashCode:()I
api	Api	dev.s7a.strata.projection.ProjectionType#method:1:toString:()Ljava/lang/String;
api	Api	dev.s7a.strata.projection.ProjectionType#type:17:java.lang.Object:
api	Api	dev.s7a.strata.projection.ProjectionValue#type:1537::
api	Api	dev.s7a.strata.projection.ProjectionValue$Absent#field:25:INSTANCE:Ldev/s7a/strata/projection/ProjectionValue$Absent;
api	Api	dev.s7a.strata.projection.ProjectionValue$Absent#method:1:equals:(Ljava/lang/Object;)Z
api	Api	dev.s7a.strata.projection.ProjectionValue$Absent#method:1:hashCode:()I
api	Api	dev.s7a.strata.projection.ProjectionValue$Absent#method:1:toString:()Ljava/lang/String;
api	Api	dev.s7a.strata.projection.ProjectionValue$Absent#type:25:java.lang.Object:dev.s7a.strata.projection.ProjectionValue
api	Api	dev.s7a.strata.projection.ProjectionValue$Bytes#constructor:1:([B)V
api	Api	dev.s7a.strata.projection.ProjectionValue$Bytes#method:17:getSize:()I
api	Api	dev.s7a.strata.projection.ProjectionValue$Bytes#method:17:toByteArray:()[B
api	Api	dev.s7a.strata.projection.ProjectionValue$Bytes#method:1:equals:(Ljava/lang/Object;)Z
api	Api	dev.s7a.strata.projection.ProjectionValue$Bytes#method:1:hashCode:()I
api	Api	dev.s7a.strata.projection.ProjectionValue$Bytes#type:25:java.lang.Object:dev.s7a.strata.projection.ProjectionValue
api	Api	dev.s7a.strata.projection.ProjectionValue$Flag#constructor:1:(Z)V
api	Api	dev.s7a.strata.projection.ProjectionValue$Flag#method:17:component1:()Z
api	Api	dev.s7a.strata.projection.ProjectionValue$Flag#method:17:copy:(Z)Ldev/s7a/strata/projection/ProjectionValue$Flag;
api	Api	dev.s7a.strata.projection.ProjectionValue$Flag#method:17:getValue:()Z
api	Api	dev.s7a.strata.projection.ProjectionValue$Flag#method:1:equals:(Ljava/lang/Object;)Z
api	Api	dev.s7a.strata.projection.ProjectionValue$Flag#method:1:hashCode:()I
api	Api	dev.s7a.strata.projection.ProjectionValue$Flag#method:1:toString:()Ljava/lang/String;
api	Api	dev.s7a.strata.projection.ProjectionValue$Flag#type:25:java.lang.Object:dev.s7a.strata.projection.ProjectionValue
api	Api	dev.s7a.strata.projection.ProjectionValue$Integer#constructor:1:(J)V
api	Api	dev.s7a.strata.projection.ProjectionValue$Integer#method:17:component1:()J
api	Api	dev.s7a.strata.projection.ProjectionValue$Integer#method:17:copy:(J)Ldev/s7a/strata/projection/ProjectionValue$Integer;
api	Api	dev.s7a.strata.projection.ProjectionValue$Integer#method:17:getValue:()J
api	Api	dev.s7a.strata.projection.ProjectionValue$Integer#method:1:equals:(Ljava/lang/Object;)Z
api	Api	dev.s7a.strata.projection.ProjectionValue$Integer#method:1:hashCode:()I
api	Api	dev.s7a.strata.projection.ProjectionValue$Integer#method:1:toString:()Ljava/lang/String;
api	Api	dev.s7a.strata.projection.ProjectionValue$Integer#type:25:java.lang.Object:dev.s7a.strata.projection.ProjectionValue
api	Api	dev.s7a.strata.projection.ProjectionValue$Real#constructor:1:(D)V
api	Api	dev.s7a.strata.projection.ProjectionValue$Real#method:17:component1:()D
api	Api	dev.s7a.strata.projection.ProjectionValue$Real#method:17:copy:(D)Ldev/s7a/strata/projection/ProjectionValue$Real;
api	Api	dev.s7a.strata.projection.ProjectionValue$Real#method:17:getValue:()D
api	Api	dev.s7a.strata.projection.ProjectionValue$Real#method:1:equals:(Ljava/lang/Object;)Z
api	Api	dev.s7a.strata.projection.ProjectionValue$Real#method:1:hashCode:()I
api	Api	dev.s7a.strata.projection.ProjectionValue$Real#method:1:toString:()Ljava/lang/String;
api	Api	dev.s7a.strata.projection.ProjectionValue$Real#type:25:java.lang.Object:dev.s7a.strata.projection.ProjectionValue
api	Api	dev.s7a.strata.projection.ProjectionValue$Sequence#constructor:1:(Ljava/util/List;)V
api	Api	dev.s7a.strata.projection.ProjectionValue$Sequence#method:17:getValues:()Ljava/util/List;
api	Api	dev.s7a.strata.projection.ProjectionValue$Sequence#method:1:equals:(Ljava/lang/Object;)Z
api	Api	dev.s7a.strata.projection.ProjectionValue$Sequence#method:1:hashCode:()I
api	Api	dev.s7a.strata.projection.ProjectionValue$Sequence#type:25:java.lang.Object:dev.s7a.strata.projection.ProjectionValue
api	Api	dev.s7a.strata.projection.ProjectionValue$Text#constructor:1:(Ljava/lang/String;)V
api	Api	dev.s7a.strata.projection.ProjectionValue$Text#method:17:component1:()Ljava/lang/String;
api	Api	dev.s7a.strata.projection.ProjectionValue$Text#method:17:copy:(Ljava/lang/String;)Ldev/s7a/strata/projection/ProjectionValue$Text;
api	Api	dev.s7a.strata.projection.ProjectionValue$Text#method:17:getValue:()Ljava/lang/String;
api	Api	dev.s7a.strata.projection.ProjectionValue$Text#method:1:equals:(Ljava/lang/Object;)Z
api	Api	dev.s7a.strata.projection.ProjectionValue$Text#method:1:hashCode:()I
api	Api	dev.s7a.strata.projection.ProjectionValue$Text#method:1:toString:()Ljava/lang/String;
api	Api	dev.s7a.strata.projection.ProjectionValue$Text#type:25:java.lang.Object:dev.s7a.strata.projection.ProjectionValue
api	Api	dev.s7a.strata.projection.StandardModifierProjections#field:25:INSTANCE:Ldev/s7a/strata/projection/StandardModifierProjections;
api	Api	dev.s7a.strata.projection.StandardModifierProjections#method:17:register:(Lkotlin/jvm/functions/Function2;)V
api	Api	dev.s7a.strata.projection.StandardModifierProjections#type:17:java.lang.Object:
api	Api	dev.s7a.strata.projection.StandardTiledImageProjections#field:25:INSTANCE:Ldev/s7a/strata/projection/StandardTiledImageProjections;
api	Api	dev.s7a.strata.projection.StandardTiledImageProjections#method:17:layer:(Ldev/s7a/strata/component/TiledImageSource;Ldev/s7a/strata/component/PanZoomState;Ldev/s7a/strata/geometry/IntSize;Ldev/s7a/strata/component/TiledImageCachePolicy;)Ldev/s7a/strata/element/Element;
api	Api	dev.s7a.strata.projection.StandardTiledImageProjections#method:17:validate:(Ldev/s7a/strata/geometry/LongRect;Ljava/util/List;Ldev/s7a/strata/geometry/IntSize;)V
api	Api	dev.s7a.strata.projection.StandardTiledImageProjections#method:17:viewport:(Ljava/lang/Object;Ldev/s7a/strata/geometry/LongRect;Ljava/util/List;Ldev/s7a/strata/component/PanZoomState;Ldev/s7a/strata/geometry/IntSize;Ldev/s7a/strata/component/PanZoomFit;Ldev/s7a/strata/modifier/Modifier;Ldev/s7a/strata/element/ElementKey;Ljava/util/List;)Ldev/s7a/strata/element/Element;
api	Api	dev.s7a.strata.projection.StandardTiledImageProjections#type:17:java.lang.Object:
api	Api	dev.s7a.strata.render.ArgbColor#method:17:getValue:()I
api	Api	dev.s7a.strata.render.ArgbColor#method:1:equals:(Ljava/lang/Object;)Z
api	Api	dev.s7a.strata.render.ArgbColor#method:1:hashCode:()I
api	Api	dev.s7a.strata.render.ArgbColor#method:1:toString:()Ljava/lang/String;
api	Api	dev.s7a.strata.render.ArgbColor#method:25:equals-impl0:(II)Z
api	Api	dev.s7a.strata.render.ArgbColor#method:9:constructor-impl:(I)I
api	Api	dev.s7a.strata.render.ArgbColor#method:9:equals-impl:(ILjava/lang/Object;)Z
api	Api	dev.s7a.strata.render.ArgbColor#method:9:hashCode-impl:(I)I
api	Api	dev.s7a.strata.render.ArgbColor#method:9:toString-impl:(I)Ljava/lang/String;
api	Api	dev.s7a.strata.render.ArgbColor#type:17:java.lang.Object:
api	Api	dev.s7a.strata.render.DrawImage#method:1025:argbAt:(II)I
api	Api	dev.s7a.strata.render.DrawImage#method:1025:copyArgb:()[I
api	Api	dev.s7a.strata.render.DrawImage#method:1025:getSize:()Ldev/s7a/strata/geometry/IntSize;
api	Api	dev.s7a.strata.render.DrawImage#type:1537::
api	Api	dev.s7a.strata.render.DrawImages#method:25:createDrawImage:(Ldev/s7a/strata/geometry/IntSize;Lkotlin/jvm/functions/Function2;)Ldev/s7a/strata/render/DrawImage;
api	Api	dev.s7a.strata.render.DrawImages#method:25:createDrawImage:(Ldev/s7a/strata/geometry/IntSize;[I)Ldev/s7a/strata/render/DrawImage;
api	Api	dev.s7a.strata.render.DrawImages#type:17:java.lang.Object:
api	Api	dev.s7a.strata.render.PaintScope#method:1025:blitImage:(Ldev/s7a/strata/render/DrawImage;Ldev/s7a/strata/geometry/IntRect;Ldev/s7a/strata/geometry/IntRect;)V
api	Api	dev.s7a.strata.render.PaintScope#method:1025:drawPlatform:(Ldev/s7a/strata/render/PlatformDrawCommand;Ldev/s7a/strata/geometry/IntRect;)V
api	Api	dev.s7a.strata.render.PaintScope#method:1025:fillRectangle-RtejO-o:(Ldev/s7a/strata/geometry/IntRect;I)V
api	Api	dev.s7a.strata.render.PaintScope#method:1025:getSize:()Ldev/s7a/strata/geometry/IntSize;
api	Api	dev.s7a.strata.render.PaintScope#method:1:sampledImage-rA9Hmdk:(Ldev/s7a/strata/render/DrawImage;Ldev/s7a/strata/geometry/FloatRect;Ldev/s7a/strata/geometry/FloatRect;IF)V
api	Api	dev.s7a.strata.render.PaintScope#method:1:sampledImage-wyvhK5Q:(Ldev/s7a/strata/render/DrawImage;Ldev/s7a/strata/geometry/FloatRect;Ldev/s7a/strata/geometry/FloatRect;Ldev/s7a/strata/render/SampledImageOrientation;IF)V
api	Api	dev.s7a.strata.render.PaintScope#method:1:withClip:(Ldev/s7a/strata/geometry/IntRect;Lkotlin/jvm/functions/Function0;)V
api	Api	dev.s7a.strata.render.PaintScope#type:1537::
api	Api	dev.s7a.strata.render.PaintScope$DefaultImpls#method:9:sampledImage-rA9Hmdk:(Ldev/s7a/strata/render/PaintScope;Ldev/s7a/strata/render/DrawImage;Ldev/s7a/strata/geometry/FloatRect;Ldev/s7a/strata/geometry/FloatRect;IF)V
api	Api	dev.s7a.strata.render.PaintScope$DefaultImpls#method:9:sampledImage-wyvhK5Q:(Ldev/s7a/strata/render/PaintScope;Ldev/s7a/strata/render/DrawImage;Ldev/s7a/strata/geometry/FloatRect;Ldev/s7a/strata/geometry/FloatRect;Ldev/s7a/strata/render/SampledImageOrientation;IF)V
api	Api	dev.s7a.strata.render.PaintScope$DefaultImpls#method:9:withClip:(Ldev/s7a/strata/render/PaintScope;Ldev/s7a/strata/geometry/IntRect;Lkotlin/jvm/functions/Function0;)V
api	Api	dev.s7a.strata.render.PaintScope$DefaultImpls#type:25:java.lang.Object:
api	Api	dev.s7a.strata.render.PlatformDrawCommand#type:1537::
api	Api	dev.s7a.strata.render.RootOverlayPaintScope#method:1025:getAnchorBounds:()Ldev/s7a/strata/geometry/IntRect;
api	Api	dev.s7a.strata.render.RootOverlayPaintScope#type:1537::dev.s7a.strata.render.PaintScope
api	Api	dev.s7a.strata.render.RootOverlayPaintScope$DefaultImpls#method:9:sampledImage-rA9Hmdk:(Ldev/s7a/strata/render/RootOverlayPaintScope;Ldev/s7a/strata/render/DrawImage;Ldev/s7a/strata/geometry/FloatRect;Ldev/s7a/strata/geometry/FloatRect;IF)V
api	Api	dev.s7a.strata.render.RootOverlayPaintScope$DefaultImpls#method:9:sampledImage-wyvhK5Q:(Ldev/s7a/strata/render/RootOverlayPaintScope;Ldev/s7a/strata/render/DrawImage;Ldev/s7a/strata/geometry/FloatRect;Ldev/s7a/strata/geometry/FloatRect;Ldev/s7a/strata/render/SampledImageOrientation;IF)V
api	Api	dev.s7a.strata.render.RootOverlayPaintScope$DefaultImpls#method:9:withClip:(Ldev/s7a/strata/render/RootOverlayPaintScope;Ldev/s7a/strata/geometry/IntRect;Lkotlin/jvm/functions/Function0;)V
api	Api	dev.s7a.strata.render.RootOverlayPaintScope$DefaultImpls#type:25:java.lang.Object:
api	Api	dev.s7a.strata.render.SampledImageOrientation#field:16409:FlipBoth:Ldev/s7a/strata/render/SampledImageOrientation;
api	Api	dev.s7a.strata.render.SampledImageOrientation#field:16409:FlipHorizontal:Ldev/s7a/strata/render/SampledImageOrientation;
api	Api	dev.s7a.strata.render.SampledImageOrientation#field:16409:FlipVertical:Ldev/s7a/strata/render/SampledImageOrientation;
api	Api	dev.s7a.strata.render.SampledImageOrientation#field:16409:Normal:Ldev/s7a/strata/render/SampledImageOrientation;
api	Api	dev.s7a.strata.render.SampledImageOrientation#method:17:getFlipX:()Z
api	Api	dev.s7a.strata.render.SampledImageOrientation#method:17:getFlipY:()Z
api	Api	dev.s7a.strata.render.SampledImageOrientation#method:9:getEntries:()Lkotlin/enums/EnumEntries;
api	Api	dev.s7a.strata.render.SampledImageOrientation#method:9:valueOf:(Ljava/lang/String;)Ldev/s7a/strata/render/SampledImageOrientation;
api	Api	dev.s7a.strata.render.SampledImageOrientation#method:9:values:()[Ldev/s7a/strata/render/SampledImageOrientation;
api	Api	dev.s7a.strata.render.SampledImageOrientation#type:16401:java.lang.Enum:
api	Api	dev.s7a.strata.resource.ResourceId#constructor:1:(Ljava/lang/String;Ljava/lang/String;)V
api	Api	dev.s7a.strata.resource.ResourceId#method:17:component1:()Ljava/lang/String;
api	Api	dev.s7a.strata.resource.ResourceId#method:17:component2:()Ljava/lang/String;
api	Api	dev.s7a.strata.resource.ResourceId#method:17:copy:(Ljava/lang/String;Ljava/lang/String;)Ldev/s7a/strata/resource/ResourceId;
api	Api	dev.s7a.strata.resource.ResourceId#method:17:getNamespace:()Ljava/lang/String;
api	Api	dev.s7a.strata.resource.ResourceId#method:17:getPath:()Ljava/lang/String;
api	Api	dev.s7a.strata.resource.ResourceId#method:1:equals:(Ljava/lang/Object;)Z
api	Api	dev.s7a.strata.resource.ResourceId#method:1:hashCode:()I
api	Api	dev.s7a.strata.resource.ResourceId#method:1:toString:()Ljava/lang/String;
api	Api	dev.s7a.strata.resource.ResourceId#type:17:java.lang.Object:
api	Api	dev.s7a.strata.resource.UuidKt#method:25:parseUuid:(Ljava/lang/String;)Ljava/util/UUID;
api	Api	dev.s7a.strata.resource.UuidKt#type:17:java.lang.Object:
api	Api	dev.s7a.strata.runtime.FrameTime#constructor:1:(J)V
api	Api	dev.s7a.strata.runtime.FrameTime#method:17:component1:()J
api	Api	dev.s7a.strata.runtime.FrameTime#method:17:copy:(J)Ldev/s7a/strata/runtime/FrameTime;
api	Api	dev.s7a.strata.runtime.FrameTime#method:17:getNanoseconds:()J
api	Api	dev.s7a.strata.runtime.FrameTime#method:1:equals:(Ljava/lang/Object;)Z
api	Api	dev.s7a.strata.runtime.FrameTime#method:1:hashCode:()I
api	Api	dev.s7a.strata.runtime.FrameTime#method:1:toString:()Ljava/lang/String;
api	Api	dev.s7a.strata.runtime.FrameTime#type:17:java.lang.Object:
api	Api	dev.s7a.strata.screen.ScreenDefinition#constructor:1:(Ldev/s7a/strata/text/UiText;ZLkotlin/jvm/functions/Function1;)V
api	Api	dev.s7a.strata.screen.ScreenDefinition#constructor:1:(Ljava/lang/String;ZLkotlin/jvm/functions/Function1;)V
api	Api	dev.s7a.strata.screen.ScreenDefinition#method:17:asUiDefinition:()Ldev/s7a/strata/ui/UiDefinition;
api	Api	dev.s7a.strata.screen.ScreenDefinition#method:17:open:()V
api	Api	dev.s7a.strata.screen.ScreenDefinition#method:17:transfer:()Ldev/s7a/strata/screen/ScreenDefinitionPayload;
api	Api	dev.s7a.strata.screen.ScreenDefinition#method:1:close:()V
api	Api	dev.s7a.strata.screen.ScreenDefinition#type:17:java.lang.Object:java.lang.AutoCloseable
api	Api	dev.s7a.strata.screen.ScreenDefinitionPayload#constructor:1:(Ldev/s7a/strata/text/UiText;ZLkotlin/jvm/functions/Function1;)V
api	Api	dev.s7a.strata.screen.ScreenDefinitionPayload#method:17:getContent:()Lkotlin/jvm/functions/Function1;
api	Api	dev.s7a.strata.screen.ScreenDefinitionPayload#method:17:getPausesGame:()Z
api	Api	dev.s7a.strata.screen.ScreenDefinitionPayload#method:17:getTitle:()Ldev/s7a/strata/text/UiText;
api	Api	dev.s7a.strata.screen.ScreenDefinitionPayload#type:17:java.lang.Object:
api	Api	dev.s7a.strata.screen.ScreenDefinitionUnavailableException#constructor:1:(Ljava/lang/String;)V
api	Api	dev.s7a.strata.screen.ScreenDefinitionUnavailableException#type:17:java.lang.IllegalStateException:
api	Api	dev.s7a.strata.screen.ScreenOpenThreadException#constructor:1:(Ljava/lang/String;)V
api	Api	dev.s7a.strata.screen.ScreenOpenThreadException#type:17:java.lang.IllegalStateException:
api	Api	dev.s7a.strata.screen.ScreenRuntimeUnavailableException#constructor:1:()V
api	Api	dev.s7a.strata.screen.ScreenRuntimeUnavailableException#type:17:java.lang.IllegalStateException:
api	Api	dev.s7a.strata.screen.Screens#field:25:INSTANCE:Ldev/s7a/strata/screen/Screens;
api	Api	dev.s7a.strata.screen.Screens#method:25:open:(Ldev/s7a/strata/screen/ScreenDefinition;)V
api	Api	dev.s7a.strata.screen.Screens#type:17:java.lang.Object:
api	Api	dev.s7a.strata.semantics.Semantics#constructor:1:()V
api	Api	dev.s7a.strata.semantics.Semantics#constructor:1:(Ldev/s7a/strata/text/UiText;Ldev/s7a/strata/semantics/SemanticsRole;Ldev/s7a/strata/text/UiText;ZLjava/lang/Boolean;Ljava/lang/Boolean;)V
api	Api	dev.s7a.strata.semantics.Semantics#method:17:component1:()Ldev/s7a/strata/text/UiText;
api	Api	dev.s7a.strata.semantics.Semantics#method:17:component2:()Ldev/s7a/strata/semantics/SemanticsRole;
api	Api	dev.s7a.strata.semantics.Semantics#method:17:component3:()Ldev/s7a/strata/text/UiText;
api	Api	dev.s7a.strata.semantics.Semantics#method:17:component4:()Z
api	Api	dev.s7a.strata.semantics.Semantics#method:17:component5:()Ljava/lang/Boolean;
api	Api	dev.s7a.strata.semantics.Semantics#method:17:component6:()Ljava/lang/Boolean;
api	Api	dev.s7a.strata.semantics.Semantics#method:17:copy:(Ldev/s7a/strata/text/UiText;Ldev/s7a/strata/semantics/SemanticsRole;Ldev/s7a/strata/text/UiText;ZLjava/lang/Boolean;Ljava/lang/Boolean;)Ldev/s7a/strata/semantics/Semantics;
api	Api	dev.s7a.strata.semantics.Semantics#method:17:getChecked:()Ljava/lang/Boolean;
api	Api	dev.s7a.strata.semantics.Semantics#method:17:getDisabled:()Z
api	Api	dev.s7a.strata.semantics.Semantics#method:17:getLabel:()Ldev/s7a/strata/text/UiText;
api	Api	dev.s7a.strata.semantics.Semantics#method:17:getRole:()Ldev/s7a/strata/semantics/SemanticsRole;
api	Api	dev.s7a.strata.semantics.Semantics#method:17:getSelected:()Ljava/lang/Boolean;
api	Api	dev.s7a.strata.semantics.Semantics#method:17:getValue:()Ldev/s7a/strata/text/UiText;
api	Api	dev.s7a.strata.semantics.Semantics#method:1:equals:(Ljava/lang/Object;)Z
api	Api	dev.s7a.strata.semantics.Semantics#method:1:hashCode:()I
api	Api	dev.s7a.strata.semantics.Semantics#method:1:toString:()Ljava/lang/String;
api	Api	dev.s7a.strata.semantics.Semantics#type:17:java.lang.Object:
api	Api	dev.s7a.strata.semantics.SemanticsRole#method:1:getProjectionType:()Ldev/s7a/strata/projection/ProjectionType;
api	Api	dev.s7a.strata.semantics.SemanticsRole#type:1537::
api	Api	dev.s7a.strata.semantics.SemanticsRole$Button#field:25:INSTANCE:Ldev/s7a/strata/semantics/SemanticsRole$Button;
api	Api	dev.s7a.strata.semantics.SemanticsRole$Button#method:1:equals:(Ljava/lang/Object;)Z
api	Api	dev.s7a.strata.semantics.SemanticsRole$Button#method:1:getProjectionType:()Ldev/s7a/strata/projection/ProjectionType;
api	Api	dev.s7a.strata.semantics.SemanticsRole$Button#method:1:hashCode:()I
api	Api	dev.s7a.strata.semantics.SemanticsRole$Button#method:1:toString:()Ljava/lang/String;
api	Api	dev.s7a.strata.semantics.SemanticsRole$Button#type:25:java.lang.Object:dev.s7a.strata.semantics.SemanticsRole
api	Api	dev.s7a.strata.semantics.SemanticsRole$Checkbox#field:25:INSTANCE:Ldev/s7a/strata/semantics/SemanticsRole$Checkbox;
api	Api	dev.s7a.strata.semantics.SemanticsRole$Checkbox#method:1:equals:(Ljava/lang/Object;)Z
api	Api	dev.s7a.strata.semantics.SemanticsRole$Checkbox#method:1:getProjectionType:()Ldev/s7a/strata/projection/ProjectionType;
api	Api	dev.s7a.strata.semantics.SemanticsRole$Checkbox#method:1:hashCode:()I
api	Api	dev.s7a.strata.semantics.SemanticsRole$Checkbox#method:1:toString:()Ljava/lang/String;
api	Api	dev.s7a.strata.semantics.SemanticsRole$Checkbox#type:25:java.lang.Object:dev.s7a.strata.semantics.SemanticsRole
api	Api	dev.s7a.strata.semantics.SemanticsRole$CycleButton#field:25:INSTANCE:Ldev/s7a/strata/semantics/SemanticsRole$CycleButton;
api	Api	dev.s7a.strata.semantics.SemanticsRole$CycleButton#method:1:equals:(Ljava/lang/Object;)Z
api	Api	dev.s7a.strata.semantics.SemanticsRole$CycleButton#method:1:getProjectionType:()Ldev/s7a/strata/projection/ProjectionType;
api	Api	dev.s7a.strata.semantics.SemanticsRole$CycleButton#method:1:hashCode:()I
api	Api	dev.s7a.strata.semantics.SemanticsRole$CycleButton#method:1:toString:()Ljava/lang/String;
api	Api	dev.s7a.strata.semantics.SemanticsRole$CycleButton#type:25:java.lang.Object:dev.s7a.strata.semantics.SemanticsRole
api	Api	dev.s7a.strata.semantics.SemanticsRole$DefaultImpls#method:9:getProjectionType:(Ldev/s7a/strata/semantics/SemanticsRole;)Ldev/s7a/strata/projection/ProjectionType;
api	Api	dev.s7a.strata.semantics.SemanticsRole$DefaultImpls#type:25:java.lang.Object:
api	Api	dev.s7a.strata.semantics.SemanticsRole$ProgressBar#field:25:INSTANCE:Ldev/s7a/strata/semantics/SemanticsRole$ProgressBar;
api	Api	dev.s7a.strata.semantics.SemanticsRole$ProgressBar#method:1:equals:(Ljava/lang/Object;)Z
api	Api	dev.s7a.strata.semantics.SemanticsRole$ProgressBar#method:1:getProjectionType:()Ldev/s7a/strata/projection/ProjectionType;
api	Api	dev.s7a.strata.semantics.SemanticsRole$ProgressBar#method:1:hashCode:()I
api	Api	dev.s7a.strata.semantics.SemanticsRole$ProgressBar#method:1:toString:()Ljava/lang/String;
api	Api	dev.s7a.strata.semantics.SemanticsRole$ProgressBar#type:25:java.lang.Object:dev.s7a.strata.semantics.SemanticsRole
api	Api	dev.s7a.strata.semantics.SemanticsRole$SelectionList#field:25:INSTANCE:Ldev/s7a/strata/semantics/SemanticsRole$SelectionList;
api	Api	dev.s7a.strata.semantics.SemanticsRole$SelectionList#method:1:equals:(Ljava/lang/Object;)Z
api	Api	dev.s7a.strata.semantics.SemanticsRole$SelectionList#method:1:getProjectionType:()Ldev/s7a/strata/projection/ProjectionType;
api	Api	dev.s7a.strata.semantics.SemanticsRole$SelectionList#method:1:hashCode:()I
api	Api	dev.s7a.strata.semantics.SemanticsRole$SelectionList#method:1:toString:()Ljava/lang/String;
api	Api	dev.s7a.strata.semantics.SemanticsRole$SelectionList#type:25:java.lang.Object:dev.s7a.strata.semantics.SemanticsRole
api	Api	dev.s7a.strata.semantics.SemanticsRole$Slider#field:25:INSTANCE:Ldev/s7a/strata/semantics/SemanticsRole$Slider;
api	Api	dev.s7a.strata.semantics.SemanticsRole$Slider#method:1:equals:(Ljava/lang/Object;)Z
api	Api	dev.s7a.strata.semantics.SemanticsRole$Slider#method:1:getProjectionType:()Ldev/s7a/strata/projection/ProjectionType;
api	Api	dev.s7a.strata.semantics.SemanticsRole$Slider#method:1:hashCode:()I
api	Api	dev.s7a.strata.semantics.SemanticsRole$Slider#method:1:toString:()Ljava/lang/String;
api	Api	dev.s7a.strata.semantics.SemanticsRole$Slider#type:25:java.lang.Object:dev.s7a.strata.semantics.SemanticsRole
api	Api	dev.s7a.strata.semantics.SemanticsRole$Tab#field:25:INSTANCE:Ldev/s7a/strata/semantics/SemanticsRole$Tab;
api	Api	dev.s7a.strata.semantics.SemanticsRole$Tab#method:1:equals:(Ljava/lang/Object;)Z
api	Api	dev.s7a.strata.semantics.SemanticsRole$Tab#method:1:getProjectionType:()Ldev/s7a/strata/projection/ProjectionType;
api	Api	dev.s7a.strata.semantics.SemanticsRole$Tab#method:1:hashCode:()I
api	Api	dev.s7a.strata.semantics.SemanticsRole$Tab#method:1:toString:()Ljava/lang/String;
api	Api	dev.s7a.strata.semantics.SemanticsRole$Tab#type:25:java.lang.Object:dev.s7a.strata.semantics.SemanticsRole
api	Api	dev.s7a.strata.semantics.SemanticsRole$Text#field:25:INSTANCE:Ldev/s7a/strata/semantics/SemanticsRole$Text;
api	Api	dev.s7a.strata.semantics.SemanticsRole$Text#method:1:equals:(Ljava/lang/Object;)Z
api	Api	dev.s7a.strata.semantics.SemanticsRole$Text#method:1:getProjectionType:()Ldev/s7a/strata/projection/ProjectionType;
api	Api	dev.s7a.strata.semantics.SemanticsRole$Text#method:1:hashCode:()I
api	Api	dev.s7a.strata.semantics.SemanticsRole$Text#method:1:toString:()Ljava/lang/String;
api	Api	dev.s7a.strata.semantics.SemanticsRole$Text#type:25:java.lang.Object:dev.s7a.strata.semantics.SemanticsRole
api	Api	dev.s7a.strata.semantics.SemanticsRole$TextArea#field:25:INSTANCE:Ldev/s7a/strata/semantics/SemanticsRole$TextArea;
api	Api	dev.s7a.strata.semantics.SemanticsRole$TextArea#method:1:equals:(Ljava/lang/Object;)Z
api	Api	dev.s7a.strata.semantics.SemanticsRole$TextArea#method:1:getProjectionType:()Ldev/s7a/strata/projection/ProjectionType;
api	Api	dev.s7a.strata.semantics.SemanticsRole$TextArea#method:1:hashCode:()I
api	Api	dev.s7a.strata.semantics.SemanticsRole$TextArea#method:1:toString:()Ljava/lang/String;
api	Api	dev.s7a.strata.semantics.SemanticsRole$TextArea#type:25:java.lang.Object:dev.s7a.strata.semantics.SemanticsRole
api	Api	dev.s7a.strata.semantics.SemanticsRole$TextField#field:25:INSTANCE:Ldev/s7a/strata/semantics/SemanticsRole$TextField;
api	Api	dev.s7a.strata.semantics.SemanticsRole$TextField#method:1:equals:(Ljava/lang/Object;)Z
api	Api	dev.s7a.strata.semantics.SemanticsRole$TextField#method:1:getProjectionType:()Ldev/s7a/strata/projection/ProjectionType;
api	Api	dev.s7a.strata.semantics.SemanticsRole$TextField#method:1:hashCode:()I
api	Api	dev.s7a.strata.semantics.SemanticsRole$TextField#method:1:toString:()Ljava/lang/String;
api	Api	dev.s7a.strata.semantics.SemanticsRole$TextField#type:25:java.lang.Object:dev.s7a.strata.semantics.SemanticsRole
api	Api	dev.s7a.strata.semantics.SemanticsScope#method:1025:emit:(Ldev/s7a/strata/semantics/Semantics;)V
api	Api	dev.s7a.strata.semantics.SemanticsScope#type:1537::
api	Api	dev.s7a.strata.spi.ComponentEvaluator#method:1025:evaluate:(Lkotlin/jvm/functions/Function1;)Ldev/s7a/strata/element/Element;
api	Api	dev.s7a.strata.spi.ComponentEvaluator#type:1537::
api	Api	dev.s7a.strata.spi.ComponentRuntime#method:1025:button:(Ldev/s7a/strata/text/UiText;IZLdev/s7a/strata/modifier/Modifier;Ldev/s7a/strata/element/ElementKey;)Ldev/s7a/strata/element/Element;
api	Api	dev.s7a.strata.spi.ComponentRuntime#method:1025:checkbox:(Ldev/s7a/strata/text/UiText;Ldev/s7a/strata/component/CheckboxState;IZLdev/s7a/strata/modifier/Modifier;Ldev/s7a/strata/element/ElementKey;)Ldev/s7a/strata/element/Element;
api	Api	dev.s7a.strata.spi.ComponentRuntime#method:1025:containerBackground:(Ldev/s7a/strata/modifier/Modifier;I)Ldev/s7a/strata/modifier/Modifier;
api	Api	dev.s7a.strata.spi.ComponentRuntime#method:1025:cycleButton:(Ldev/s7a/strata/component/CycleButtonState;Ljava/util/List;IZLdev/s7a/strata/modifier/Modifier;Ldev/s7a/strata/element/ElementKey;)Ldev/s7a/strata/element/Element;
api	Api	dev.s7a.strata.spi.ComponentRuntime#method:1025:image:(Ldev/s7a/strata/component/ImageSource;Ldev/s7a/strata/geometry/IntRect;Ldev/s7a/strata/geometry/IntSize;Ldev/s7a/strata/modifier/Modifier;Ldev/s7a/strata/element/ElementKey;)Ldev/s7a/strata/element/Element;
api	Api	dev.s7a.strata.spi.ComponentRuntime#method:1025:imageBackground:(Ldev/s7a/strata/modifier/Modifier;Ldev/s7a/strata/component/ImageSource;Ldev/s7a/strata/component/ImageScale;)Ldev/s7a/strata/modifier/Modifier;
api	Api	dev.s7a.strata.spi.ComponentRuntime#method:1025:imageBackground:(Ldev/s7a/strata/modifier/Modifier;Ldev/s7a/strata/component/ImageSource;Ldev/s7a/strata/geometry/Insets;Ldev/s7a/strata/component/NineSliceCenterMode;)Ldev/s7a/strata/modifier/Modifier;
api	Api	dev.s7a.strata.spi.ComponentRuntime#method:1025:loadingIndicator:(Ldev/s7a/strata/geometry/IntSize;Ldev/s7a/strata/modifier/Modifier;Ldev/s7a/strata/element/ElementKey;)Ldev/s7a/strata/element/Element;
api	Api	dev.s7a.strata.spi.ComponentRuntime#method:1025:menuBackground:(Ldev/s7a/strata/modifier/Modifier;)Ldev/s7a/strata/modifier/Modifier;
api	Api	dev.s7a.strata.spi.ComponentRuntime#method:1025:playerHead:(Ldev/s7a/strata/component/PlayerSkinSource;IZLdev/s7a/strata/element/Element;Ldev/s7a/strata/element/Element;Ldev/s7a/strata/modifier/Modifier;Ldev/s7a/strata/element/ElementKey;)Ldev/s7a/strata/element/Element;
api	Api	dev.s7a.strata.spi.ComponentRuntime#method:1025:progressBar:(DLdev/s7a/strata/geometry/IntSize;Ldev/s7a/strata/modifier/Modifier;Ldev/s7a/strata/element/ElementKey;)Ldev/s7a/strata/element/Element;
api	Api	dev.s7a.strata.spi.ComponentRuntime#method:1025:retainEvaluator:()Ldev/s7a/strata/spi/ComponentEvaluator;
api	Api	dev.s7a.strata.spi.ComponentRuntime#method:1025:scrollArea:(Ldev/s7a/strata/component/ScrollState;Ldev/s7a/strata/element/Element;ILdev/s7a/strata/modifier/Modifier;Ldev/s7a/strata/element/ElementKey;)Ldev/s7a/strata/element/Element;
api	Api	dev.s7a.strata.spi.ComponentRuntime#method:1025:scrollbar:(Ldev/s7a/strata/component/ScrollState;Ldev/s7a/strata/modifier/Modifier;Ldev/s7a/strata/element/ElementKey;)Ldev/s7a/strata/element/Element;
api	Api	dev.s7a.strata.spi.ComponentRuntime#method:1025:slider:(Ldev/s7a/strata/text/UiText;Ldev/s7a/strata/component/SliderState;IZLdev/s7a/strata/modifier/Modifier;Ldev/s7a/strata/element/ElementKey;)Ldev/s7a/strata/element/Element;
api	Api	dev.s7a.strata.spi.ComponentRuntime#method:1025:slot:(Ldev/s7a/strata/component/SlotBinding;ZLdev/s7a/strata/element/Element;Ldev/s7a/strata/modifier/Modifier;Ldev/s7a/strata/element/ElementKey;)Ldev/s7a/strata/element/Element;
api	Api	dev.s7a.strata.spi.ComponentRuntime#method:1025:tab:(Ldev/s7a/strata/text/UiText;ZIZLdev/s7a/strata/component/TabSelectionIndicator;Ldev/s7a/strata/element/Element;Ldev/s7a/strata/modifier/Modifier;Ldev/s7a/strata/element/ElementKey;)Ldev/s7a/strata/element/Element;
api	Api	dev.s7a.strata.spi.ComponentRuntime#method:1025:text:(Ldev/s7a/strata/text/UiText;Ldev/s7a/strata/component/TextStyle;Ldev/s7a/strata/modifier/Modifier;Ldev/s7a/strata/element/ElementKey;)Ldev/s7a/strata/element/Element;
api	Api	dev.s7a.strata.spi.ComponentRuntime#method:1025:textField:(Ldev/s7a/strata/component/TextFieldState;Ldev/s7a/strata/geometry/IntSize;ZLdev/s7a/strata/component/TextStyle;Ldev/s7a/strata/modifier/Modifier;Ldev/s7a/strata/element/ElementKey;)Ldev/s7a/strata/element/Element;
api	Api	dev.s7a.strata.spi.ComponentRuntime#method:1025:tooltip:(Ldev/s7a/strata/modifier/Modifier;Ldev/s7a/strata/text/UiText;J)Ldev/s7a/strata/modifier/Modifier;
api	Api	dev.s7a.strata.spi.ComponentRuntime#method:1:text:(Ldev/s7a/strata/text/UiText;Ldev/s7a/strata/text/TextLayout;Ldev/s7a/strata/component/TextStyle;Ldev/s7a/strata/modifier/Modifier;Ldev/s7a/strata/element/ElementKey;)Ldev/s7a/strata/element/Element;
api	Api	dev.s7a.strata.spi.ComponentRuntime#method:1:textArea:(Ldev/s7a/strata/component/TextAreaState;Ldev/s7a/strata/component/TextAreaViewport;Ldev/s7a/strata/component/TextInputAppearance;ZLdev/s7a/strata/component/TextStyle;Ldev/s7a/strata/resource/ResourceId;Ldev/s7a/strata/text/TextWrap;ILdev/s7a/strata/modifier/Modifier;Ldev/s7a/strata/element/ElementKey;)Ldev/s7a/strata/element/Element;
api	Api	dev.s7a.strata.spi.ComponentRuntime#method:1:textArea:(Ldev/s7a/strata/component/TextAreaState;Ldev/s7a/strata/component/TextAreaViewport;Ldev/s7a/strata/component/TextInputAppearance;ZLdev/s7a/strata/component/TextStyle;Ldev/s7a/strata/text/TextWrap;ILdev/s7a/strata/modifier/Modifier;Ldev/s7a/strata/element/ElementKey;)Ldev/s7a/strata/element/Element;
api	Api	dev.s7a.strata.spi.ComponentRuntime#method:1:textArea:(Ldev/s7a/strata/component/TextAreaState;Ldev/s7a/strata/component/TextAreaViewport;ZLdev/s7a/strata/component/TextStyle;Ldev/s7a/strata/resource/ResourceId;Ldev/s7a/strata/text/TextWrap;ILdev/s7a/strata/modifier/Modifier;Ldev/s7a/strata/element/ElementKey;)Ldev/s7a/strata/element/Element;
api	Api	dev.s7a.strata.spi.ComponentRuntime#method:1:textArea:(Ldev/s7a/strata/component/TextAreaState;Ldev/s7a/strata/component/TextAreaViewport;ZLdev/s7a/strata/component/TextStyle;Ldev/s7a/strata/text/TextWrap;ILdev/s7a/strata/modifier/Modifier;Ldev/s7a/strata/element/ElementKey;)Ldev/s7a/strata/element/Element;
api	Api	dev.s7a.strata.spi.ComponentRuntime#method:1:textField:(Ldev/s7a/strata/component/TextFieldState;Ldev/s7a/strata/geometry/IntSize;Ldev/s7a/strata/component/TextInputAppearance;ZLdev/s7a/strata/component/TextStyle;Ldev/s7a/strata/modifier/Modifier;Ldev/s7a/strata/element/ElementKey;)Ldev/s7a/strata/element/Element;
api	Api	dev.s7a.strata.spi.ComponentRuntime#method:1:textField:(Ldev/s7a/strata/component/TextFieldState;Ldev/s7a/strata/geometry/IntSize;Ldev/s7a/strata/component/TextInputAppearance;ZLdev/s7a/strata/component/TextStyle;Ldev/s7a/strata/resource/ResourceId;Ldev/s7a/strata/modifier/Modifier;Ldev/s7a/strata/element/ElementKey;)Ldev/s7a/strata/element/Element;
api	Api	dev.s7a.strata.spi.ComponentRuntime#method:1:textField:(Ldev/s7a/strata/component/TextFieldState;Ldev/s7a/strata/geometry/IntSize;ZLdev/s7a/strata/component/TextStyle;Ldev/s7a/strata/resource/ResourceId;Ldev/s7a/strata/modifier/Modifier;Ldev/s7a/strata/element/ElementKey;)Ldev/s7a/strata/element/Element;
api	Api	dev.s7a.strata.spi.ComponentRuntime#type:1537::
api	Api	dev.s7a.strata.spi.ComponentRuntime$DefaultImpls#method:9:text:(Ldev/s7a/strata/spi/ComponentRuntime;Ldev/s7a/strata/text/UiText;Ldev/s7a/strata/text/TextLayout;Ldev/s7a/strata/component/TextStyle;Ldev/s7a/strata/modifier/Modifier;Ldev/s7a/strata/element/ElementKey;)Ldev/s7a/strata/element/Element;
api	Api	dev.s7a.strata.spi.ComponentRuntime$DefaultImpls#method:9:textArea:(Ldev/s7a/strata/spi/ComponentRuntime;Ldev/s7a/strata/component/TextAreaState;Ldev/s7a/strata/component/TextAreaViewport;Ldev/s7a/strata/component/TextInputAppearance;ZLdev/s7a/strata/component/TextStyle;Ldev/s7a/strata/resource/ResourceId;Ldev/s7a/strata/text/TextWrap;ILdev/s7a/strata/modifier/Modifier;Ldev/s7a/strata/element/ElementKey;)Ldev/s7a/strata/element/Element;
api	Api	dev.s7a.strata.spi.ComponentRuntime$DefaultImpls#method:9:textArea:(Ldev/s7a/strata/spi/ComponentRuntime;Ldev/s7a/strata/component/TextAreaState;Ldev/s7a/strata/component/TextAreaViewport;Ldev/s7a/strata/component/TextInputAppearance;ZLdev/s7a/strata/component/TextStyle;Ldev/s7a/strata/text/TextWrap;ILdev/s7a/strata/modifier/Modifier;Ldev/s7a/strata/element/ElementKey;)Ldev/s7a/strata/element/Element;
api	Api	dev.s7a.strata.spi.ComponentRuntime$DefaultImpls#method:9:textArea:(Ldev/s7a/strata/spi/ComponentRuntime;Ldev/s7a/strata/component/TextAreaState;Ldev/s7a/strata/component/TextAreaViewport;ZLdev/s7a/strata/component/TextStyle;Ldev/s7a/strata/resource/ResourceId;Ldev/s7a/strata/text/TextWrap;ILdev/s7a/strata/modifier/Modifier;Ldev/s7a/strata/element/ElementKey;)Ldev/s7a/strata/element/Element;
api	Api	dev.s7a.strata.spi.ComponentRuntime$DefaultImpls#method:9:textArea:(Ldev/s7a/strata/spi/ComponentRuntime;Ldev/s7a/strata/component/TextAreaState;Ldev/s7a/strata/component/TextAreaViewport;ZLdev/s7a/strata/component/TextStyle;Ldev/s7a/strata/text/TextWrap;ILdev/s7a/strata/modifier/Modifier;Ldev/s7a/strata/element/ElementKey;)Ldev/s7a/strata/element/Element;
api	Api	dev.s7a.strata.spi.ComponentRuntime$DefaultImpls#method:9:textField:(Ldev/s7a/strata/spi/ComponentRuntime;Ldev/s7a/strata/component/TextFieldState;Ldev/s7a/strata/geometry/IntSize;Ldev/s7a/strata/component/TextInputAppearance;ZLdev/s7a/strata/component/TextStyle;Ldev/s7a/strata/modifier/Modifier;Ldev/s7a/strata/element/ElementKey;)Ldev/s7a/strata/element/Element;
api	Api	dev.s7a.strata.spi.ComponentRuntime$DefaultImpls#method:9:textField:(Ldev/s7a/strata/spi/ComponentRuntime;Ldev/s7a/strata/component/TextFieldState;Ldev/s7a/strata/geometry/IntSize;Ldev/s7a/strata/component/TextInputAppearance;ZLdev/s7a/strata/component/TextStyle;Ldev/s7a/strata/resource/ResourceId;Ldev/s7a/strata/modifier/Modifier;Ldev/s7a/strata/element/ElementKey;)Ldev/s7a/strata/element/Element;
api	Api	dev.s7a.strata.spi.ComponentRuntime$DefaultImpls#method:9:textField:(Ldev/s7a/strata/spi/ComponentRuntime;Ldev/s7a/strata/component/TextFieldState;Ldev/s7a/strata/geometry/IntSize;ZLdev/s7a/strata/component/TextStyle;Ldev/s7a/strata/resource/ResourceId;Ldev/s7a/strata/modifier/Modifier;Ldev/s7a/strata/element/ElementKey;)Ldev/s7a/strata/element/Element;
api	Api	dev.s7a.strata.spi.ComponentRuntime$DefaultImpls#type:25:java.lang.Object:
api	Api	dev.s7a.strata.spi.ComponentRuntimeBridge#field:25:INSTANCE:Ldev/s7a/strata/spi/ComponentRuntimeBridge;
api	Api	dev.s7a.strata.spi.ComponentRuntimeBridge#method:17:current:()Ldev/s7a/strata/spi/ComponentRuntime;
api	Api	dev.s7a.strata.spi.ComponentRuntimeBridge#method:17:evaluate:(Ldev/s7a/strata/spi/ComponentRuntime;Lkotlin/jvm/functions/Function1;)Ldev/s7a/strata/element/Element;
api	Api	dev.s7a.strata.spi.ComponentRuntimeBridge#type:17:java.lang.Object:
api	Api	dev.s7a.strata.spi.ExecutionOwnerId#field:25:Companion:Ldev/s7a/strata/spi/ExecutionOwnerId$Companion;
api	Api	dev.s7a.strata.spi.ExecutionOwnerId#method:1:equals:(Ljava/lang/Object;)Z
api	Api	dev.s7a.strata.spi.ExecutionOwnerId#method:1:hashCode:()I
api	Api	dev.s7a.strata.spi.ExecutionOwnerId#method:1:toString:()Ljava/lang/String;
api	Api	dev.s7a.strata.spi.ExecutionOwnerId#method:25:equals-impl0:(Ljava/lang/Object;Ljava/lang/Object;)Z
api	Api	dev.s7a.strata.spi.ExecutionOwnerId#method:9:equals-impl:(Ljava/lang/Object;Ljava/lang/Object;)Z
api	Api	dev.s7a.strata.spi.ExecutionOwnerId#method:9:hashCode-impl:(Ljava/lang/Object;)I
api	Api	dev.s7a.strata.spi.ExecutionOwnerId#method:9:toString-impl:(Ljava/lang/Object;)Ljava/lang/String;
api	Api	dev.s7a.strata.spi.ExecutionOwnerId#type:17:java.lang.Object:
api	Api	dev.s7a.strata.spi.ExecutionOwnerId$Companion#method:17:create-N0xS9Bg:(Ljava/lang/Object;)Ljava/lang/Object;
api	Api	dev.s7a.strata.spi.ExecutionOwnerId$Companion#type:25:java.lang.Object:
api	Api	dev.s7a.strata.spi.InternalStrataRuntimeApi#type:9729::java.lang.annotation.Annotation
api	Api	dev.s7a.strata.spi.RuntimeExecutionOwner#constructor:1:()V
api	Api	dev.s7a.strata.spi.RuntimeExecutionOwner#field:25:Companion:Ldev/s7a/strata/spi/RuntimeExecutionOwner$Companion;
api	Api	dev.s7a.strata.spi.RuntimeExecutionOwner#method:17:run:(Lkotlin/jvm/functions/Function0;)Ljava/lang/Object;
api	Api	dev.s7a.strata.spi.RuntimeExecutionOwner#type:17:java.lang.Object:
api	Api	dev.s7a.strata.spi.RuntimeExecutionOwner$Companion#method:17:current-5Aucch4:()Ljava/lang/Object;
api	Api	dev.s7a.strata.spi.RuntimeExecutionOwner$Companion#type:25:java.lang.Object:
api	Api	dev.s7a.strata.spi.ScreenPresenter#method:1025:present:(Ldev/s7a/strata/screen/ScreenDefinition;)V
api	Api	dev.s7a.strata.spi.ScreenPresenter#type:1537::
api	Api	dev.s7a.strata.spi.ScreenPresenterRegistration#method:1025:close:()V
api	Api	dev.s7a.strata.spi.ScreenPresenterRegistration#type:1537::java.lang.AutoCloseable
api	Api	dev.s7a.strata.spi.ScreenPresenters#field:25:INSTANCE:Ldev/s7a/strata/spi/ScreenPresenters;
api	Api	dev.s7a.strata.spi.ScreenPresenters#method:17:install:(Ldev/s7a/strata/spi/ScreenPresenter;)Ldev/s7a/strata/spi/ScreenPresenterRegistration;
api	Api	dev.s7a.strata.spi.ScreenPresenters#method:17:present:(Ldev/s7a/strata/screen/ScreenDefinition;)V
api	Api	dev.s7a.strata.spi.ScreenPresenters#type:17:java.lang.Object:
api	Api	dev.s7a.strata.spi.UiPresenter#method:1025:present:(Ldev/s7a/strata/ui/UiDefinition;)Ldev/s7a/strata/ui/UiSession;
api	Api	dev.s7a.strata.spi.UiPresenter#type:1537::
api	Api	dev.s7a.strata.spi.UiPresenters#field:25:INSTANCE:Ldev/s7a/strata/spi/UiPresenters;
api	Api	dev.s7a.strata.spi.UiPresenters#method:17:install:(Ldev/s7a/strata/spi/UiPresenter;)Ljava/lang/AutoCloseable;
api	Api	dev.s7a.strata.spi.UiPresenters#method:17:present:(Ldev/s7a/strata/ui/UiDefinition;)Ldev/s7a/strata/ui/UiSession;
api	Api	dev.s7a.strata.spi.UiPresenters#type:17:java.lang.Object:
api	Api	dev.s7a.strata.state.DerivedStateSource#method:1025:derive:(Ljava/lang/Object;)Ljava/lang/Object;
api	Api	dev.s7a.strata.state.DerivedStateSource#method:1025:getUpstream:()Ldev/s7a/strata/state/StateSource;
api	Api	dev.s7a.strata.state.DerivedStateSource#type:1537::dev.s7a.strata.state.StateSource
api	Api	dev.s7a.strata.state.MappedStateDelivery#constructor:1:(Lkotlin/jvm/functions/Function1;)V
api	Api	dev.s7a.strata.state.MappedStateDelivery#method:17:deliver:(Ldev/s7a/strata/state/StateSnapshot;)V
api	Api	dev.s7a.strata.state.MappedStateDelivery#method:1:close:()V
api	Api	dev.s7a.strata.state.MappedStateDelivery#type:17:java.lang.Object:java.lang.AutoCloseable
api	Api	dev.s7a.strata.state.MappedStateSource#constructor:1:(Ldev/s7a/strata/state/StateSource;Lkotlin/jvm/functions/Function1;)V
api	Api	dev.s7a.strata.state.MappedStateSource#method:1:derive:(Ljava/lang/Object;)Ljava/lang/Object;
api	Api	dev.s7a.strata.state.MappedStateSource#method:1:getUpstream:()Ldev/s7a/strata/state/StateSource;
api	Api	dev.s7a.strata.state.MappedStateSource#method:1:subscribe:(Lkotlin/jvm/functions/Function1;)Ldev/s7a/strata/state/StateSubscription;
api	Api	dev.s7a.strata.state.MappedStateSource#type:17:java.lang.Object:dev.s7a.strata.state.DerivedStateSource
api	Api	dev.s7a.strata.state.MutableState#constructor:1:(Ljava/lang/Object;)V
api	Api	dev.s7a.strata.state.MutableState#method:17:forget$dev_s7a_strata_api:(Ldev/s7a/strata/state/StateObservation;)V
api	Api	dev.s7a.strata.state.MutableState#method:17:observe$dev_s7a_strata_api:(Ldev/s7a/strata/state/StateObservation;)V
api	Api	dev.s7a.strata.state.MutableState#method:17:update$dev_s7a_strata_api:(Ljava/lang/Object;)Z
api	Api	dev.s7a.strata.state.MutableState#method:1:getValue:()Ljava/lang/Object;
api	Api	dev.s7a.strata.state.MutableState#method:1:setValue:(Ljava/lang/Object;)V
api	Api	dev.s7a.strata.state.MutableState#type:17:java.lang.Object:dev.s7a.strata.state.State
api	Api	dev.s7a.strata.state.MutableStateKt#method:25:mutableStateOf:(Ljava/lang/Object;)Ldev/s7a/strata/state/MutableState;
api	Api	dev.s7a.strata.state.MutableStateKt#type:17:java.lang.Object:
api	Api	dev.s7a.strata.state.State#method:1025:getValue:()Ljava/lang/Object;
api	Api	dev.s7a.strata.state.State#type:1537::
api	Api	dev.s7a.strata.state.StateObservation#constructor:1:(Lkotlin/jvm/functions/Function0;Lkotlin/jvm/functions/Function0;Lkotlin/jvm/functions/Function0;Lkotlin/jvm/functions/Function0;)V
api	Api	dev.s7a.strata.state.StateObservation#field:25:Companion:Ldev/s7a/strata/state/StateObservation$Companion;
api	Api	dev.s7a.strata.state.StateObservation#method:17:beginMutation$dev_s7a_strata_api:()V
api	Api	dev.s7a.strata.state.StateObservation#method:17:endMutation$dev_s7a_strata_api:()V
api	Api	dev.s7a.strata.state.StateObservation#method:17:enterOperation:()V
api	Api	dev.s7a.strata.state.StateObservation#method:17:evaluate:(Lkotlin/jvm/functions/Function0;)Ljava/lang/Object;
api	Api	dev.s7a.strata.state.StateObservation#method:17:fork:(Lkotlin/jvm/functions/Function0;)Ldev/s7a/strata/state/StateObservation;
api	Api	dev.s7a.strata.state.StateObservation#method:17:getMutationOwner$dev_s7a_strata_api:()Ldev/s7a/strata/state/StateObservation;
api	Api	dev.s7a.strata.state.StateObservation#method:17:invalidate$dev_s7a_strata_api:()V
api	Api	dev.s7a.strata.state.StateObservation#method:17:leaveOperation:()V
api	Api	dev.s7a.strata.state.StateObservation#method:1:close:()V
api	Api	dev.s7a.strata.state.StateObservation#type:17:java.lang.Object:java.lang.AutoCloseable
api	Api	dev.s7a.strata.state.StateObservation$Companion#method:17:checkAccess$dev_s7a_strata_api:()V
api	Api	dev.s7a.strata.state.StateObservation$Companion#method:17:checkMutation$dev_s7a_strata_api:()V
api	Api	dev.s7a.strata.state.StateObservation$Companion#method:17:compare$dev_s7a_strata_api:(Lkotlin/jvm/functions/Function0;)Z
api	Api	dev.s7a.strata.state.StateObservation$Companion#method:17:record$dev_s7a_strata_api:(Ldev/s7a/strata/state/MutableState;)V
api	Api	dev.s7a.strata.state.StateObservation$Companion#type:25:java.lang.Object:
api	Api	dev.s7a.strata.state.StateRevision#method:17:getValue:()J
api	Api	dev.s7a.strata.state.StateRevision#method:1:compareTo-0Utrm5c:(J)I
api	Api	dev.s7a.strata.state.StateRevision#method:1:equals:(Ljava/lang/Object;)Z
api	Api	dev.s7a.strata.state.StateRevision#method:1:hashCode:()I
api	Api	dev.s7a.strata.state.StateRevision#method:1:toString:()Ljava/lang/String;
api	Api	dev.s7a.strata.state.StateRevision#method:25:equals-impl0:(JJ)Z
api	Api	dev.s7a.strata.state.StateRevision#method:9:compareTo-0Utrm5c:(JJ)I
api	Api	dev.s7a.strata.state.StateRevision#method:9:constructor-impl:(J)J
api	Api	dev.s7a.strata.state.StateRevision#method:9:equals-impl:(JLjava/lang/Object;)Z
api	Api	dev.s7a.strata.state.StateRevision#method:9:hashCode-impl:(J)I
api	Api	dev.s7a.strata.state.StateRevision#method:9:toString-impl:(J)Ljava/lang/String;
api	Api	dev.s7a.strata.state.StateRevision#type:17:java.lang.Object:java.lang.Comparable
api	Api	dev.s7a.strata.state.StateSnapshot#method:17:component1-GiWAOYM:()J
api	Api	dev.s7a.strata.state.StateSnapshot#method:17:component2:()Ljava/lang/Object;
api	Api	dev.s7a.strata.state.StateSnapshot#method:17:copy-vDtxdoA:(JLjava/lang/Object;)Ldev/s7a/strata/state/StateSnapshot;
api	Api	dev.s7a.strata.state.StateSnapshot#method:17:getRevision-GiWAOYM:()J
api	Api	dev.s7a.strata.state.StateSnapshot#method:17:getValue:()Ljava/lang/Object;
api	Api	dev.s7a.strata.state.StateSnapshot#method:1:equals:(Ljava/lang/Object;)Z
api	Api	dev.s7a.strata.state.StateSnapshot#method:1:hashCode:()I
api	Api	dev.s7a.strata.state.StateSnapshot#method:1:toString:()Ljava/lang/String;
api	Api	dev.s7a.strata.state.StateSnapshot#type:17:java.lang.Object:
api	Api	dev.s7a.strata.state.StateSource#method:1025:subscribe:(Lkotlin/jvm/functions/Function1;)Ldev/s7a/strata/state/StateSubscription;
api	Api	dev.s7a.strata.state.StateSource#type:1537::
api	Api	dev.s7a.strata.state.StateSourceExtensionsKt#method:25:map:(Ldev/s7a/strata/state/StateSource;Lkotlin/jvm/functions/Function1;)Ldev/s7a/strata/state/StateSource;
api	Api	dev.s7a.strata.state.StateSourceExtensionsKt#type:17:java.lang.Object:
api	Api	dev.s7a.strata.state.StateSubscription#constructor:1:(Ldev/s7a/strata/state/StateSnapshot;Lkotlin/jvm/functions/Function0;)V
api	Api	dev.s7a.strata.state.StateSubscription#method:17:getInitialSnapshot:()Ldev/s7a/strata/state/StateSnapshot;
api	Api	dev.s7a.strata.state.StateSubscription#method:1:close:()V
api	Api	dev.s7a.strata.state.StateSubscription#type:17:java.lang.Object:java.lang.AutoCloseable
api	Api	dev.s7a.strata.text.PlatformText#type:1537::
api	Api	dev.s7a.strata.text.TextLayout#type:1537::
api	Api	dev.s7a.strata.text.TextLayout$Multiline#constructor:1:()V
api	Api	dev.s7a.strata.text.TextLayout$Multiline#constructor:1:(Ldev/s7a/strata/text/TextWrap;ILdev/s7a/strata/text/TextOverflow;I)V
api	Api	dev.s7a.strata.text.TextLayout$Multiline#method:17:component1:()Ldev/s7a/strata/text/TextWrap;
api	Api	dev.s7a.strata.text.TextLayout$Multiline#method:17:component2:()I
api	Api	dev.s7a.strata.text.TextLayout$Multiline#method:17:component3:()Ldev/s7a/strata/text/TextOverflow;
api	Api	dev.s7a.strata.text.TextLayout$Multiline#method:17:component4:()I
api	Api	dev.s7a.strata.text.TextLayout$Multiline#method:17:copy:(Ldev/s7a/strata/text/TextWrap;ILdev/s7a/strata/text/TextOverflow;I)Ldev/s7a/strata/text/TextLayout$Multiline;
api	Api	dev.s7a.strata.text.TextLayout$Multiline#method:17:getLineSpacing:()I
api	Api	dev.s7a.strata.text.TextLayout$Multiline#method:17:getMaxLines:()I
api	Api	dev.s7a.strata.text.TextLayout$Multiline#method:17:getOverflow:()Ldev/s7a/strata/text/TextOverflow;
api	Api	dev.s7a.strata.text.TextLayout$Multiline#method:17:getWrap:()Ldev/s7a/strata/text/TextWrap;
api	Api	dev.s7a.strata.text.TextLayout$Multiline#method:1:equals:(Ljava/lang/Object;)Z
api	Api	dev.s7a.strata.text.TextLayout$Multiline#method:1:hashCode:()I
api	Api	dev.s7a.strata.text.TextLayout$Multiline#method:1:toString:()Ljava/lang/String;
api	Api	dev.s7a.strata.text.TextLayout$Multiline#type:25:java.lang.Object:dev.s7a.strata.text.TextLayout
api	Api	dev.s7a.strata.text.TextLayout$SingleLine#field:25:INSTANCE:Ldev/s7a/strata/text/TextLayout$SingleLine;
api	Api	dev.s7a.strata.text.TextLayout$SingleLine#method:1:equals:(Ljava/lang/Object;)Z
api	Api	dev.s7a.strata.text.TextLayout$SingleLine#method:1:hashCode:()I
api	Api	dev.s7a.strata.text.TextLayout$SingleLine#method:1:toString:()Ljava/lang/String;
api	Api	dev.s7a.strata.text.TextLayout$SingleLine#type:25:java.lang.Object:dev.s7a.strata.text.TextLayout
api	Api	dev.s7a.strata.text.TextOverflow#field:16409:Clip:Ldev/s7a/strata/text/TextOverflow;
api	Api	dev.s7a.strata.text.TextOverflow#field:16409:Ellipsis:Ldev/s7a/strata/text/TextOverflow;
api	Api	dev.s7a.strata.text.TextOverflow#method:9:getEntries:()Lkotlin/enums/EnumEntries;
api	Api	dev.s7a.strata.text.TextOverflow#method:9:valueOf:(Ljava/lang/String;)Ldev/s7a/strata/text/TextOverflow;
api	Api	dev.s7a.strata.text.TextOverflow#method:9:values:()[Ldev/s7a/strata/text/TextOverflow;
api	Api	dev.s7a.strata.text.TextOverflow#type:16401:java.lang.Enum:
api	Api	dev.s7a.strata.text.TextWrap#field:16409:Character:Ldev/s7a/strata/text/TextWrap;
api	Api	dev.s7a.strata.text.TextWrap#field:16409:None:Ldev/s7a/strata/text/TextWrap;
api	Api	dev.s7a.strata.text.TextWrap#field:16409:Word:Ldev/s7a/strata/text/TextWrap;
api	Api	dev.s7a.strata.text.TextWrap#method:9:getEntries:()Lkotlin/enums/EnumEntries;
api	Api	dev.s7a.strata.text.TextWrap#method:9:valueOf:(Ljava/lang/String;)Ldev/s7a/strata/text/TextWrap;
api	Api	dev.s7a.strata.text.TextWrap#method:9:values:()[Ldev/s7a/strata/text/TextWrap;
api	Api	dev.s7a.strata.text.TextWrap#type:16401:java.lang.Enum:
api	Api	dev.s7a.strata.text.TranslationFallback#type:1537::
api	Api	dev.s7a.strata.text.TranslationFallback$Literal#constructor:1:(Ljava/lang/String;)V
api	Api	dev.s7a.strata.text.TranslationFallback$Literal#method:17:component1:()Ljava/lang/String;
api	Api	dev.s7a.strata.text.TranslationFallback$Literal#method:17:copy:(Ljava/lang/String;)Ldev/s7a/strata/text/TranslationFallback$Literal;
api	Api	dev.s7a.strata.text.TranslationFallback$Literal#method:17:getValue:()Ljava/lang/String;
api	Api	dev.s7a.strata.text.TranslationFallback$Literal#method:1:equals:(Ljava/lang/Object;)Z
api	Api	dev.s7a.strata.text.TranslationFallback$Literal#method:1:hashCode:()I
api	Api	dev.s7a.strata.text.TranslationFallback$Literal#method:1:toString:()Ljava/lang/String;
api	Api	dev.s7a.strata.text.TranslationFallback$Literal#type:25:java.lang.Object:dev.s7a.strata.text.TranslationFallback
api	Api	dev.s7a.strata.text.TranslationFallback$UseKey#field:25:INSTANCE:Ldev/s7a/strata/text/TranslationFallback$UseKey;
api	Api	dev.s7a.strata.text.TranslationFallback$UseKey#method:1:equals:(Ljava/lang/Object;)Z
api	Api	dev.s7a.strata.text.TranslationFallback$UseKey#method:1:hashCode:()I
api	Api	dev.s7a.strata.text.TranslationFallback$UseKey#method:1:toString:()Ljava/lang/String;
api	Api	dev.s7a.strata.text.TranslationFallback$UseKey#type:25:java.lang.Object:dev.s7a.strata.text.TranslationFallback
api	Api	dev.s7a.strata.text.UiText#field:25:Companion:Ldev/s7a/strata/text/UiText$Companion;
api	Api	dev.s7a.strata.text.UiText#type:1537::
api	Api	dev.s7a.strata.text.UiText$Companion#method:145:concat:([Ldev/s7a/strata/text/UiText;)Ldev/s7a/strata/text/UiText;
api	Api	dev.s7a.strata.text.UiText$Companion#type:25:java.lang.Object:
api	Api	dev.s7a.strata.text.UiText$Concatenated#constructor:129:([Ldev/s7a/strata/text/UiText;)V
api	Api	dev.s7a.strata.text.UiText$Concatenated#constructor:1:(Ljava/util/List;)V
api	Api	dev.s7a.strata.text.UiText$Concatenated#method:17:getParts:()Ljava/util/List;
api	Api	dev.s7a.strata.text.UiText$Concatenated#method:1:equals:(Ljava/lang/Object;)Z
api	Api	dev.s7a.strata.text.UiText$Concatenated#method:1:hashCode:()I
api	Api	dev.s7a.strata.text.UiText$Concatenated#method:1:toString:()Ljava/lang/String;
api	Api	dev.s7a.strata.text.UiText$Concatenated#type:25:java.lang.Object:dev.s7a.strata.text.UiText
api	Api	dev.s7a.strata.text.UiText$Literal#constructor:1:(Ljava/lang/String;)V
api	Api	dev.s7a.strata.text.UiText$Literal#method:17:component1:()Ljava/lang/String;
api	Api	dev.s7a.strata.text.UiText$Literal#method:17:copy:(Ljava/lang/String;)Ldev/s7a/strata/text/UiText$Literal;
api	Api	dev.s7a.strata.text.UiText$Literal#method:17:getValue:()Ljava/lang/String;
api	Api	dev.s7a.strata.text.UiText$Literal#method:1:equals:(Ljava/lang/Object;)Z
api	Api	dev.s7a.strata.text.UiText$Literal#method:1:hashCode:()I
api	Api	dev.s7a.strata.text.UiText$Literal#method:1:toString:()Ljava/lang/String;
api	Api	dev.s7a.strata.text.UiText$Literal#type:25:java.lang.Object:dev.s7a.strata.text.UiText
api	Api	dev.s7a.strata.text.UiText$Platform#constructor:1:(Ldev/s7a/strata/text/PlatformText;)V
api	Api	dev.s7a.strata.text.UiText$Platform#method:17:component1:()Ldev/s7a/strata/text/PlatformText;
api	Api	dev.s7a.strata.text.UiText$Platform#method:17:copy:(Ldev/s7a/strata/text/PlatformText;)Ldev/s7a/strata/text/UiText$Platform;
api	Api	dev.s7a.strata.text.UiText$Platform#method:17:getPayload:()Ldev/s7a/strata/text/PlatformText;
api	Api	dev.s7a.strata.text.UiText$Platform#method:1:equals:(Ljava/lang/Object;)Z
api	Api	dev.s7a.strata.text.UiText$Platform#method:1:hashCode:()I
api	Api	dev.s7a.strata.text.UiText$Platform#method:1:toString:()Ljava/lang/String;
api	Api	dev.s7a.strata.text.UiText$Platform#type:25:java.lang.Object:dev.s7a.strata.text.UiText
api	Api	dev.s7a.strata.text.UiText$Translated#constructor:1:(Ljava/lang/String;Ljava/lang/String;)V
api	Api	dev.s7a.strata.text.UiText$Translated#constructor:1:(Ljava/lang/String;Ljava/util/List;Ldev/s7a/strata/text/TranslationFallback;)V
api	Api	dev.s7a.strata.text.UiText$Translated#constructor:1:(Ljava/lang/String;Ljava/util/List;Ljava/lang/String;)V
api	Api	dev.s7a.strata.text.UiText$Translated#method:17:getArguments:()Ljava/util/List;
api	Api	dev.s7a.strata.text.UiText$Translated#method:17:getFallback:()Ldev/s7a/strata/text/TranslationFallback;
api	Api	dev.s7a.strata.text.UiText$Translated#method:17:getKey:()Ljava/lang/String;
api	Api	dev.s7a.strata.text.UiText$Translated#method:1:equals:(Ljava/lang/Object;)Z
api	Api	dev.s7a.strata.text.UiText$Translated#method:1:hashCode:()I
api	Api	dev.s7a.strata.text.UiText$Translated#method:1:toString:()Ljava/lang/String;
api	Api	dev.s7a.strata.text.UiText$Translated#type:25:java.lang.Object:dev.s7a.strata.text.UiText
api	Api	dev.s7a.strata.text.UiText$WithFont#constructor:1:(Ldev/s7a/strata/text/UiText;Ldev/s7a/strata/resource/ResourceId;)V
api	Api	dev.s7a.strata.text.UiText$WithFont#method:17:component1:()Ldev/s7a/strata/text/UiText;
api	Api	dev.s7a.strata.text.UiText$WithFont#method:17:component2:()Ldev/s7a/strata/resource/ResourceId;
api	Api	dev.s7a.strata.text.UiText$WithFont#method:17:copy:(Ldev/s7a/strata/text/UiText;Ldev/s7a/strata/resource/ResourceId;)Ldev/s7a/strata/text/UiText$WithFont;
api	Api	dev.s7a.strata.text.UiText$WithFont#method:17:getFont:()Ldev/s7a/strata/resource/ResourceId;
api	Api	dev.s7a.strata.text.UiText$WithFont#method:17:getText:()Ldev/s7a/strata/text/UiText;
api	Api	dev.s7a.strata.text.UiText$WithFont#method:1:equals:(Ljava/lang/Object;)Z
api	Api	dev.s7a.strata.text.UiText$WithFont#method:1:hashCode:()I
api	Api	dev.s7a.strata.text.UiText$WithFont#method:1:toString:()Ljava/lang/String;
api	Api	dev.s7a.strata.text.UiText$WithFont#type:25:java.lang.Object:dev.s7a.strata.text.UiText
api	Api	dev.s7a.strata.text.UiTextArgument#type:1537::
api	Api	dev.s7a.strata.text.UiTextArgument$BooleanValue#constructor:1:(Z)V
api	Api	dev.s7a.strata.text.UiTextArgument$BooleanValue#method:17:component1:()Z
api	Api	dev.s7a.strata.text.UiTextArgument$BooleanValue#method:17:copy:(Z)Ldev/s7a/strata/text/UiTextArgument$BooleanValue;
api	Api	dev.s7a.strata.text.UiTextArgument$BooleanValue#method:17:getValue:()Z
api	Api	dev.s7a.strata.text.UiTextArgument$BooleanValue#method:1:equals:(Ljava/lang/Object;)Z
api	Api	dev.s7a.strata.text.UiTextArgument$BooleanValue#method:1:hashCode:()I
api	Api	dev.s7a.strata.text.UiTextArgument$BooleanValue#method:1:toString:()Ljava/lang/String;
api	Api	dev.s7a.strata.text.UiTextArgument$BooleanValue#type:25:java.lang.Object:dev.s7a.strata.text.UiTextArgument
api	Api	dev.s7a.strata.text.UiTextArgument$DoubleValue#constructor:1:(D)V
api	Api	dev.s7a.strata.text.UiTextArgument$DoubleValue#method:17:component1:()D
api	Api	dev.s7a.strata.text.UiTextArgument$DoubleValue#method:17:copy:(D)Ldev/s7a/strata/text/UiTextArgument$DoubleValue;
api	Api	dev.s7a.strata.text.UiTextArgument$DoubleValue#method:17:getValue:()D
api	Api	dev.s7a.strata.text.UiTextArgument$DoubleValue#method:1:equals:(Ljava/lang/Object;)Z
api	Api	dev.s7a.strata.text.UiTextArgument$DoubleValue#method:1:hashCode:()I
api	Api	dev.s7a.strata.text.UiTextArgument$DoubleValue#method:1:toString:()Ljava/lang/String;
api	Api	dev.s7a.strata.text.UiTextArgument$DoubleValue#type:25:java.lang.Object:dev.s7a.strata.text.UiTextArgument
api	Api	dev.s7a.strata.text.UiTextArgument$FloatValue#constructor:1:(F)V
api	Api	dev.s7a.strata.text.UiTextArgument$FloatValue#method:17:component1:()F
api	Api	dev.s7a.strata.text.UiTextArgument$FloatValue#method:17:copy:(F)Ldev/s7a/strata/text/UiTextArgument$FloatValue;
api	Api	dev.s7a.strata.text.UiTextArgument$FloatValue#method:17:getValue:()F
api	Api	dev.s7a.strata.text.UiTextArgument$FloatValue#method:1:equals:(Ljava/lang/Object;)Z
api	Api	dev.s7a.strata.text.UiTextArgument$FloatValue#method:1:hashCode:()I
api	Api	dev.s7a.strata.text.UiTextArgument$FloatValue#method:1:toString:()Ljava/lang/String;
api	Api	dev.s7a.strata.text.UiTextArgument$FloatValue#type:25:java.lang.Object:dev.s7a.strata.text.UiTextArgument
api	Api	dev.s7a.strata.text.UiTextArgument$IntValue#constructor:1:(I)V
api	Api	dev.s7a.strata.text.UiTextArgument$IntValue#method:17:component1:()I
api	Api	dev.s7a.strata.text.UiTextArgument$IntValue#method:17:copy:(I)Ldev/s7a/strata/text/UiTextArgument$IntValue;
api	Api	dev.s7a.strata.text.UiTextArgument$IntValue#method:17:getValue:()I
api	Api	dev.s7a.strata.text.UiTextArgument$IntValue#method:1:equals:(Ljava/lang/Object;)Z
api	Api	dev.s7a.strata.text.UiTextArgument$IntValue#method:1:hashCode:()I
api	Api	dev.s7a.strata.text.UiTextArgument$IntValue#method:1:toString:()Ljava/lang/String;
api	Api	dev.s7a.strata.text.UiTextArgument$IntValue#type:25:java.lang.Object:dev.s7a.strata.text.UiTextArgument
api	Api	dev.s7a.strata.text.UiTextArgument$LongValue#constructor:1:(J)V
api	Api	dev.s7a.strata.text.UiTextArgument$LongValue#method:17:component1:()J
api	Api	dev.s7a.strata.text.UiTextArgument$LongValue#method:17:copy:(J)Ldev/s7a/strata/text/UiTextArgument$LongValue;
api	Api	dev.s7a.strata.text.UiTextArgument$LongValue#method:17:getValue:()J
api	Api	dev.s7a.strata.text.UiTextArgument$LongValue#method:1:equals:(Ljava/lang/Object;)Z
api	Api	dev.s7a.strata.text.UiTextArgument$LongValue#method:1:hashCode:()I
api	Api	dev.s7a.strata.text.UiTextArgument$LongValue#method:1:toString:()Ljava/lang/String;
api	Api	dev.s7a.strata.text.UiTextArgument$LongValue#type:25:java.lang.Object:dev.s7a.strata.text.UiTextArgument
api	Api	dev.s7a.strata.text.UiTextArgument$StringValue#constructor:1:(Ljava/lang/String;)V
api	Api	dev.s7a.strata.text.UiTextArgument$StringValue#method:17:component1:()Ljava/lang/String;
api	Api	dev.s7a.strata.text.UiTextArgument$StringValue#method:17:copy:(Ljava/lang/String;)Ldev/s7a/strata/text/UiTextArgument$StringValue;
api	Api	dev.s7a.strata.text.UiTextArgument$StringValue#method:17:getValue:()Ljava/lang/String;
api	Api	dev.s7a.strata.text.UiTextArgument$StringValue#method:1:equals:(Ljava/lang/Object;)Z
api	Api	dev.s7a.strata.text.UiTextArgument$StringValue#method:1:hashCode:()I
api	Api	dev.s7a.strata.text.UiTextArgument$StringValue#method:1:toString:()Ljava/lang/String;
api	Api	dev.s7a.strata.text.UiTextArgument$StringValue#type:25:java.lang.Object:dev.s7a.strata.text.UiTextArgument
api	Api	dev.s7a.strata.text.UiTextArgument$Text#constructor:1:(Ldev/s7a/strata/text/UiText;)V
api	Api	dev.s7a.strata.text.UiTextArgument$Text#method:17:component1:()Ldev/s7a/strata/text/UiText;
api	Api	dev.s7a.strata.text.UiTextArgument$Text#method:17:copy:(Ldev/s7a/strata/text/UiText;)Ldev/s7a/strata/text/UiTextArgument$Text;
api	Api	dev.s7a.strata.text.UiTextArgument$Text#method:17:getValue:()Ldev/s7a/strata/text/UiText;
api	Api	dev.s7a.strata.text.UiTextArgument$Text#method:1:equals:(Ljava/lang/Object;)Z
api	Api	dev.s7a.strata.text.UiTextArgument$Text#method:1:hashCode:()I
api	Api	dev.s7a.strata.text.UiTextArgument$Text#method:1:toString:()Ljava/lang/String;
api	Api	dev.s7a.strata.text.UiTextArgument$Text#type:25:java.lang.Object:dev.s7a.strata.text.UiTextArgument
api	Api	dev.s7a.strata.text.UiTextExtensionsKt#method:25:withFont:(Ldev/s7a/strata/text/UiText;Ldev/s7a/strata/resource/ResourceId;)Ldev/s7a/strata/text/UiText;
api	Api	dev.s7a.strata.text.UiTextExtensionsKt#type:17:java.lang.Object:
api	Api	dev.s7a.strata.ui.UiCategory#constructor:1:(Ldev/s7a/strata/resource/ResourceId;)V
api	Api	dev.s7a.strata.ui.UiCategory#method:17:component1:()Ldev/s7a/strata/resource/ResourceId;
api	Api	dev.s7a.strata.ui.UiCategory#method:17:copy:(Ldev/s7a/strata/resource/ResourceId;)Ldev/s7a/strata/ui/UiCategory;
api	Api	dev.s7a.strata.ui.UiCategory#method:17:getId:()Ldev/s7a/strata/resource/ResourceId;
api	Api	dev.s7a.strata.ui.UiCategory#method:1:equals:(Ljava/lang/Object;)Z
api	Api	dev.s7a.strata.ui.UiCategory#method:1:hashCode:()I
api	Api	dev.s7a.strata.ui.UiCategory#method:1:toString:()Ljava/lang/String;
api	Api	dev.s7a.strata.ui.UiCategory#type:17:java.lang.Object:
api	Api	dev.s7a.strata.ui.UiClientCapabilities#constructor:1:(Ljava/util/Set;I)V
api	Api	dev.s7a.strata.ui.UiClientCapabilities#method:17:getHudLimit:()I
api	Api	dev.s7a.strata.ui.UiClientCapabilities#method:17:getTypes:()Ljava/util/Set;
api	Api	dev.s7a.strata.ui.UiClientCapabilities#type:17:java.lang.Object:
api	Api	dev.s7a.strata.ui.UiCloseReason#field:16409:Closed:Ldev/s7a/strata/ui/UiCloseReason;
api	Api	dev.s7a.strata.ui.UiCloseReason#field:16409:ContainerChanged:Ldev/s7a/strata/ui/UiCloseReason;
api	Api	dev.s7a.strata.ui.UiCloseReason#field:16409:Disconnected:Ldev/s7a/strata/ui/UiCloseReason;
api	Api	dev.s7a.strata.ui.UiCloseReason#field:16409:Failed:Ldev/s7a/strata/ui/UiCloseReason;
api	Api	dev.s7a.strata.ui.UiCloseReason#field:16409:OwnerDisabled:Ldev/s7a/strata/ui/UiCloseReason;
api	Api	dev.s7a.strata.ui.UiCloseReason#field:16409:Replaced:Ldev/s7a/strata/ui/UiCloseReason;
api	Api	dev.s7a.strata.ui.UiCloseReason#field:16409:ResourceLimit:Ldev/s7a/strata/ui/UiCloseReason;
api	Api	dev.s7a.strata.ui.UiCloseReason#field:16409:Unsupported:Ldev/s7a/strata/ui/UiCloseReason;
api	Api	dev.s7a.strata.ui.UiCloseReason#field:16409:Visibility:Ldev/s7a/strata/ui/UiCloseReason;
api	Api	dev.s7a.strata.ui.UiCloseReason#field:16409:WorldExited:Ldev/s7a/strata/ui/UiCloseReason;
api	Api	dev.s7a.strata.ui.UiCloseReason#method:9:getEntries:()Lkotlin/enums/EnumEntries;
api	Api	dev.s7a.strata.ui.UiCloseReason#method:9:valueOf:(Ljava/lang/String;)Ldev/s7a/strata/ui/UiCloseReason;
api	Api	dev.s7a.strata.ui.UiCloseReason#method:9:values:()[Ldev/s7a/strata/ui/UiCloseReason;
api	Api	dev.s7a.strata.ui.UiCloseReason#type:16401:java.lang.Enum:
api	Api	dev.s7a.strata.ui.UiDefinition#constructor:1:(Ldev/s7a/strata/text/UiText;Ldev/s7a/strata/ui/UiPresentation;Ldev/s7a/strata/ui/UiCategory;Ldev/s7a/strata/ui/UiInputPolicy;Ldev/s7a/strata/ui/UiVisibilityPolicy;IZLkotlin/jvm/functions/Function1;)V
api	Api	dev.s7a.strata.ui.UiDefinition#constructor:1:(Ljava/lang/String;Ldev/s7a/strata/ui/UiPresentation;Ldev/s7a/strata/ui/UiCategory;Ldev/s7a/strata/ui/UiInputPolicy;Ldev/s7a/strata/ui/UiVisibilityPolicy;IZLkotlin/jvm/functions/Function1;)V
api	Api	dev.s7a.strata.ui.UiDefinition#method:17:getCategory:()Ldev/s7a/strata/ui/UiCategory;
api	Api	dev.s7a.strata.ui.UiDefinition#method:17:getHudOrder:()I
api	Api	dev.s7a.strata.ui.UiDefinition#method:17:getInputPolicy:()Ldev/s7a/strata/ui/UiInputPolicy;
api	Api	dev.s7a.strata.ui.UiDefinition#method:17:getPausesGame:()Z
api	Api	dev.s7a.strata.ui.UiDefinition#method:17:getPresentation:()Ldev/s7a/strata/ui/UiPresentation;
api	Api	dev.s7a.strata.ui.UiDefinition#method:17:getVisibility:()Ldev/s7a/strata/ui/UiVisibilityPolicy;
api	Api	dev.s7a.strata.ui.UiDefinition#method:17:open:()Ldev/s7a/strata/ui/UiSession;
api	Api	dev.s7a.strata.ui.UiDefinition#method:17:transfer:()Ldev/s7a/strata/ui/UiDefinitionPayload;
api	Api	dev.s7a.strata.ui.UiDefinition#method:1:close:()V
api	Api	dev.s7a.strata.ui.UiDefinition#type:17:java.lang.Object:java.lang.AutoCloseable
api	Api	dev.s7a.strata.ui.UiDefinitionPayload#constructor:1:(Ldev/s7a/strata/text/UiText;Ldev/s7a/strata/ui/UiPresentation;Ldev/s7a/strata/ui/UiCategory;Ldev/s7a/strata/ui/UiInputPolicy;Ldev/s7a/strata/ui/UiVisibilityPolicy;IZLkotlin/jvm/functions/Function1;)V
api	Api	dev.s7a.strata.ui.UiDefinitionPayload#method:17:getCategory:()Ldev/s7a/strata/ui/UiCategory;
api	Api	dev.s7a.strata.ui.UiDefinitionPayload#method:17:getContent:()Lkotlin/jvm/functions/Function1;
api	Api	dev.s7a.strata.ui.UiDefinitionPayload#method:17:getHudOrder:()I
api	Api	dev.s7a.strata.ui.UiDefinitionPayload#method:17:getInputPolicy:()Ldev/s7a/strata/ui/UiInputPolicy;
api	Api	dev.s7a.strata.ui.UiDefinitionPayload#method:17:getPausesGame:()Z
api	Api	dev.s7a.strata.ui.UiDefinitionPayload#method:17:getPresentation:()Ldev/s7a/strata/ui/UiPresentation;
api	Api	dev.s7a.strata.ui.UiDefinitionPayload#method:17:getTitle:()Ldev/s7a/strata/text/UiText;
api	Api	dev.s7a.strata.ui.UiDefinitionPayload#method:17:getVisibility:()Ldev/s7a/strata/ui/UiVisibilityPolicy;
api	Api	dev.s7a.strata.ui.UiDefinitionPayload#type:17:java.lang.Object:
api	Api	dev.s7a.strata.ui.UiGameAction#field:16409:Attack:Ldev/s7a/strata/ui/UiGameAction;
api	Api	dev.s7a.strata.ui.UiGameAction#field:16409:Drop:Ldev/s7a/strata/ui/UiGameAction;
api	Api	dev.s7a.strata.ui.UiGameAction#field:16409:Hotbar:Ldev/s7a/strata/ui/UiGameAction;
api	Api	dev.s7a.strata.ui.UiGameAction#field:16409:Jump:Ldev/s7a/strata/ui/UiGameAction;
api	Api	dev.s7a.strata.ui.UiGameAction#field:16409:Look:Ldev/s7a/strata/ui/UiGameAction;
api	Api	dev.s7a.strata.ui.UiGameAction#field:16409:Movement:Ldev/s7a/strata/ui/UiGameAction;
api	Api	dev.s7a.strata.ui.UiGameAction#field:16409:Pick:Ldev/s7a/strata/ui/UiGameAction;
api	Api	dev.s7a.strata.ui.UiGameAction#field:16409:Sneak:Ldev/s7a/strata/ui/UiGameAction;
api	Api	dev.s7a.strata.ui.UiGameAction#field:16409:Sprint:Ldev/s7a/strata/ui/UiGameAction;
api	Api	dev.s7a.strata.ui.UiGameAction#field:16409:SwapHands:Ldev/s7a/strata/ui/UiGameAction;
api	Api	dev.s7a.strata.ui.UiGameAction#field:16409:Use:Ldev/s7a/strata/ui/UiGameAction;
api	Api	dev.s7a.strata.ui.UiGameAction#method:9:getEntries:()Lkotlin/enums/EnumEntries;
api	Api	dev.s7a.strata.ui.UiGameAction#method:9:valueOf:(Ljava/lang/String;)Ldev/s7a/strata/ui/UiGameAction;
api	Api	dev.s7a.strata.ui.UiGameAction#method:9:values:()[Ldev/s7a/strata/ui/UiGameAction;
api	Api	dev.s7a.strata.ui.UiGameAction#type:16401:java.lang.Enum:
api	Api	dev.s7a.strata.ui.UiInputPolicy#constructor:1:()V
api	Api	dev.s7a.strata.ui.UiInputPolicy#constructor:1:(ZZZZZZZZZZZ)V
api	Api	dev.s7a.strata.ui.UiInputPolicy#field:25:Companion:Ldev/s7a/strata/ui/UiInputPolicy$Companion;
api	Api	dev.s7a.strata.ui.UiInputPolicy#method:17:allows:(Ldev/s7a/strata/ui/UiGameAction;)Z
api	Api	dev.s7a.strata.ui.UiInputPolicy#method:17:component10:()Z
api	Api	dev.s7a.strata.ui.UiInputPolicy#method:17:component11:()Z
api	Api	dev.s7a.strata.ui.UiInputPolicy#method:17:component1:()Z
api	Api	dev.s7a.strata.ui.UiInputPolicy#method:17:component2:()Z
api	Api	dev.s7a.strata.ui.UiInputPolicy#method:17:component3:()Z
api	Api	dev.s7a.strata.ui.UiInputPolicy#method:17:component4:()Z
api	Api	dev.s7a.strata.ui.UiInputPolicy#method:17:component5:()Z
api	Api	dev.s7a.strata.ui.UiInputPolicy#method:17:component6:()Z
api	Api	dev.s7a.strata.ui.UiInputPolicy#method:17:component7:()Z
api	Api	dev.s7a.strata.ui.UiInputPolicy#method:17:component8:()Z
api	Api	dev.s7a.strata.ui.UiInputPolicy#method:17:component9:()Z
api	Api	dev.s7a.strata.ui.UiInputPolicy#method:17:copy:(ZZZZZZZZZZZ)Ldev/s7a/strata/ui/UiInputPolicy;
api	Api	dev.s7a.strata.ui.UiInputPolicy#method:17:getAttack:()Z
api	Api	dev.s7a.strata.ui.UiInputPolicy#method:17:getDrop:()Z
api	Api	dev.s7a.strata.ui.UiInputPolicy#method:17:getHotbar:()Z
api	Api	dev.s7a.strata.ui.UiInputPolicy#method:17:getJump:()Z
api	Api	dev.s7a.strata.ui.UiInputPolicy#method:17:getLook:()Z
api	Api	dev.s7a.strata.ui.UiInputPolicy#method:17:getMovement:()Z
api	Api	dev.s7a.strata.ui.UiInputPolicy#method:17:getPick:()Z
api	Api	dev.s7a.strata.ui.UiInputPolicy#method:17:getSneak:()Z
api	Api	dev.s7a.strata.ui.UiInputPolicy#method:17:getSprint:()Z
api	Api	dev.s7a.strata.ui.UiInputPolicy#method:17:getSwapHands:()Z
api	Api	dev.s7a.strata.ui.UiInputPolicy#method:17:getUse:()Z
api	Api	dev.s7a.strata.ui.UiInputPolicy#method:1:equals:(Ljava/lang/Object;)Z
api	Api	dev.s7a.strata.ui.UiInputPolicy#method:1:hashCode:()I
api	Api	dev.s7a.strata.ui.UiInputPolicy#method:1:toString:()Ljava/lang/String;
api	Api	dev.s7a.strata.ui.UiInputPolicy#type:17:java.lang.Object:
api	Api	dev.s7a.strata.ui.UiInputPolicy$Companion#method:17:getAll:()Ldev/s7a/strata/ui/UiInputPolicy;
api	Api	dev.s7a.strata.ui.UiInputPolicy$Companion#method:17:getBlockAll:()Ldev/s7a/strata/ui/UiInputPolicy;
api	Api	dev.s7a.strata.ui.UiInputPolicy$Companion#method:17:getMovement:()Ldev/s7a/strata/ui/UiInputPolicy;
api	Api	dev.s7a.strata.ui.UiInputPolicy$Companion#type:25:java.lang.Object:
api	Api	dev.s7a.strata.ui.UiInputPolicy$WhenMappings#type:4121:java.lang.Object:
api	Api	dev.s7a.strata.ui.UiInteractionMode#field:16409:Cursor:Ldev/s7a/strata/ui/UiInteractionMode;
api	Api	dev.s7a.strata.ui.UiInteractionMode#field:16409:Look:Ldev/s7a/strata/ui/UiInteractionMode;
api	Api	dev.s7a.strata.ui.UiInteractionMode#field:16409:None:Ldev/s7a/strata/ui/UiInteractionMode;
api	Api	dev.s7a.strata.ui.UiInteractionMode#method:9:getEntries:()Lkotlin/enums/EnumEntries;
api	Api	dev.s7a.strata.ui.UiInteractionMode#method:9:valueOf:(Ljava/lang/String;)Ldev/s7a/strata/ui/UiInteractionMode;
api	Api	dev.s7a.strata.ui.UiInteractionMode#method:9:values:()[Ldev/s7a/strata/ui/UiInteractionMode;
api	Api	dev.s7a.strata.ui.UiInteractionMode#type:16401:java.lang.Enum:
api	Api	dev.s7a.strata.ui.UiOperationResult#type:1537::
api	Api	dev.s7a.strata.ui.UiOperationResult$Accepted#field:25:INSTANCE:Ldev/s7a/strata/ui/UiOperationResult$Accepted;
api	Api	dev.s7a.strata.ui.UiOperationResult$Accepted#method:1:equals:(Ljava/lang/Object;)Z
api	Api	dev.s7a.strata.ui.UiOperationResult$Accepted#method:1:hashCode:()I
api	Api	dev.s7a.strata.ui.UiOperationResult$Accepted#method:1:toString:()Ljava/lang/String;
api	Api	dev.s7a.strata.ui.UiOperationResult$Accepted#type:25:java.lang.Object:dev.s7a.strata.ui.UiOperationResult
api	Api	dev.s7a.strata.ui.UiOperationResult$Rejected#constructor:1:(Ldev/s7a/strata/ui/UiRejection;)V
api	Api	dev.s7a.strata.ui.UiOperationResult$Rejected#method:17:component1:()Ldev/s7a/strata/ui/UiRejection;
api	Api	dev.s7a.strata.ui.UiOperationResult$Rejected#method:17:copy:(Ldev/s7a/strata/ui/UiRejection;)Ldev/s7a/strata/ui/UiOperationResult$Rejected;
api	Api	dev.s7a.strata.ui.UiOperationResult$Rejected#method:17:getReason:()Ldev/s7a/strata/ui/UiRejection;
api	Api	dev.s7a.strata.ui.UiOperationResult$Rejected#method:1:equals:(Ljava/lang/Object;)Z
api	Api	dev.s7a.strata.ui.UiOperationResult$Rejected#method:1:hashCode:()I
api	Api	dev.s7a.strata.ui.UiOperationResult$Rejected#method:1:toString:()Ljava/lang/String;
api	Api	dev.s7a.strata.ui.UiOperationResult$Rejected#type:25:java.lang.Object:dev.s7a.strata.ui.UiOperationResult
api	Api	dev.s7a.strata.ui.UiPresentation#field:16409:Hud:Ldev/s7a/strata/ui/UiPresentation;
api	Api	dev.s7a.strata.ui.UiPresentation#field:16409:Screen:Ldev/s7a/strata/ui/UiPresentation;
api	Api	dev.s7a.strata.ui.UiPresentation#method:9:getEntries:()Lkotlin/enums/EnumEntries;
api	Api	dev.s7a.strata.ui.UiPresentation#method:9:valueOf:(Ljava/lang/String;)Ldev/s7a/strata/ui/UiPresentation;
api	Api	dev.s7a.strata.ui.UiPresentation#method:9:values:()[Ldev/s7a/strata/ui/UiPresentation;
api	Api	dev.s7a.strata.ui.UiPresentation#type:16401:java.lang.Enum:
api	Api	dev.s7a.strata.ui.UiRejection#field:16409:Capacity:Ldev/s7a/strata/ui/UiRejection;
api	Api	dev.s7a.strata.ui.UiRejection#field:16409:Closed:Ldev/s7a/strata/ui/UiRejection;
api	Api	dev.s7a.strata.ui.UiRejection#field:16409:Hidden:Ldev/s7a/strata/ui/UiRejection;
api	Api	dev.s7a.strata.ui.UiRejection#field:16409:ScreenOpen:Ldev/s7a/strata/ui/UiRejection;
api	Api	dev.s7a.strata.ui.UiRejection#field:16409:Unsupported:Ldev/s7a/strata/ui/UiRejection;
api	Api	dev.s7a.strata.ui.UiRejection#method:9:getEntries:()Lkotlin/enums/EnumEntries;
api	Api	dev.s7a.strata.ui.UiRejection#method:9:valueOf:(Ljava/lang/String;)Ldev/s7a/strata/ui/UiRejection;
api	Api	dev.s7a.strata.ui.UiRejection#method:9:values:()[Ldev/s7a/strata/ui/UiRejection;
api	Api	dev.s7a.strata.ui.UiRejection#type:16401:java.lang.Enum:
api	Api	dev.s7a.strata.ui.UiScreenKind#field:16409:Chat:Ldev/s7a/strata/ui/UiScreenKind;
api	Api	dev.s7a.strata.ui.UiScreenKind#field:16409:Inventory:Ldev/s7a/strata/ui/UiScreenKind;
api	Api	dev.s7a.strata.ui.UiScreenKind#field:16409:Other:Ldev/s7a/strata/ui/UiScreenKind;
api	Api	dev.s7a.strata.ui.UiScreenKind#field:16409:Pause:Ldev/s7a/strata/ui/UiScreenKind;
api	Api	dev.s7a.strata.ui.UiScreenKind#field:16409:Strata:Ldev/s7a/strata/ui/UiScreenKind;
api	Api	dev.s7a.strata.ui.UiScreenKind#method:9:getEntries:()Lkotlin/enums/EnumEntries;
api	Api	dev.s7a.strata.ui.UiScreenKind#method:9:valueOf:(Ljava/lang/String;)Ldev/s7a/strata/ui/UiScreenKind;
api	Api	dev.s7a.strata.ui.UiScreenKind#method:9:values:()[Ldev/s7a/strata/ui/UiScreenKind;
api	Api	dev.s7a.strata.ui.UiScreenKind#type:16401:java.lang.Enum:
api	Api	dev.s7a.strata.ui.UiSession#method:1025:close:()V
api	Api	dev.s7a.strata.ui.UiSession#method:1025:getInputPolicy:()Ldev/s7a/strata/ui/UiInputPolicy;
api	Api	dev.s7a.strata.ui.UiSession#method:1025:getInteractionMode:()Ldev/s7a/strata/ui/UiInteractionMode;
api	Api	dev.s7a.strata.ui.UiSession#method:1025:getPresentation:()Ldev/s7a/strata/ui/UiPresentation;
api	Api	dev.s7a.strata.ui.UiSession#method:1025:getStatus:()Ldev/s7a/strata/ui/UiSessionStatus;
api	Api	dev.s7a.strata.ui.UiSession#method:1025:setInputPolicy:(Ldev/s7a/strata/ui/UiInputPolicy;)Ldev/s7a/strata/ui/UiOperationResult;
api	Api	dev.s7a.strata.ui.UiSession#method:1025:setInteractionMode:(Ldev/s7a/strata/ui/UiInteractionMode;)Ldev/s7a/strata/ui/UiOperationResult;
api	Api	dev.s7a.strata.ui.UiSession#method:1025:switch:(Ldev/s7a/strata/ui/UiPresentation;)Ldev/s7a/strata/ui/UiOperationResult;
api	Api	dev.s7a.strata.ui.UiSession#type:1537::java.lang.AutoCloseable
api	Api	dev.s7a.strata.ui.UiSessionStatus#type:1537::
api	Api	dev.s7a.strata.ui.UiSessionStatus$Closed#constructor:1:(Ldev/s7a/strata/ui/UiCloseReason;)V
api	Api	dev.s7a.strata.ui.UiSessionStatus$Closed#method:17:component1:()Ldev/s7a/strata/ui/UiCloseReason;
api	Api	dev.s7a.strata.ui.UiSessionStatus$Closed#method:17:copy:(Ldev/s7a/strata/ui/UiCloseReason;)Ldev/s7a/strata/ui/UiSessionStatus$Closed;
api	Api	dev.s7a.strata.ui.UiSessionStatus$Closed#method:17:getReason:()Ldev/s7a/strata/ui/UiCloseReason;
api	Api	dev.s7a.strata.ui.UiSessionStatus$Closed#method:1:equals:(Ljava/lang/Object;)Z
api	Api	dev.s7a.strata.ui.UiSessionStatus$Closed#method:1:hashCode:()I
api	Api	dev.s7a.strata.ui.UiSessionStatus$Closed#method:1:toString:()Ljava/lang/String;
api	Api	dev.s7a.strata.ui.UiSessionStatus$Closed#type:25:java.lang.Object:dev.s7a.strata.ui.UiSessionStatus
api	Api	dev.s7a.strata.ui.UiSessionStatus$Opening#field:25:INSTANCE:Ldev/s7a/strata/ui/UiSessionStatus$Opening;
api	Api	dev.s7a.strata.ui.UiSessionStatus$Opening#method:1:equals:(Ljava/lang/Object;)Z
api	Api	dev.s7a.strata.ui.UiSessionStatus$Opening#method:1:hashCode:()I
api	Api	dev.s7a.strata.ui.UiSessionStatus$Opening#method:1:toString:()Ljava/lang/String;
api	Api	dev.s7a.strata.ui.UiSessionStatus$Opening#type:25:java.lang.Object:dev.s7a.strata.ui.UiSessionStatus
api	Api	dev.s7a.strata.ui.UiSessionStatus$Ready#constructor:1:()V
api	Api	dev.s7a.strata.ui.UiSessionStatus$Ready#constructor:1:(Ldev/s7a/strata/ui/UiRejection;)V
api	Api	dev.s7a.strata.ui.UiSessionStatus$Ready#method:17:component1:()Ldev/s7a/strata/ui/UiRejection;
api	Api	dev.s7a.strata.ui.UiSessionStatus$Ready#method:17:copy:(Ldev/s7a/strata/ui/UiRejection;)Ldev/s7a/strata/ui/UiSessionStatus$Ready;
api	Api	dev.s7a.strata.ui.UiSessionStatus$Ready#method:17:getRejection:()Ldev/s7a/strata/ui/UiRejection;
api	Api	dev.s7a.strata.ui.UiSessionStatus$Ready#method:1:equals:(Ljava/lang/Object;)Z
api	Api	dev.s7a.strata.ui.UiSessionStatus$Ready#method:1:hashCode:()I
api	Api	dev.s7a.strata.ui.UiSessionStatus$Ready#method:1:toString:()Ljava/lang/String;
api	Api	dev.s7a.strata.ui.UiSessionStatus$Ready#type:25:java.lang.Object:dev.s7a.strata.ui.UiSessionStatus
api	Api	dev.s7a.strata.ui.UiSessionStatus$Switching#constructor:1:(Ldev/s7a/strata/ui/UiPresentation;)V
api	Api	dev.s7a.strata.ui.UiSessionStatus$Switching#method:17:component1:()Ldev/s7a/strata/ui/UiPresentation;
api	Api	dev.s7a.strata.ui.UiSessionStatus$Switching#method:17:copy:(Ldev/s7a/strata/ui/UiPresentation;)Ldev/s7a/strata/ui/UiSessionStatus$Switching;
api	Api	dev.s7a.strata.ui.UiSessionStatus$Switching#method:17:getPresentation:()Ldev/s7a/strata/ui/UiPresentation;
api	Api	dev.s7a.strata.ui.UiSessionStatus$Switching#method:1:equals:(Ljava/lang/Object;)Z
api	Api	dev.s7a.strata.ui.UiSessionStatus$Switching#method:1:hashCode:()I
api	Api	dev.s7a.strata.ui.UiSessionStatus$Switching#method:1:toString:()Ljava/lang/String;
api	Api	dev.s7a.strata.ui.UiSessionStatus$Switching#type:25:java.lang.Object:dev.s7a.strata.ui.UiSessionStatus
api	Api	dev.s7a.strata.ui.UiVisibility#field:16409:Close:Ldev/s7a/strata/ui/UiVisibility;
api	Api	dev.s7a.strata.ui.UiVisibility#field:16409:Hide:Ldev/s7a/strata/ui/UiVisibility;
api	Api	dev.s7a.strata.ui.UiVisibility#field:16409:KeepVisible:Ldev/s7a/strata/ui/UiVisibility;
api	Api	dev.s7a.strata.ui.UiVisibility#method:9:getEntries:()Lkotlin/enums/EnumEntries;
api	Api	dev.s7a.strata.ui.UiVisibility#method:9:valueOf:(Ljava/lang/String;)Ldev/s7a/strata/ui/UiVisibility;
api	Api	dev.s7a.strata.ui.UiVisibility#method:9:values:()[Ldev/s7a/strata/ui/UiVisibility;
api	Api	dev.s7a.strata.ui.UiVisibility#type:16401:java.lang.Enum:
api	Api	dev.s7a.strata.ui.UiVisibilityPolicy#constructor:1:()V
api	Api	dev.s7a.strata.ui.UiVisibilityPolicy#constructor:1:(Ldev/s7a/strata/ui/UiVisibility;Ljava/util/Map;Ljava/util/Map;)V
api	Api	dev.s7a.strata.ui.UiVisibilityPolicy#method:17:getCategories:()Ljava/util/Map;
api	Api	dev.s7a.strata.ui.UiVisibilityPolicy#method:17:getDefault:()Ldev/s7a/strata/ui/UiVisibility;
api	Api	dev.s7a.strata.ui.UiVisibilityPolicy#method:17:getScreens:()Ljava/util/Map;
api	Api	dev.s7a.strata.ui.UiVisibilityPolicy#method:17:resolve:(Ldev/s7a/strata/ui/UiScreenKind;Ldev/s7a/strata/ui/UiCategory;)Ldev/s7a/strata/ui/UiVisibility;
api	Api	dev.s7a.strata.ui.UiVisibilityPolicy#method:1:equals:(Ljava/lang/Object;)Z
api	Api	dev.s7a.strata.ui.UiVisibilityPolicy#method:1:hashCode:()I
api	Api	dev.s7a.strata.ui.UiVisibilityPolicy#type:17:java.lang.Object:
core	Core	dev.s7a.strata.runtime.BlitCompositionKt#method:25:compactBlitPatterns:(Ljava/util/List;Ldev/s7a/strata/geometry/IntRect;)Ljava/util/List;
core	Core	dev.s7a.strata.runtime.BlitCompositionKt#method:25:composeDenseBlits:(Ljava/util/List;)Ljava/util/List;
core	Core	dev.s7a.strata.runtime.BlitCompositionKt#type:17:java.lang.Object:
core	Core	dev.s7a.strata.runtime.DescriptionValidator#constructor:1:()V
core	Core	dev.s7a.strata.runtime.DescriptionValidator#method:17:validate:(Ldev/s7a/strata/element/Element;)V
core	Core	dev.s7a.strata.runtime.DescriptionValidator#method:17:validateChildren:(Ljava/util/List;)V
core	Core	dev.s7a.strata.runtime.DescriptionValidator#type:17:java.lang.Object:
core	Core	dev.s7a.strata.runtime.DirtyTracker#constructor:1:()V
core	Core	dev.s7a.strata.runtime.DirtyTracker#constructor:1:(Ldev/s7a/strata/runtime/RenderMonitoring;)V
core	Core	dev.s7a.strata.runtime.DirtyTracker#method:17:getRevision:()J
core	Core	dev.s7a.strata.runtime.DirtyTracker#method:17:getStructureRevision:()J
core	Core	dev.s7a.strata.runtime.DirtyTracker#method:17:record-AC5Qm9I:(Ldev/s7a/strata/runtime/RetainedEntry;I)V
core	Core	dev.s7a.strata.runtime.DirtyTracker#method:17:structural:(Ldev/s7a/strata/runtime/RetainedEntry;)V
core	Core	dev.s7a.strata.runtime.DirtyTracker#type:17:java.lang.Object:
core	Core	dev.s7a.strata.runtime.DrawCommandValidationKt#type:17:java.lang.Object:
core	Core	dev.s7a.strata.runtime.FailureAccumulator#constructor:1:()V
core	Core	dev.s7a.strata.runtime.FailureAccumulator#constructor:1:(Ljava/lang/Throwable;)V
core	Core	dev.s7a.strata.runtime.FailureAccumulator#method:17:add:(Ljava/lang/Throwable;)V
core	Core	dev.s7a.strata.runtime.FailureAccumulator#method:17:addOptional:(Ljava/lang/Throwable;)V
core	Core	dev.s7a.strata.runtime.FailureAccumulator#method:17:capture:(Lkotlin/jvm/functions/Function0;)V
core	Core	dev.s7a.strata.runtime.FailureAccumulator#method:17:getFirst:()Ljava/lang/Throwable;
core	Core	dev.s7a.strata.runtime.FailureAccumulator#method:17:throwFirst:()Ljava/lang/Void;
core	Core	dev.s7a.strata.runtime.FailureAccumulator#method:17:throwIfPresent:()V
core	Core	dev.s7a.strata.runtime.FailureAccumulator#type:17:java.lang.Object:
core	Core	dev.s7a.strata.runtime.FocusedInputPipeline#constructor:1:()V
core	Core	dev.s7a.strata.runtime.FocusedInputPipeline#method:17:acquireFromPointer:(Ldev/s7a/strata/runtime/RetainedNode;Ldev/s7a/strata/geometry/IntOffset;)V
core	Core	dev.s7a.strata.runtime.FocusedInputPipeline#method:17:clear:()V
core	Core	dev.s7a.strata.runtime.FocusedInputPipeline#method:17:dispatchKeyboard:(Ldev/s7a/strata/runtime/RetainedNode;Ldev/s7a/strata/input/KeyboardEvent;)Ldev/s7a/strata/input/InputResult;
core	Core	dev.s7a.strata.runtime.FocusedInputPipeline#method:17:dispatchTextInput:(Ldev/s7a/strata/input/TextInputEvent;)Ldev/s7a/strata/input/InputResult;
core	Core	dev.s7a.strata.runtime.FocusedInputPipeline#method:17:getTextInputFocus:()Ldev/s7a/strata/runtime/spi/RuntimeTextInputFocus;
core	Core	dev.s7a.strata.runtime.FocusedInputPipeline#method:17:layoutCommitted:(Ldev/s7a/strata/runtime/RetainedNode;)V
core	Core	dev.s7a.strata.runtime.FocusedInputPipeline#method:17:releaseRetainedReferences:()V
core	Core	dev.s7a.strata.runtime.FocusedInputPipeline#type:17:java.lang.Object:
core	Core	dev.s7a.strata.runtime.FrameCallbackIndex#constructor:1:()V
core	Core	dev.s7a.strata.runtime.FrameCallbackIndex#method:17:advance:(Ldev/s7a/strata/runtime/RetainedNode;JLdev/s7a/strata/runtime/FrameTime;)V
core	Core	dev.s7a.strata.runtime.FrameCallbackIndex#method:17:capture:(Ldev/s7a/strata/runtime/RetainedNode;J)V
core	Core	dev.s7a.strata.runtime.FrameCallbackIndex#method:17:clear:()V
core	Core	dev.s7a.strata.runtime.FrameCallbackIndex#method:17:commit:(Ldev/s7a/strata/runtime/RetainedNode;J)V
core	Core	dev.s7a.strata.runtime.FrameCallbackIndex#type:17:java.lang.Object:
core	Core	dev.s7a.strata.runtime.InputPipeline#constructor:1:(Ldev/s7a/strata/runtime/FocusedInputPipeline;)V
core	Core	dev.s7a.strata.runtime.InputPipeline#method:17:cancelCapture:()V
core	Core	dev.s7a.strata.runtime.InputPipeline#method:17:clearHover:(Ldev/s7a/strata/runtime/RetainedNode;)V
core	Core	dev.s7a.strata.runtime.InputPipeline#method:17:dispatch:(Ldev/s7a/strata/runtime/RetainedNode;Ldev/s7a/strata/input/PointerEvent;)Ldev/s7a/strata/input/InputResult;
core	Core	dev.s7a.strata.runtime.InputPipeline#method:17:entryWillCleanup:(Ldev/s7a/strata/runtime/RetainedEntry;)V
core	Core	dev.s7a.strata.runtime.InputPipeline#method:17:layoutCommitted:(Ldev/s7a/strata/runtime/RetainedNode;)V
core	Core	dev.s7a.strata.runtime.InputPipeline#type:17:java.lang.Object:
core	Core	dev.s7a.strata.runtime.InputPipelineKt#type:17:java.lang.Object:
core	Core	dev.s7a.strata.runtime.LifecycleManager#constructor:1:(Ldev/s7a/strata/runtime/NodeOwnershipRegistry;Ldev/s7a/strata/runtime/OwnerGuard;Ldev/s7a/strata/runtime/DirtyTracker;Ldev/s7a/strata/runtime/RenderMonitoring;Ldev/s7a/strata/ui/UiSession;Lkotlin/jvm/functions/Function1;)V
core	Core	dev.s7a.strata.runtime.LifecycleManager#method:17:attachCurrent:(Ldev/s7a/strata/runtime/RetainedNode;)V
core	Core	dev.s7a.strata.runtime.LifecycleManager#method:17:attachModifier:(Ldev/s7a/strata/runtime/RetainedModifier;)V
core	Core	dev.s7a.strata.runtime.LifecycleManager#method:17:attachPending:(Ldev/s7a/strata/runtime/RetainedNode;)V
core	Core	dev.s7a.strata.runtime.LifecycleManager#method:17:bind:(Ldev/s7a/strata/runtime/RetainedEntry;)V
core	Core	dev.s7a.strata.runtime.LifecycleManager#method:17:cleanup:(Ldev/s7a/strata/runtime/RetainedNode;)Ljava/lang/Throwable;
core	Core	dev.s7a.strata.runtime.LifecycleManager#method:17:cleanupModifier:(Ldev/s7a/strata/runtime/RetainedModifier;)Ljava/lang/Throwable;
core	Core	dev.s7a.strata.runtime.LifecycleManager#method:17:prepareCleanup:(Ldev/s7a/strata/runtime/RetainedNode;)V
core	Core	dev.s7a.strata.runtime.LifecycleManager#type:17:java.lang.Object:
core	Core	dev.s7a.strata.runtime.LocalDrawCommand#type:1537::
core	Core	dev.s7a.strata.runtime.LocalDrawCommand$BlitImage#constructor:1:(Ldev/s7a/strata/render/DrawImage;Ldev/s7a/strata/geometry/IntRect;Ldev/s7a/strata/geometry/IntRect;)V
core	Core	dev.s7a.strata.runtime.LocalDrawCommand$BlitImage#method:17:component1:()Ldev/s7a/strata/render/DrawImage;
core	Core	dev.s7a.strata.runtime.LocalDrawCommand$BlitImage#method:17:component2:()Ldev/s7a/strata/geometry/IntRect;
core	Core	dev.s7a.strata.runtime.LocalDrawCommand$BlitImage#method:17:component3:()Ldev/s7a/strata/geometry/IntRect;
core	Core	dev.s7a.strata.runtime.LocalDrawCommand$BlitImage#method:17:copy:(Ldev/s7a/strata/render/DrawImage;Ldev/s7a/strata/geometry/IntRect;Ldev/s7a/strata/geometry/IntRect;)Ldev/s7a/strata/runtime/LocalDrawCommand$BlitImage;
core	Core	dev.s7a.strata.runtime.LocalDrawCommand$BlitImage#method:17:getDestination:()Ldev/s7a/strata/geometry/IntRect;
core	Core	dev.s7a.strata.runtime.LocalDrawCommand$BlitImage#method:17:getImage:()Ldev/s7a/strata/render/DrawImage;
core	Core	dev.s7a.strata.runtime.LocalDrawCommand$BlitImage#method:17:getSource:()Ldev/s7a/strata/geometry/IntRect;
core	Core	dev.s7a.strata.runtime.LocalDrawCommand$BlitImage#method:1:equals:(Ljava/lang/Object;)Z
core	Core	dev.s7a.strata.runtime.LocalDrawCommand$BlitImage#method:1:hashCode:()I
core	Core	dev.s7a.strata.runtime.LocalDrawCommand$BlitImage#method:1:toString:()Ljava/lang/String;
core	Core	dev.s7a.strata.runtime.LocalDrawCommand$BlitImage#type:25:java.lang.Object:dev.s7a.strata.runtime.LocalDrawCommand
core	Core	dev.s7a.strata.runtime.LocalDrawCommand$ComposedBlits#constructor:1:(Ljava/util/List;Ldev/s7a/strata/geometry/IntRect;)V
core	Core	dev.s7a.strata.runtime.LocalDrawCommand$ComposedBlits#method:17:getCommands:()Ljava/util/List;
core	Core	dev.s7a.strata.runtime.LocalDrawCommand$ComposedBlits#method:17:getDestination:()Ldev/s7a/strata/geometry/IntRect;
core	Core	dev.s7a.strata.runtime.LocalDrawCommand$ComposedBlits#method:17:getOriginal:()Ljava/util/List;
core	Core	dev.s7a.strata.runtime.LocalDrawCommand$ComposedBlits#type:25:java.lang.Object:dev.s7a.strata.runtime.LocalDrawCommand
core	Core	dev.s7a.strata.runtime.LocalDrawCommand$FillRectangle#method:17:component1:()Ldev/s7a/strata/geometry/IntRect;
core	Core	dev.s7a.strata.runtime.LocalDrawCommand$FillRectangle#method:17:component2-e0e5deU:()I
core	Core	dev.s7a.strata.runtime.LocalDrawCommand$FillRectangle#method:17:copy-RtejO-o:(Ldev/s7a/strata/geometry/IntRect;I)Ldev/s7a/strata/runtime/LocalDrawCommand$FillRectangle;
core	Core	dev.s7a.strata.runtime.LocalDrawCommand$FillRectangle#method:17:getBounds:()Ldev/s7a/strata/geometry/IntRect;
core	Core	dev.s7a.strata.runtime.LocalDrawCommand$FillRectangle#method:17:getColor-e0e5deU:()I
core	Core	dev.s7a.strata.runtime.LocalDrawCommand$FillRectangle#method:1:equals:(Ljava/lang/Object;)Z
core	Core	dev.s7a.strata.runtime.LocalDrawCommand$FillRectangle#method:1:hashCode:()I
core	Core	dev.s7a.strata.runtime.LocalDrawCommand$FillRectangle#method:1:toString:()Ljava/lang/String;
core	Core	dev.s7a.strata.runtime.LocalDrawCommand$FillRectangle#type:25:java.lang.Object:dev.s7a.strata.runtime.LocalDrawCommand
core	Core	dev.s7a.strata.runtime.LocalDrawCommand$Platform#constructor:1:(Ldev/s7a/strata/render/PlatformDrawCommand;Ldev/s7a/strata/geometry/IntRect;)V
core	Core	dev.s7a.strata.runtime.LocalDrawCommand$Platform#method:17:component1:()Ldev/s7a/strata/render/PlatformDrawCommand;
core	Core	dev.s7a.strata.runtime.LocalDrawCommand$Platform#method:17:component2:()Ldev/s7a/strata/geometry/IntRect;
core	Core	dev.s7a.strata.runtime.LocalDrawCommand$Platform#method:17:copy:(Ldev/s7a/strata/render/PlatformDrawCommand;Ldev/s7a/strata/geometry/IntRect;)Ldev/s7a/strata/runtime/LocalDrawCommand$Platform;
core	Core	dev.s7a.strata.runtime.LocalDrawCommand$Platform#method:17:getBounds:()Ldev/s7a/strata/geometry/IntRect;
core	Core	dev.s7a.strata.runtime.LocalDrawCommand$Platform#method:17:getCommand:()Ldev/s7a/strata/render/PlatformDrawCommand;
core	Core	dev.s7a.strata.runtime.LocalDrawCommand$Platform#method:1:equals:(Ljava/lang/Object;)Z
core	Core	dev.s7a.strata.runtime.LocalDrawCommand$Platform#method:1:hashCode:()I
core	Core	dev.s7a.strata.runtime.LocalDrawCommand$Platform#method:1:toString:()Ljava/lang/String;
core	Core	dev.s7a.strata.runtime.LocalDrawCommand$Platform#type:25:java.lang.Object:dev.s7a.strata.runtime.LocalDrawCommand
core	Core	dev.s7a.strata.runtime.LocalDrawCommand$PopClip#field:25:INSTANCE:Ldev/s7a/strata/runtime/LocalDrawCommand$PopClip;
core	Core	dev.s7a.strata.runtime.LocalDrawCommand$PopClip#method:1:equals:(Ljava/lang/Object;)Z
core	Core	dev.s7a.strata.runtime.LocalDrawCommand$PopClip#method:1:hashCode:()I
core	Core	dev.s7a.strata.runtime.LocalDrawCommand$PopClip#method:1:toString:()Ljava/lang/String;
core	Core	dev.s7a.strata.runtime.LocalDrawCommand$PopClip#type:25:java.lang.Object:dev.s7a.strata.runtime.LocalDrawCommand
core	Core	dev.s7a.strata.runtime.LocalDrawCommand$PushClip#constructor:1:(Ldev/s7a/strata/geometry/IntRect;)V
core	Core	dev.s7a.strata.runtime.LocalDrawCommand$PushClip#method:17:component1:()Ldev/s7a/strata/geometry/IntRect;
core	Core	dev.s7a.strata.runtime.LocalDrawCommand$PushClip#method:17:copy:(Ldev/s7a/strata/geometry/IntRect;)Ldev/s7a/strata/runtime/LocalDrawCommand$PushClip;
core	Core	dev.s7a.strata.runtime.LocalDrawCommand$PushClip#method:17:getBounds:()Ldev/s7a/strata/geometry/IntRect;
core	Core	dev.s7a.strata.runtime.LocalDrawCommand$PushClip#method:1:equals:(Ljava/lang/Object;)Z
core	Core	dev.s7a.strata.runtime.LocalDrawCommand$PushClip#method:1:hashCode:()I
core	Core	dev.s7a.strata.runtime.LocalDrawCommand$PushClip#method:1:toString:()Ljava/lang/String;
core	Core	dev.s7a.strata.runtime.LocalDrawCommand$PushClip#type:25:java.lang.Object:dev.s7a.strata.runtime.LocalDrawCommand
core	Core	dev.s7a.strata.runtime.LocalDrawCommand$SampledImage#method:17:component1:()Ldev/s7a/strata/render/DrawImage;
core	Core	dev.s7a.strata.runtime.LocalDrawCommand$SampledImage#method:17:component2:()Ldev/s7a/strata/geometry/FloatRect;
core	Core	dev.s7a.strata.runtime.LocalDrawCommand$SampledImage#method:17:component3:()Ldev/s7a/strata/geometry/FloatRect;
core	Core	dev.s7a.strata.runtime.LocalDrawCommand$SampledImage#method:17:component4-e0e5deU:()I
core	Core	dev.s7a.strata.runtime.LocalDrawCommand$SampledImage#method:17:component5:()F
core	Core	dev.s7a.strata.runtime.LocalDrawCommand$SampledImage#method:17:component6:()Ldev/s7a/strata/render/SampledImageOrientation;
core	Core	dev.s7a.strata.runtime.LocalDrawCommand$SampledImage#method:17:copy-126x1NU:(Ldev/s7a/strata/render/DrawImage;Ldev/s7a/strata/geometry/FloatRect;Ldev/s7a/strata/geometry/FloatRect;IFLdev/s7a/strata/render/SampledImageOrientation;)Ldev/s7a/strata/runtime/LocalDrawCommand$SampledImage;
core	Core	dev.s7a.strata.runtime.LocalDrawCommand$SampledImage#method:17:getAlphaCutoff:()F
core	Core	dev.s7a.strata.runtime.LocalDrawCommand$SampledImage#method:17:getDestination:()Ldev/s7a/strata/geometry/FloatRect;
core	Core	dev.s7a.strata.runtime.LocalDrawCommand$SampledImage#method:17:getImage:()Ldev/s7a/strata/render/DrawImage;
core	Core	dev.s7a.strata.runtime.LocalDrawCommand$SampledImage#method:17:getOrientation:()Ldev/s7a/strata/render/SampledImageOrientation;
core	Core	dev.s7a.strata.runtime.LocalDrawCommand$SampledImage#method:17:getSource:()Ldev/s7a/strata/geometry/FloatRect;
core	Core	dev.s7a.strata.runtime.LocalDrawCommand$SampledImage#method:17:getTint-e0e5deU:()I
core	Core	dev.s7a.strata.runtime.LocalDrawCommand$SampledImage#method:1:equals:(Ljava/lang/Object;)Z
core	Core	dev.s7a.strata.runtime.LocalDrawCommand$SampledImage#method:1:hashCode:()I
core	Core	dev.s7a.strata.runtime.LocalDrawCommand$SampledImage#method:1:toString:()Ljava/lang/String;
core	Core	dev.s7a.strata.runtime.LocalDrawCommand$SampledImage#type:25:java.lang.Object:dev.s7a.strata.runtime.LocalDrawCommand
core	Core	dev.s7a.strata.runtime.NodeOwnershipRegistry#constructor:1:()V
core	Core	dev.s7a.strata.runtime.NodeOwnershipRegistry#method:17:claim:(Ldev/s7a/strata/node/Node;)V
core	Core	dev.s7a.strata.runtime.NodeOwnershipRegistry#method:17:clear:()V
core	Core	dev.s7a.strata.runtime.NodeOwnershipRegistry#method:17:release:(Ldev/s7a/strata/node/Node;)V
core	Core	dev.s7a.strata.runtime.NodeOwnershipRegistry#type:17:java.lang.Object:
core	Core	dev.s7a.strata.runtime.ObservedSourceBinding#constructor:1:(Ldev/s7a/strata/state/StateSource;Ldev/s7a/strata/runtime/ObservedSourceBinding;)V
core	Core	dev.s7a.strata.runtime.ObservedSourceBinding#method:17:capture:()V
core	Core	dev.s7a.strata.runtime.ObservedSourceBinding#method:17:commit:()Z
core	Core	dev.s7a.strata.runtime.ObservedSourceBinding#method:17:derive:()Z
core	Core	dev.s7a.strata.runtime.ObservedSourceBinding#method:17:getConsumers:()Ljava/util/Set;
core	Core	dev.s7a.strata.runtime.ObservedSourceBinding#method:17:getDependents:()Ljava/util/LinkedHashSet;
core	Core	dev.s7a.strata.runtime.ObservedSourceBinding#method:17:getReferences:()I
core	Core	dev.s7a.strata.runtime.ObservedSourceBinding#method:17:getSource:()Ldev/s7a/strata/state/StateSource;
core	Core	dev.s7a.strata.runtime.ObservedSourceBinding#method:17:getUpstream:()Ldev/s7a/strata/runtime/ObservedSourceBinding;
core	Core	dev.s7a.strata.runtime.ObservedSourceBinding#method:17:getValue:()Ljava/lang/Object;
core	Core	dev.s7a.strata.runtime.ObservedSourceBinding#method:17:setReferences:(I)V
core	Core	dev.s7a.strata.runtime.ObservedSourceBinding#method:1:close:()V
core	Core	dev.s7a.strata.runtime.ObservedSourceBinding#type:17:java.lang.Object:java.lang.AutoCloseable
core	Core	dev.s7a.strata.runtime.ObservedSourceRegistry#constructor:1:()V
core	Core	dev.s7a.strata.runtime.ObservedSourceRegistry#constructor:1:(Ldev/s7a/strata/runtime/RenderMonitoring;)V
core	Core	dev.s7a.strata.runtime.ObservedSourceRegistry#method:17:beginOperation:()V
core	Core	dev.s7a.strata.runtime.ObservedSourceRegistry#method:17:capture:()V
core	Core	dev.s7a.strata.runtime.ObservedSourceRegistry#method:17:commit:()V
core	Core	dev.s7a.strata.runtime.ObservedSourceRegistry#method:17:endOperation:()V
core	Core	dev.s7a.strata.runtime.ObservedSourceRegistry#method:17:finishFrame:()V
core	Core	dev.s7a.strata.runtime.ObservedSourceRegistry#method:17:getActiveSubscriptions:()I
core	Core	dev.s7a.strata.runtime.ObservedSourceRegistry#method:17:remove:(Ldev/s7a/strata/node/StateObserverNode;)V
core	Core	dev.s7a.strata.runtime.ObservedSourceRegistry#method:17:synchronize:(Ldev/s7a/strata/node/StateObserverNode;)V
core	Core	dev.s7a.strata.runtime.ObservedSourceRegistry#method:17:takeContentUpdates:()Z
core	Core	dev.s7a.strata.runtime.ObservedSourceRegistry#method:1:close:()V
core	Core	dev.s7a.strata.runtime.ObservedSourceRegistry#type:17:java.lang.Object:java.lang.AutoCloseable
core	Core	dev.s7a.strata.runtime.OwnerGuard#constructor:1:()V
core	Core	dev.s7a.strata.runtime.OwnerGuard#method:17:check$dev_s7a_strata_core:()V
core	Core	dev.s7a.strata.runtime.OwnerGuard#method:17:isCurrentOwner$dev_s7a_strata_core:()Z
core	Core	dev.s7a.strata.runtime.OwnerGuard#type:17:java.lang.Object:
core	Core	dev.s7a.strata.runtime.PaintPipeline#constructor:1:(Ldev/s7a/strata/runtime/OwnerGuard;Ldev/s7a/strata/runtime/RenderMonitoring;)V
core	Core	dev.s7a.strata.runtime.PaintPipeline#method:17:paint:(Ldev/s7a/strata/runtime/RetainedEntry;)Ljava/util/List;
core	Core	dev.s7a.strata.runtime.PaintPipeline#type:17:java.lang.Object:
core	Core	dev.s7a.strata.runtime.PaintPipelineKt#type:17:java.lang.Object:
core	Core	dev.s7a.strata.runtime.Pipeline#constructor:1:(Ldev/s7a/strata/runtime/OwnerGuard;Ldev/s7a/strata/runtime/RenderMonitoring;Ldev/s7a/strata/runtime/DirtyTracker;)V
core	Core	dev.s7a.strata.runtime.Pipeline#method:17:advanceFrame:(Ldev/s7a/strata/runtime/RetainedNode;Ldev/s7a/strata/runtime/FrameTime;)V
core	Core	dev.s7a.strata.runtime.Pipeline#method:17:captureFrameState:(Ldev/s7a/strata/runtime/RetainedNode;)V
core	Core	dev.s7a.strata.runtime.Pipeline#method:17:clearInputState:(Ldev/s7a/strata/runtime/RetainedNode;)V
core	Core	dev.s7a.strata.runtime.Pipeline#method:17:commitFrameState:(Ldev/s7a/strata/runtime/RetainedNode;)V
core	Core	dev.s7a.strata.runtime.Pipeline#method:17:dispatch:(Ldev/s7a/strata/runtime/RetainedNode;Ldev/s7a/strata/input/PointerEvent;)Ldev/s7a/strata/input/InputResult;
core	Core	dev.s7a.strata.runtime.Pipeline#method:17:dispatchKeyboard:(Ldev/s7a/strata/runtime/RetainedNode;Ldev/s7a/strata/input/KeyboardEvent;)Ldev/s7a/strata/input/InputResult;
core	Core	dev.s7a.strata.runtime.Pipeline#method:17:dispatchTextInput:(Ldev/s7a/strata/input/TextInputEvent;)Ldev/s7a/strata/input/InputResult;
core	Core	dev.s7a.strata.runtime.Pipeline#method:17:entryWillCleanup:(Ldev/s7a/strata/runtime/RetainedEntry;)V
core	Core	dev.s7a.strata.runtime.Pipeline#method:17:getTextInputFocus:()Ldev/s7a/strata/runtime/spi/RuntimeTextInputFocus;
core	Core	dev.s7a.strata.runtime.Pipeline#method:17:hasPendingMeasure:(Ldev/s7a/strata/runtime/RetainedNode;)Z
core	Core	dev.s7a.strata.runtime.Pipeline#method:17:layout:(Ldev/s7a/strata/runtime/RetainedNode;)V
core	Core	dev.s7a.strata.runtime.Pipeline#method:17:measure:(Ldev/s7a/strata/runtime/RetainedNode;Ldev/s7a/strata/geometry/Constraints;)Ldev/s7a/strata/geometry/IntSize;
core	Core	dev.s7a.strata.runtime.Pipeline#method:17:paint:(Ldev/s7a/strata/runtime/RetainedNode;)Ljava/util/List;
core	Core	dev.s7a.strata.runtime.Pipeline#method:17:releaseRetainedReferences:()V
core	Core	dev.s7a.strata.runtime.Pipeline#method:17:requireMeasuredRoot:(Ldev/s7a/strata/runtime/RetainedNode;)V
core	Core	dev.s7a.strata.runtime.Pipeline#method:17:requirePlacedRoot:(Ldev/s7a/strata/runtime/RetainedNode;)V
core	Core	dev.s7a.strata.runtime.Pipeline#method:17:semantics:(Ldev/s7a/strata/runtime/RetainedNode;)Ljava/util/List;
core	Core	dev.s7a.strata.runtime.Pipeline#method:17:sessionAttached:(Ldev/s7a/strata/runtime/RetainedNode;)V
core	Core	dev.s7a.strata.runtime.Pipeline#method:17:sessionDetached:(Ldev/s7a/strata/runtime/RetainedNode;)V
core	Core	dev.s7a.strata.runtime.Pipeline#method:17:synchronizeInputGeometry:(Ldev/s7a/strata/runtime/RetainedNode;Ldev/s7a/strata/geometry/Constraints;)V
core	Core	dev.s7a.strata.runtime.Pipeline#type:17:java.lang.Object:
core	Core	dev.s7a.strata.runtime.Pipeline$layoutEntry$scope$1#method:17:getGuard:()Ldev/s7a/strata/runtime/ScopeGuard;
core	Core	dev.s7a.strata.runtime.Pipeline$layoutEntry$scope$1#method:1:childParentData:(ILdev/s7a/strata/layout/ParentDataKey;)Ljava/lang/Object;
core	Core	dev.s7a.strata.runtime.Pipeline$layoutEntry$scope$1#method:1:getChildCount:()I
core	Core	dev.s7a.strata.runtime.Pipeline$layoutEntry$scope$1#method:1:getSize:()Ldev/s7a/strata/geometry/IntSize;
core	Core	dev.s7a.strata.runtime.Pipeline$layoutEntry$scope$1#method:1:measuredChildSize:(I)Ldev/s7a/strata/geometry/IntSize;
core	Core	dev.s7a.strata.runtime.Pipeline$layoutEntry$scope$1#method:1:placeChild:(ILdev/s7a/strata/geometry/IntOffset;)V
core	Core	dev.s7a.strata.runtime.Pipeline$layoutEntry$scope$1#type:25:java.lang.Object:dev.s7a.strata.layout.LayoutScope
core	Core	dev.s7a.strata.runtime.Pipeline$measureEntry$scope$1#method:17:getMeasuredAnyChild:()Z
core	Core	dev.s7a.strata.runtime.Pipeline$measureEntry$scope$1#method:17:setMeasuredAnyChild:(Z)V
core	Core	dev.s7a.strata.runtime.Pipeline$measureEntry$scope$1#method:1:childParentData:(ILdev/s7a/strata/layout/ParentDataKey;)Ljava/lang/Object;
core	Core	dev.s7a.strata.runtime.Pipeline$measureEntry$scope$1#method:1:getChildCount:()I
core	Core	dev.s7a.strata.runtime.Pipeline$measureEntry$scope$1#method:1:measureChild:(ILdev/s7a/strata/geometry/Constraints;)Ldev/s7a/strata/geometry/IntSize;
core	Core	dev.s7a.strata.runtime.Pipeline$measureEntry$scope$1#type:25:java.lang.Object:dev.s7a.strata.layout.MeasureScope
core	Core	dev.s7a.strata.runtime.Reconciler#constructor:1:(Ldev/s7a/strata/runtime/LifecycleManager;Ldev/s7a/strata/runtime/DirtyTracker;Ldev/s7a/strata/runtime/ObservedSourceRegistry;Ldev/s7a/strata/runtime/RenderMonitoring;Lkotlin/jvm/functions/Function0;)V
core	Core	dev.s7a.strata.runtime.Reconciler#method:17:cleanupProvisionals:()Ljava/lang/Throwable;
core	Core	dev.s7a.strata.runtime.Reconciler#method:17:markInstalled:(Ldev/s7a/strata/runtime/RetainedNode;)V
core	Core	dev.s7a.strata.runtime.Reconciler#method:17:reconcileRoot:(Ldev/s7a/strata/runtime/RetainedNode;Ldev/s7a/strata/element/Element;)Ldev/s7a/strata/runtime/RetainedNode;
core	Core	dev.s7a.strata.runtime.Reconciler#method:17:refreshDynamicChildren:(Ldev/s7a/strata/runtime/RetainedNode;Ldev/s7a/strata/runtime/DescriptionValidator;)V
core	Core	dev.s7a.strata.runtime.Reconciler#method:17:refreshObservedContent:(Ldev/s7a/strata/runtime/RetainedNode;Ldev/s7a/strata/runtime/DescriptionValidator;)Z
core	Core	dev.s7a.strata.runtime.Reconciler#method:17:refreshProjectedChildren:(Ldev/s7a/strata/runtime/RetainedNode;Ldev/s7a/strata/runtime/DescriptionValidator;)V
core	Core	dev.s7a.strata.runtime.Reconciler#type:17:java.lang.Object:
core	Core	dev.s7a.strata.runtime.Reconciler$WhenMappings#type:4121:java.lang.Object:
core	Core	dev.s7a.strata.runtime.RenderMonitorImpl#constructor:1:(Lkotlin/jvm/functions/Function0;Lkotlin/jvm/functions/Function0;ILdev/s7a/strata/runtime/RenderMonitoring;I)V
core	Core	dev.s7a.strata.runtime.RenderMonitorImpl#method:17:baseline:(Ldev/s7a/strata/runtime/RetainedEntry;)V
core	Core	dev.s7a.strata.runtime.RenderMonitorImpl#method:17:created:(Ldev/s7a/strata/runtime/RetainedEntry;Ldev/s7a/strata/runtime/diagnostics/UiRenderOperation;)V
core	Core	dev.s7a.strata.runtime.RenderMonitorImpl#method:17:disposed:(Ldev/s7a/strata/runtime/RetainedEntry;Ldev/s7a/strata/runtime/diagnostics/UiRenderOperation;)V
core	Core	dev.s7a.strata.runtime.RenderMonitorImpl#method:17:markFailed:()V
core	Core	dev.s7a.strata.runtime.RenderMonitorImpl#method:17:record:(Ldev/s7a/strata/runtime/diagnostics/UiRenderMetric;Ldev/s7a/strata/runtime/diagnostics/UiRenderOperation;Ldev/s7a/strata/runtime/RetainedEntry;)V
core	Core	dev.s7a.strata.runtime.RenderMonitorImpl#method:17:release:()V
core	Core	dev.s7a.strata.runtime.RenderMonitorImpl#method:17:subscription:(ZLdev/s7a/strata/runtime/diagnostics/UiRenderOperation;)V
core	Core	dev.s7a.strata.runtime.RenderMonitorImpl#method:1:checkpoint:()V
core	Core	dev.s7a.strata.runtime.RenderMonitorImpl#method:1:close:()V
core	Core	dev.s7a.strata.runtime.RenderMonitorImpl#method:1:findNodes:(Ldev/s7a/strata/element/ElementKey;)Ljava/util/List;
core	Core	dev.s7a.strata.runtime.RenderMonitorImpl#method:1:snapshot:()Ldev/s7a/strata/runtime/diagnostics/UiRenderSnapshot;
core	Core	dev.s7a.strata.runtime.RenderMonitorImpl#type:17:java.lang.Object:dev.s7a.strata.runtime.diagnostics.UiRenderMonitor
core	Core	dev.s7a.strata.runtime.RenderMonitorImpl$WhenMappings#type:4121:java.lang.Object:
core	Core	dev.s7a.strata.runtime.RenderMonitoring#constructor:1:()V
core	Core	dev.s7a.strata.runtime.RenderMonitoring#method:17:allocateId:()J
core	Core	dev.s7a.strata.runtime.RenderMonitoring#method:17:created:(Ldev/s7a/strata/runtime/RetainedEntry;)V
core	Core	dev.s7a.strata.runtime.RenderMonitoring#method:17:disposed:(Ldev/s7a/strata/runtime/RetainedEntry;)V
core	Core	dev.s7a.strata.runtime.RenderMonitoring#method:17:failed:()V
core	Core	dev.s7a.strata.runtime.RenderMonitoring#method:17:getCollector:()Ldev/s7a/strata/runtime/RenderMonitorImpl;
core	Core	dev.s7a.strata.runtime.RenderMonitoring#method:17:getOperation:()Ldev/s7a/strata/runtime/diagnostics/UiRenderOperation;
core	Core	dev.s7a.strata.runtime.RenderMonitoring#method:17:record:(Ldev/s7a/strata/runtime/diagnostics/UiRenderMetric;Ldev/s7a/strata/runtime/RetainedEntry;)V
core	Core	dev.s7a.strata.runtime.RenderMonitoring#method:17:release:()V
core	Core	dev.s7a.strata.runtime.RenderMonitoring#method:17:setCollector:(Ldev/s7a/strata/runtime/RenderMonitorImpl;)V
core	Core	dev.s7a.strata.runtime.RenderMonitoring#method:17:setOperation:(Ldev/s7a/strata/runtime/diagnostics/UiRenderOperation;)V
core	Core	dev.s7a.strata.runtime.RenderMonitoring#method:17:subscription:(Z)V
core	Core	dev.s7a.strata.runtime.RenderMonitoring#type:17:java.lang.Object:
core	Core	dev.s7a.strata.runtime.RenderNodeRecord#method:17:getCounts:()Ldev/s7a/strata/runtime/RenderWorkCounts;
core	Core	dev.s7a.strata.runtime.RenderNodeRecord#method:17:getEntry:()Ldev/s7a/strata/runtime/RetainedEntry;
core	Core	dev.s7a.strata.runtime.RenderNodeRecord#method:17:getId-qzpUuq0:()J
core	Core	dev.s7a.strata.runtime.RenderNodeRecord#method:17:getKind:()Ldev/s7a/strata/runtime/diagnostics/UiRenderNodeKind;
core	Core	dev.s7a.strata.runtime.RenderNodeRecord#method:17:getParentId-ELJ4UTI:()Ldev/s7a/strata/runtime/diagnostics/UiRenderNodeId;
core	Core	dev.s7a.strata.runtime.RenderNodeRecord#method:17:getTypeName:()Ljava/lang/String;
core	Core	dev.s7a.strata.runtime.RenderNodeRecord#method:17:setEntry:(Ldev/s7a/strata/runtime/RetainedEntry;)V
core	Core	dev.s7a.strata.runtime.RenderNodeRecord#method:17:setParentId-MGh3LxI:(Ldev/s7a/strata/runtime/diagnostics/UiRenderNodeId;)V
core	Core	dev.s7a.strata.runtime.RenderNodeRecord#method:17:snapshot:()Ldev/s7a/strata/runtime/diagnostics/UiRenderNodeSnapshot;
core	Core	dev.s7a.strata.runtime.RenderNodeRecord#type:17:java.lang.Object:
core	Core	dev.s7a.strata.runtime.RenderWorkCounts#constructor:1:()V
core	Core	dev.s7a.strata.runtime.RenderWorkCounts#method:17:clear:()V
core	Core	dev.s7a.strata.runtime.RenderWorkCounts#method:17:operations:()Ljava/util/Map;
core	Core	dev.s7a.strata.runtime.RenderWorkCounts#method:17:record:(Ldev/s7a/strata/runtime/diagnostics/UiRenderMetric;Ldev/s7a/strata/runtime/diagnostics/UiRenderOperation;)V
core	Core	dev.s7a.strata.runtime.RenderWorkCounts#method:17:totals:()Ljava/util/Map;
core	Core	dev.s7a.strata.runtime.RenderWorkCounts#type:17:java.lang.Object:
core	Core	dev.s7a.strata.runtime.RetainedDrawCommands#constructor:1:(Ljava/util/List;)V
core	Core	dev.s7a.strata.runtime.RetainedDrawCommands#method:1:get:(I)Ldev/s7a/strata/runtime/render/DrawCommand;
core	Core	dev.s7a.strata.runtime.RetainedDrawCommands#method:1:getSize:()I
core	Core	dev.s7a.strata.runtime.RetainedDrawCommands#method:1:iterator:()Ljava/util/Iterator;
core	Core	dev.s7a.strata.runtime.RetainedDrawCommands#method:65:contains:(Ldev/s7a/strata/runtime/render/DrawCommand;)Z
core	Core	dev.s7a.strata.runtime.RetainedDrawCommands#method:65:indexOf:(Ldev/s7a/strata/runtime/render/DrawCommand;)I
core	Core	dev.s7a.strata.runtime.RetainedDrawCommands#method:65:lastIndexOf:(Ldev/s7a/strata/runtime/render/DrawCommand;)I
core	Core	dev.s7a.strata.runtime.RetainedDrawCommands#method:81:contains:(Ljava/lang/Object;)Z
core	Core	dev.s7a.strata.runtime.RetainedDrawCommands#method:81:indexOf:(Ljava/lang/Object;)I
core	Core	dev.s7a.strata.runtime.RetainedDrawCommands#method:81:lastIndexOf:(Ljava/lang/Object;)I
core	Core	dev.s7a.strata.runtime.RetainedDrawCommands#type:17:kotlin.collections.AbstractList:
core	Core	dev.s7a.strata.runtime.RetainedEntry#method:1025:effectiveChildAt:(I)Ldev/s7a/strata/runtime/RetainedEntry;
core	Core	dev.s7a.strata.runtime.RetainedEntry#method:1025:getEffectiveChildCount:()I
core	Core	dev.s7a.strata.runtime.RetainedEntry#method:17:childOffset:(Ldev/s7a/strata/runtime/RetainedEntry;)Ldev/s7a/strata/geometry/IntOffset;
core	Core	dev.s7a.strata.runtime.RetainedEntry#method:17:getAttachAttempted:()Z
core	Core	dev.s7a.strata.runtime.RetainedEntry#method:17:getBindingRelease:()Lkotlin/jvm/functions/Function0;
core	Core	dev.s7a.strata.runtime.RetainedEntry#method:17:getBounds:()Ldev/s7a/strata/geometry/IntRect;
core	Core	dev.s7a.strata.runtime.RetainedEntry#method:17:getChildLayoutPass:()Ljava/lang/Object;
core	Core	dev.s7a.strata.runtime.RetainedEntry#method:17:getChildMeasurePass:()Ljava/lang/Object;
core	Core	dev.s7a.strata.runtime.RetainedEntry#method:17:getCleanupStarted:()Z
core	Core	dev.s7a.strata.runtime.RetainedEntry#method:17:getDeclarationId:()J
core	Core	dev.s7a.strata.runtime.RetainedEntry#method:17:getDetachAttempted:()Z
core	Core	dev.s7a.strata.runtime.RetainedEntry#method:17:getDiagnosticId:()J
core	Core	dev.s7a.strata.runtime.RetainedEntry#method:17:getDirty-dvAQds4:()I
core	Core	dev.s7a.strata.runtime.RetainedEntry#method:17:getDisposeAttempted:()Z
core	Core	dev.s7a.strata.runtime.RetainedEntry#method:17:getLaidOut:()Z
core	Core	dev.s7a.strata.runtime.RetainedEntry#method:17:getLocalCommands:()Ljava/util/List;
core	Core	dev.s7a.strata.runtime.RetainedEntry#method:17:getLocalOverlayCommands:()Ljava/util/List;
core	Core	dev.s7a.strata.runtime.RetainedEntry#method:17:getLocalSemantics:()Ljava/util/List;
core	Core	dev.s7a.strata.runtime.RetainedEntry#method:17:getLocalToTree:()Ldev/s7a/strata/runtime/TreeTransform;
core	Core	dev.s7a.strata.runtime.RetainedEntry#method:17:getMeasured:()Z
core	Core	dev.s7a.strata.runtime.RetainedEntry#method:17:getMeasuredConstraints:()Ldev/s7a/strata/geometry/Constraints;
core	Core	dev.s7a.strata.runtime.RetainedEntry#method:17:getMeasuredSize:()Ldev/s7a/strata/geometry/IntSize;
core	Core	dev.s7a.strata.runtime.RetainedEntry#method:17:getNode:()Ldev/s7a/strata/node/Node;
core	Core	dev.s7a.strata.runtime.RetainedEntry#method:17:getPaintSnapshot:()Ldev/s7a/strata/runtime/RetainedPaintSnapshot;
core	Core	dev.s7a.strata.runtime.RetainedEntry#method:17:getPaintSubtreeDirty:()Z
core	Core	dev.s7a.strata.runtime.RetainedEntry#method:17:getParent:()Ldev/s7a/strata/runtime/RetainedEntry;
core	Core	dev.s7a.strata.runtime.RetainedEntry#method:17:getParentDataDelegate:()Ldev/s7a/strata/node/ParentDataDelegateNode;
core	Core	dev.s7a.strata.runtime.RetainedEntry#method:17:getParentLayoutPass:()Ljava/lang/Object;
core	Core	dev.s7a.strata.runtime.RetainedEntry#method:17:getParentMeasurePass:()Ljava/lang/Object;
core	Core	dev.s7a.strata.runtime.RetainedEntry#method:17:getParentOffset:()Ldev/s7a/strata/geometry/IntOffset;
core	Core	dev.s7a.strata.runtime.RetainedEntry#method:17:getPlaced:()Z
core	Core	dev.s7a.strata.runtime.RetainedEntry#method:17:getRootOverlayAnchor:()Ldev/s7a/strata/geometry/IntRect;
core	Core	dev.s7a.strata.runtime.RetainedEntry#method:17:getRootOverlayCommands:()Ljava/util/List;
core	Core	dev.s7a.strata.runtime.RetainedEntry#method:17:getRootOverlayViewport:()Ldev/s7a/strata/geometry/IntSize;
core	Core	dev.s7a.strata.runtime.RetainedEntry#method:17:getTransformFromParent:()Ldev/s7a/strata/node/ChildTransform;
core	Core	dev.s7a.strata.runtime.RetainedEntry#method:17:getTransformedPaint:()Ldev/s7a/strata/runtime/RetainedPaintCommands;
core	Core	dev.s7a.strata.runtime.RetainedEntry#method:17:measuredChild:(Ldev/s7a/strata/runtime/RetainedEntry;)Z
core	Core	dev.s7a.strata.runtime.RetainedEntry#method:17:setAttachAttempted:(Z)V
core	Core	dev.s7a.strata.runtime.RetainedEntry#method:17:setBindingRelease:(Lkotlin/jvm/functions/Function0;)V
core	Core	dev.s7a.strata.runtime.RetainedEntry#method:17:setBounds:(Ldev/s7a/strata/geometry/IntRect;)V
core	Core	dev.s7a.strata.runtime.RetainedEntry#method:17:setChildLayoutPass:(Ljava/lang/Object;)V
core	Core	dev.s7a.strata.runtime.RetainedEntry#method:17:setChildMeasurePass:(Ljava/lang/Object;)V
core	Core	dev.s7a.strata.runtime.RetainedEntry#method:17:setCleanupStarted:(Z)V
core	Core	dev.s7a.strata.runtime.RetainedEntry#method:17:setDeclarationId:(J)V
core	Core	dev.s7a.strata.runtime.RetainedEntry#method:17:setDetachAttempted:(Z)V
core	Core	dev.s7a.strata.runtime.RetainedEntry#method:17:setDiagnosticId:(J)V
core	Core	dev.s7a.strata.runtime.RetainedEntry#method:17:setDirty-Kf-UNOA:(I)V
core	Core	dev.s7a.strata.runtime.RetainedEntry#method:17:setDisposeAttempted:(Z)V
core	Core	dev.s7a.strata.runtime.RetainedEntry#method:17:setLaidOut:(Z)V
core	Core	dev.s7a.strata.runtime.RetainedEntry#method:17:setLocalCommands:(Ljava/util/List;)V
core	Core	dev.s7a.strata.runtime.RetainedEntry#method:17:setLocalOverlayCommands:(Ljava/util/List;)V
core	Core	dev.s7a.strata.runtime.RetainedEntry#method:17:setLocalSemantics:(Ljava/util/List;)V
core	Core	dev.s7a.strata.runtime.RetainedEntry#method:17:setLocalToTree:(Ldev/s7a/strata/runtime/TreeTransform;)V
core	Core	dev.s7a.strata.runtime.RetainedEntry#method:17:setMeasured:(Z)V
core	Core	dev.s7a.strata.runtime.RetainedEntry#method:17:setMeasuredConstraints:(Ldev/s7a/strata/geometry/Constraints;)V
core	Core	dev.s7a.strata.runtime.RetainedEntry#method:17:setMeasuredSize:(Ldev/s7a/strata/geometry/IntSize;)V
core	Core	dev.s7a.strata.runtime.RetainedEntry#method:17:setPaintSnapshot:(Ldev/s7a/strata/runtime/RetainedPaintSnapshot;)V
core	Core	dev.s7a.strata.runtime.RetainedEntry#method:17:setPaintSubtreeDirty:(Z)V
core	Core	dev.s7a.strata.runtime.RetainedEntry#method:17:setParent:(Ldev/s7a/strata/runtime/RetainedEntry;)V
core	Core	dev.s7a.strata.runtime.RetainedEntry#method:17:setParentLayoutPass:(Ljava/lang/Object;)V
core	Core	dev.s7a.strata.runtime.RetainedEntry#method:17:setParentMeasurePass:(Ljava/lang/Object;)V
core	Core	dev.s7a.strata.runtime.RetainedEntry#method:17:setParentOffset:(Ldev/s7a/strata/geometry/IntOffset;)V
core	Core	dev.s7a.strata.runtime.RetainedEntry#method:17:setPlaced:(Z)V
core	Core	dev.s7a.strata.runtime.RetainedEntry#method:17:setRootOverlayAnchor:(Ldev/s7a/strata/geometry/IntRect;)V
core	Core	dev.s7a.strata.runtime.RetainedEntry#method:17:setRootOverlayCommands:(Ljava/util/List;)V
core	Core	dev.s7a.strata.runtime.RetainedEntry#method:17:setRootOverlayViewport:(Ldev/s7a/strata/geometry/IntSize;)V
core	Core	dev.s7a.strata.runtime.RetainedEntry#method:17:setTransformFromParent:(Ldev/s7a/strata/node/ChildTransform;)V
core	Core	dev.s7a.strata.runtime.RetainedEntry#method:17:setTransformedPaint:(Ldev/s7a/strata/runtime/RetainedPaintCommands;)V
core	Core	dev.s7a.strata.runtime.RetainedEntry#type:1025:java.lang.Object:
core	Core	dev.s7a.strata.runtime.RetainedModifier#constructor:1:(Ldev/s7a/strata/modifier/ModifierElement;Ldev/s7a/strata/node/ModifierNode;)V
core	Core	dev.s7a.strata.runtime.RetainedModifier#method:17:getElement:()Ldev/s7a/strata/modifier/ModifierElement;
core	Core	dev.s7a.strata.runtime.RetainedModifier#method:17:getModifierNode:()Ldev/s7a/strata/node/ModifierNode;
core	Core	dev.s7a.strata.runtime.RetainedModifier#method:17:getVirtualChild:()Ldev/s7a/strata/runtime/RetainedEntry;
core	Core	dev.s7a.strata.runtime.RetainedModifier#method:17:setElement:(Ldev/s7a/strata/modifier/ModifierElement;)V
core	Core	dev.s7a.strata.runtime.RetainedModifier#method:17:setVirtualChild:(Ldev/s7a/strata/runtime/RetainedEntry;)V
core	Core	dev.s7a.strata.runtime.RetainedModifier#method:1:effectiveChildAt:(I)Ldev/s7a/strata/runtime/RetainedEntry;
core	Core	dev.s7a.strata.runtime.RetainedModifier#method:1:getEffectiveChildCount:()I
core	Core	dev.s7a.strata.runtime.RetainedModifier#type:17:dev.s7a.strata.runtime.RetainedEntry:
core	Core	dev.s7a.strata.runtime.RetainedNode#constructor:1:(Ldev/s7a/strata/element/Element;Ldev/s7a/strata/node/Node;Ldev/s7a/strata/runtime/RetainedNode;)V
core	Core	dev.s7a.strata.runtime.RetainedNode#method:17:getChildren:()Ljava/util/List;
core	Core	dev.s7a.strata.runtime.RetainedNode#method:17:getContentObservation:()Ldev/s7a/strata/state/StateObservation;
core	Core	dev.s7a.strata.runtime.RetainedNode#method:17:getDynamicDescriptions:()Ljava/util/List;
core	Core	dev.s7a.strata.runtime.RetainedNode#method:17:getEffectiveRoot:()Ldev/s7a/strata/runtime/RetainedEntry;
core	Core	dev.s7a.strata.runtime.RetainedNode#method:17:getElement:()Ldev/s7a/strata/element/Element;
core	Core	dev.s7a.strata.runtime.RetainedNode#method:17:getLogicalParent:()Ldev/s7a/strata/runtime/RetainedNode;
core	Core	dev.s7a.strata.runtime.RetainedNode#method:17:getModifiers:()Ljava/util/List;
core	Core	dev.s7a.strata.runtime.RetainedNode#method:17:setContentObservation:(Ldev/s7a/strata/state/StateObservation;)V
core	Core	dev.s7a.strata.runtime.RetainedNode#method:17:setDynamicDescriptions:(Ljava/util/List;)V
core	Core	dev.s7a.strata.runtime.RetainedNode#method:17:setElement:(Ldev/s7a/strata/element/Element;)V
core	Core	dev.s7a.strata.runtime.RetainedNode#method:17:setLogicalParent:(Ldev/s7a/strata/runtime/RetainedNode;)V
core	Core	dev.s7a.strata.runtime.RetainedNode#method:1:effectiveChildAt:(I)Ldev/s7a/strata/runtime/RetainedEntry;
core	Core	dev.s7a.strata.runtime.RetainedNode#method:1:getEffectiveChildCount:()I
core	Core	dev.s7a.strata.runtime.RetainedNode#type:17:dev.s7a.strata.runtime.RetainedEntry:
core	Core	dev.s7a.strata.runtime.RetainedPaintCommands#constructor:1:(Ldev/s7a/strata/runtime/RetainedEntry;Ljava/util/List;Ljava/util/List;Ljava/util/List;)V
core	Core	dev.s7a.strata.runtime.RetainedPaintCommands#method:17:getAfterChildren:()Ljava/util/List;
core	Core	dev.s7a.strata.runtime.RetainedPaintCommands#method:17:getBeforeChildren:()Ljava/util/List;
core	Core	dev.s7a.strata.runtime.RetainedPaintCommands#method:17:getRootOverlays:()Ljava/util/List;
core	Core	dev.s7a.strata.runtime.RetainedPaintCommands#method:17:matches:(Ldev/s7a/strata/runtime/RetainedEntry;)Z
core	Core	dev.s7a.strata.runtime.RetainedPaintCommands#type:17:java.lang.Object:
core	Core	dev.s7a.strata.runtime.RetainedPaintSnapshot#constructor:1:(Ldev/s7a/strata/runtime/RetainedPaintCommands;Ldev/s7a/strata/geometry/IntSize;Ldev/s7a/strata/runtime/RetainedDrawCommands;Ldev/s7a/strata/runtime/RetainedDrawCommands;)V
core	Core	dev.s7a.strata.runtime.RetainedPaintSnapshot#method:17:getCommands:()Ldev/s7a/strata/runtime/RetainedDrawCommands;
core	Core	dev.s7a.strata.runtime.RetainedPaintSnapshot#method:17:getLocal:()Ldev/s7a/strata/runtime/RetainedPaintCommands;
core	Core	dev.s7a.strata.runtime.RetainedPaintSnapshot#method:17:getRootOverlays:()Ldev/s7a/strata/runtime/RetainedDrawCommands;
core	Core	dev.s7a.strata.runtime.RetainedPaintSnapshot#method:17:getViewport:()Ldev/s7a/strata/geometry/IntSize;
core	Core	dev.s7a.strata.runtime.RetainedPaintSnapshot#method:17:matches:(Ldev/s7a/strata/runtime/RetainedEntry;Ldev/s7a/strata/geometry/IntSize;)Z
core	Core	dev.s7a.strata.runtime.RetainedPaintSnapshot#type:17:java.lang.Object:
core	Core	dev.s7a.strata.runtime.ScopeGuard#constructor:1:(Ldev/s7a/strata/runtime/OwnerGuard;)V
core	Core	dev.s7a.strata.runtime.ScopeGuard#method:17:check:()V
core	Core	dev.s7a.strata.runtime.ScopeGuard#method:17:close:()V
core	Core	dev.s7a.strata.runtime.ScopeGuard#type:17:java.lang.Object:
core	Core	dev.s7a.strata.runtime.SemanticsPipeline#constructor:1:(Ldev/s7a/strata/runtime/OwnerGuard;Ldev/s7a/strata/runtime/RenderMonitoring;)V
core	Core	dev.s7a.strata.runtime.SemanticsPipeline#method:17:semantics:(Ldev/s7a/strata/runtime/RetainedEntry;)Ljava/util/List;
core	Core	dev.s7a.strata.runtime.SemanticsPipeline#type:17:java.lang.Object:
core	Core	dev.s7a.strata.runtime.SessionGenerationToken#constructor:1:()V
core	Core	dev.s7a.strata.runtime.SessionGenerationToken#field:25:Key:Ldev/s7a/strata/runtime/SessionGenerationToken$Key;
core	Core	dev.s7a.strata.runtime.SessionGenerationToken#method:17:getActive:()Z
core	Core	dev.s7a.strata.runtime.SessionGenerationToken#method:17:resume:(Ljava/lang/Runnable;)V
core	Core	dev.s7a.strata.runtime.SessionGenerationToken#method:17:run:(Lkotlin/jvm/functions/Function0;)V
core	Core	dev.s7a.strata.runtime.SessionGenerationToken#method:17:setActive:(Z)V
core	Core	dev.s7a.strata.runtime.SessionGenerationToken#method:1:restoreThreadContext:(Lkotlin/coroutines/CoroutineContext;Ldev/s7a/strata/runtime/SessionGenerationToken;)V
core	Core	dev.s7a.strata.runtime.SessionGenerationToken#method:1:updateThreadContext:(Lkotlin/coroutines/CoroutineContext;)Ldev/s7a/strata/runtime/SessionGenerationToken;
core	Core	dev.s7a.strata.runtime.SessionGenerationToken#type:17:kotlin.coroutines.AbstractCoroutineContextElement:kotlinx.coroutines.ThreadContextElement
core	Core	dev.s7a.strata.runtime.SessionGenerationToken$Key#method:17:getCurrent:()Ldev/s7a/strata/runtime/SessionGenerationToken;
core	Core	dev.s7a.strata.runtime.SessionGenerationToken$Key#type:25:java.lang.Object:kotlin.coroutines.CoroutineContext$Key
core	Core	dev.s7a.strata.runtime.TreeState#type:1537::
core	Core	dev.s7a.strata.runtime.TreeState$Active#field:25:INSTANCE:Ldev/s7a/strata/runtime/TreeState$Active;
core	Core	dev.s7a.strata.runtime.TreeState$Active#method:1:equals:(Ljava/lang/Object;)Z
core	Core	dev.s7a.strata.runtime.TreeState$Active#method:1:hashCode:()I
core	Core	dev.s7a.strata.runtime.TreeState$Active#method:1:toString:()Ljava/lang/String;
core	Core	dev.s7a.strata.runtime.TreeState$Active#type:25:java.lang.Object:dev.s7a.strata.runtime.TreeState
core	Core	dev.s7a.strata.runtime.TreeState$Closed#field:25:INSTANCE:Ldev/s7a/strata/runtime/TreeState$Closed;
core	Core	dev.s7a.strata.runtime.TreeState$Closed#method:1:equals:(Ljava/lang/Object;)Z
core	Core	dev.s7a.strata.runtime.TreeState$Closed#method:1:hashCode:()I
core	Core	dev.s7a.strata.runtime.TreeState$Closed#method:1:toString:()Ljava/lang/String;
core	Core	dev.s7a.strata.runtime.TreeState$Closed#type:25:java.lang.Object:dev.s7a.strata.runtime.TreeState
core	Core	dev.s7a.strata.runtime.TreeState$Poisoned#field:25:INSTANCE:Ldev/s7a/strata/runtime/TreeState$Poisoned;
core	Core	dev.s7a.strata.runtime.TreeState$Poisoned#method:1:equals:(Ljava/lang/Object;)Z
core	Core	dev.s7a.strata.runtime.TreeState$Poisoned#method:1:hashCode:()I
core	Core	dev.s7a.strata.runtime.TreeState$Poisoned#method:1:toString:()Ljava/lang/String;
core	Core	dev.s7a.strata.runtime.TreeState$Poisoned#type:25:java.lang.Object:dev.s7a.strata.runtime.TreeState
core	Core	dev.s7a.strata.runtime.TreeTransform#constructor:1:(DLdev/s7a/strata/geometry/DoubleOffset;)V
core	Core	dev.s7a.strata.runtime.TreeTransform#field:25:Companion:Ldev/s7a/strata/runtime/TreeTransform$Companion;
core	Core	dev.s7a.strata.runtime.TreeTransform#method:17:component1:()D
core	Core	dev.s7a.strata.runtime.TreeTransform#method:17:component2:()Ldev/s7a/strata/geometry/DoubleOffset;
core	Core	dev.s7a.strata.runtime.TreeTransform#method:17:contains:(Ldev/s7a/strata/geometry/IntSize;Ldev/s7a/strata/geometry/IntOffset;)Z
core	Core	dev.s7a.strata.runtime.TreeTransform#method:17:copy:(DLdev/s7a/strata/geometry/DoubleOffset;)Ldev/s7a/strata/runtime/TreeTransform;
core	Core	dev.s7a.strata.runtime.TreeTransform#method:17:descend:(Ldev/s7a/strata/geometry/IntOffset;Ldev/s7a/strata/node/ChildTransform;)Ldev/s7a/strata/runtime/TreeTransform;
core	Core	dev.s7a.strata.runtime.TreeTransform#method:17:enclosing:(Ldev/s7a/strata/geometry/IntRect;)Ldev/s7a/strata/geometry/IntRect;
core	Core	dev.s7a.strata.runtime.TreeTransform#method:17:enclosing:(Ldev/s7a/strata/geometry/IntSize;)Ldev/s7a/strata/geometry/IntRect;
core	Core	dev.s7a.strata.runtime.TreeTransform#method:17:getOffset:()Ldev/s7a/strata/geometry/DoubleOffset;
core	Core	dev.s7a.strata.runtime.TreeTransform#method:17:getScale:()D
core	Core	dev.s7a.strata.runtime.TreeTransform#method:17:integerTranslationOrNull:()Ldev/s7a/strata/geometry/IntOffset;
core	Core	dev.s7a.strata.runtime.TreeTransform#method:17:localPosition:(Ldev/s7a/strata/geometry/IntOffset;)Ldev/s7a/strata/geometry/IntOffset;
core	Core	dev.s7a.strata.runtime.TreeTransform#method:17:mapFractional:(Ldev/s7a/strata/geometry/FloatRect;)Ldev/s7a/strata/geometry/FloatRect;
core	Core	dev.s7a.strata.runtime.TreeTransform#method:17:mapFractional:(Ldev/s7a/strata/geometry/IntRect;)Ldev/s7a/strata/geometry/FloatRect;
core	Core	dev.s7a.strata.runtime.TreeTransform#method:1:equals:(Ljava/lang/Object;)Z
core	Core	dev.s7a.strata.runtime.TreeTransform#method:1:hashCode:()I
core	Core	dev.s7a.strata.runtime.TreeTransform#method:1:toString:()Ljava/lang/String;
core	Core	dev.s7a.strata.runtime.TreeTransform#type:17:java.lang.Object:
core	Core	dev.s7a.strata.runtime.TreeTransform$Companion#method:17:getIdentity:()Ldev/s7a/strata/runtime/TreeTransform;
core	Core	dev.s7a.strata.runtime.TreeTransform$Companion#type:25:java.lang.Object:
core	Core	dev.s7a.strata.runtime.TreeTransformKt#type:17:java.lang.Object:
core	Core	dev.s7a.strata.runtime.UiSession#constructor:1:(Lkotlinx/coroutines/CoroutineDispatcher;Lkotlin/jvm/functions/Function1;Ldev/s7a/strata/ui/UiSession;Lkotlin/jvm/functions/Function0;)V
core	Core	dev.s7a.strata.runtime.UiSession#method:17:attach$dev_s7a_strata_core:()V
core	Core	dev.s7a.strata.runtime.UiSession#method:17:bind$dev_s7a_strata_core:(Ldev/s7a/strata/state/StateSource;)Lkotlin/properties/ReadOnlyProperty;
core	Core	dev.s7a.strata.runtime.UiSession#method:17:detach$dev_s7a_strata_core:()V
core	Core	dev.s7a.strata.runtime.UiSession#method:17:dispatchAction$dev_s7a_strata_core:(Lkotlin/jvm/functions/Function0;)V
core	Core	dev.s7a.strata.runtime.UiSession#method:17:dispatchKeyboard$dev_s7a_strata_core:(Ldev/s7a/strata/input/KeyboardEvent;)Ldev/s7a/strata/input/InputResult;
core	Core	dev.s7a.strata.runtime.UiSession#method:17:dispatchPointer$dev_s7a_strata_core:(Ldev/s7a/strata/input/PointerEvent;)Ldev/s7a/strata/input/InputResult;
core	Core	dev.s7a.strata.runtime.UiSession#method:17:dispatchTextInput$dev_s7a_strata_core:(Ldev/s7a/strata/input/TextInputEvent;)Ldev/s7a/strata/input/InputResult;
core	Core	dev.s7a.strata.runtime.UiSession#method:17:frame$dev_s7a_strata_core:(Ldev/s7a/strata/geometry/Constraints;)Ldev/s7a/strata/runtime/spi/RuntimeUiFrame;
core	Core	dev.s7a.strata.runtime.UiSession#method:17:frame$dev_s7a_strata_core:(Ldev/s7a/strata/geometry/Constraints;Ldev/s7a/strata/runtime/FrameTime;)Ldev/s7a/strata/runtime/spi/RuntimeUiFrame;
core	Core	dev.s7a.strata.runtime.UiSession#method:17:getLifecycleState$dev_s7a_strata_core:()Ldev/s7a/strata/runtime/UiSessionState;
core	Core	dev.s7a.strata.runtime.UiSession#method:17:getScreenScope$dev_s7a_strata_core:()Lkotlinx/coroutines/CoroutineScope;
core	Core	dev.s7a.strata.runtime.UiSession#method:17:getTextInputFocus$dev_s7a_strata_core:()Ldev/s7a/strata/runtime/spi/RuntimeTextInputFocus;
core	Core	dev.s7a.strata.runtime.UiSession#method:17:projectDeclarations$dev_s7a_strata_core:(Lkotlin/jvm/functions/Function1;)Ljava/lang/Object;
core	Core	dev.s7a.strata.runtime.UiSession#method:17:resetInputState$dev_s7a_strata_core:()V
core	Core	dev.s7a.strata.runtime.UiSession#method:17:startRenderMonitoring$dev_s7a_strata_core:(I)Ldev/s7a/strata/runtime/diagnostics/UiRenderMonitor;
core	Core	dev.s7a.strata.runtime.UiSession#method:17:state$dev_s7a_strata_core:(Ljava/lang/Object;)Lkotlin/properties/ReadWriteProperty;
core	Core	dev.s7a.strata.runtime.UiSession#method:1:close:()V
core	Core	dev.s7a.strata.runtime.UiSession#type:17:java.lang.Object:java.lang.AutoCloseable
core	Core	dev.s7a.strata.runtime.UiSession$WhenMappings#type:4121:java.lang.Object:
core	Core	dev.s7a.strata.runtime.UiSessionBinding#constructor:1:(Lkotlin/jvm/functions/Function0;Lkotlin/jvm/functions/Function0;Lkotlin/jvm/functions/Function0;)V
core	Core	dev.s7a.strata.runtime.UiSessionBinding#method:17:applyPending:()Z
core	Core	dev.s7a.strata.runtime.UiSessionBinding#method:17:capturePending:()V
core	Core	dev.s7a.strata.runtime.UiSessionBinding#method:17:closeSubscription:()Ljava/lang/Throwable;
core	Core	dev.s7a.strata.runtime.UiSessionBinding#method:17:commitInitial:(Ldev/s7a/strata/state/StateSnapshot;)V
core	Core	dev.s7a.strata.runtime.UiSessionBinding#method:17:disable:()V
core	Core	dev.s7a.strata.runtime.UiSessionBinding#method:17:enqueue:(Ldev/s7a/strata/state/StateSnapshot;)V
core	Core	dev.s7a.strata.runtime.UiSessionBinding#method:17:getCommittedValue:()Ljava/lang/Object;
core	Core	dev.s7a.strata.runtime.UiSessionBinding#method:17:install:(Ldev/s7a/strata/state/StateSubscription;)V
core	Core	dev.s7a.strata.runtime.UiSessionBinding#method:1:getValue:(Ljava/lang/Object;Lkotlin/reflect/KProperty;)Ljava/lang/Object;
core	Core	dev.s7a.strata.runtime.UiSessionBinding#type:17:java.lang.Object:kotlin.properties.ReadOnlyProperty
core	Core	dev.s7a.strata.runtime.UiSessionLocalState#constructor:1:(Ljava/lang/Object;Lkotlin/jvm/functions/Function0;Lkotlin/jvm/functions/Function0;Lkotlin/jvm/functions/Function0;Lkotlin/jvm/functions/Function0;Lkotlin/jvm/functions/Function0;Lkotlin/jvm/functions/Function0;)V
core	Core	dev.s7a.strata.runtime.UiSessionLocalState#method:1:getValue:(Ljava/lang/Object;Lkotlin/reflect/KProperty;)Ljava/lang/Object;
core	Core	dev.s7a.strata.runtime.UiSessionLocalState#method:1:setValue:(Ljava/lang/Object;Lkotlin/reflect/KProperty;Ljava/lang/Object;)V
core	Core	dev.s7a.strata.runtime.UiSessionLocalState#type:17:java.lang.Object:kotlin.properties.ReadWriteProperty
core	Core	dev.s7a.strata.runtime.UiSessionState#type:1537::
core	Core	dev.s7a.strata.runtime.UiSessionState$Attached#field:25:INSTANCE:Ldev/s7a/strata/runtime/UiSessionState$Attached;
core	Core	dev.s7a.strata.runtime.UiSessionState$Attached#method:1:equals:(Ljava/lang/Object;)Z
core	Core	dev.s7a.strata.runtime.UiSessionState$Attached#method:1:hashCode:()I
core	Core	dev.s7a.strata.runtime.UiSessionState$Attached#method:1:toString:()Ljava/lang/String;
core	Core	dev.s7a.strata.runtime.UiSessionState$Attached#type:25:java.lang.Object:dev.s7a.strata.runtime.UiSessionState
core	Core	dev.s7a.strata.runtime.UiSessionState$Closed#field:25:INSTANCE:Ldev/s7a/strata/runtime/UiSessionState$Closed;
core	Core	dev.s7a.strata.runtime.UiSessionState$Closed#method:1:equals:(Ljava/lang/Object;)Z
core	Core	dev.s7a.strata.runtime.UiSessionState$Closed#method:1:hashCode:()I
core	Core	dev.s7a.strata.runtime.UiSessionState$Closed#method:1:toString:()Ljava/lang/String;
core	Core	dev.s7a.strata.runtime.UiSessionState$Closed#type:25:java.lang.Object:dev.s7a.strata.runtime.UiSessionState
core	Core	dev.s7a.strata.runtime.UiSessionState$Created#field:25:INSTANCE:Ldev/s7a/strata/runtime/UiSessionState$Created;
core	Core	dev.s7a.strata.runtime.UiSessionState$Created#method:1:equals:(Ljava/lang/Object;)Z
core	Core	dev.s7a.strata.runtime.UiSessionState$Created#method:1:hashCode:()I
core	Core	dev.s7a.strata.runtime.UiSessionState$Created#method:1:toString:()Ljava/lang/String;
core	Core	dev.s7a.strata.runtime.UiSessionState$Created#type:25:java.lang.Object:dev.s7a.strata.runtime.UiSessionState
core	Core	dev.s7a.strata.runtime.UiSessionState$Detached#field:25:INSTANCE:Ldev/s7a/strata/runtime/UiSessionState$Detached;
core	Core	dev.s7a.strata.runtime.UiSessionState$Detached#method:1:equals:(Ljava/lang/Object;)Z
core	Core	dev.s7a.strata.runtime.UiSessionState$Detached#method:1:hashCode:()I
core	Core	dev.s7a.strata.runtime.UiSessionState$Detached#method:1:toString:()Ljava/lang/String;
core	Core	dev.s7a.strata.runtime.UiSessionState$Detached#type:25:java.lang.Object:dev.s7a.strata.runtime.UiSessionState
core	Core	dev.s7a.strata.runtime.UiSessionState$Failed#constructor:1:(Ljava/lang/Throwable;)V
core	Core	dev.s7a.strata.runtime.UiSessionState$Failed#method:17:component1:()Ljava/lang/Throwable;
core	Core	dev.s7a.strata.runtime.UiSessionState$Failed#method:17:copy:(Ljava/lang/Throwable;)Ldev/s7a/strata/runtime/UiSessionState$Failed;
core	Core	dev.s7a.strata.runtime.UiSessionState$Failed#method:17:getCause:()Ljava/lang/Throwable;
core	Core	dev.s7a.strata.runtime.UiSessionState$Failed#method:1:equals:(Ljava/lang/Object;)Z
core	Core	dev.s7a.strata.runtime.UiSessionState$Failed#method:1:hashCode:()I
core	Core	dev.s7a.strata.runtime.UiSessionState$Failed#method:1:toString:()Ljava/lang/String;
core	Core	dev.s7a.strata.runtime.UiSessionState$Failed#type:25:java.lang.Object:dev.s7a.strata.runtime.UiSessionState
core	Core	dev.s7a.strata.runtime.UiTaskFailureDecision#field:16409:Continue:Ldev/s7a/strata/runtime/UiTaskFailureDecision;
core	Core	dev.s7a.strata.runtime.UiTaskFailureDecision#field:16409:FailSession:Ldev/s7a/strata/runtime/UiTaskFailureDecision;
core	Core	dev.s7a.strata.runtime.UiTaskFailureDecision#method:9:getEntries:()Lkotlin/enums/EnumEntries;
core	Core	dev.s7a.strata.runtime.UiTaskFailureDecision#method:9:valueOf:(Ljava/lang/String;)Ldev/s7a/strata/runtime/UiTaskFailureDecision;
core	Core	dev.s7a.strata.runtime.UiTaskFailureDecision#method:9:values:()[Ldev/s7a/strata/runtime/UiTaskFailureDecision;
core	Core	dev.s7a.strata.runtime.UiTaskFailureDecision#type:16401:java.lang.Enum:
core	Core	dev.s7a.strata.runtime.UiTree#constructor:1:()V
core	Core	dev.s7a.strata.runtime.UiTree#constructor:1:(Ldev/s7a/strata/ui/UiSession;)V
core	Core	dev.s7a.strata.runtime.UiTree#method:17:advanceFrame$dev_s7a_strata_core:(Ldev/s7a/strata/runtime/FrameTime;)V
core	Core	dev.s7a.strata.runtime.UiTree#method:17:captureFrameState$dev_s7a_strata_core:()V
core	Core	dev.s7a.strata.runtime.UiTree#method:17:commitFrameState$dev_s7a_strata_core:()V
core	Core	dev.s7a.strata.runtime.UiTree#method:17:dispatchKeyboard:(Ldev/s7a/strata/input/KeyboardEvent;)Ldev/s7a/strata/input/InputResult;
core	Core	dev.s7a.strata.runtime.UiTree#method:17:dispatchPointer:(Ldev/s7a/strata/input/PointerEvent;)Ldev/s7a/strata/input/InputResult;
core	Core	dev.s7a.strata.runtime.UiTree#method:17:dispatchTextInput:(Ldev/s7a/strata/input/TextInputEvent;)Ldev/s7a/strata/input/InputResult;
core	Core	dev.s7a.strata.runtime.UiTree#method:17:finishFrameState$dev_s7a_strata_core:()V
core	Core	dev.s7a.strata.runtime.UiTree#method:17:getMonitoring$dev_s7a_strata_core:()Ldev/s7a/strata/runtime/RenderMonitoring;
core	Core	dev.s7a.strata.runtime.UiTree#method:17:getState:()Ldev/s7a/strata/runtime/TreeState;
core	Core	dev.s7a.strata.runtime.UiTree#method:17:getStateObservation$dev_s7a_strata_core:()Ldev/s7a/strata/state/StateObservation;
core	Core	dev.s7a.strata.runtime.UiTree#method:17:layout:()V
core	Core	dev.s7a.strata.runtime.UiTree#method:17:measure:(Ldev/s7a/strata/geometry/Constraints;)Ldev/s7a/strata/geometry/IntSize;
core	Core	dev.s7a.strata.runtime.UiTree#method:17:paint:()Ljava/util/List;
core	Core	dev.s7a.strata.runtime.UiTree#method:17:projectDeclarations$dev_s7a_strata_core:(Lkotlin/jvm/functions/Function1;)Ljava/lang/Object;
core	Core	dev.s7a.strata.runtime.UiTree#method:17:refreshObservedContent$dev_s7a_strata_core:()V
core	Core	dev.s7a.strata.runtime.UiTree#method:17:semantics:()Ljava/util/List;
core	Core	dev.s7a.strata.runtime.UiTree#method:17:sessionAttached$dev_s7a_strata_core:()V
core	Core	dev.s7a.strata.runtime.UiTree#method:17:sessionDetached$dev_s7a_strata_core:()V
core	Core	dev.s7a.strata.runtime.UiTree#method:17:setStateObservation$dev_s7a_strata_core:(Ldev/s7a/strata/state/StateObservation;)V
core	Core	dev.s7a.strata.runtime.UiTree#method:17:startMonitoring$dev_s7a_strata_core:(ILkotlin/jvm/functions/Function0;)Ldev/s7a/strata/runtime/diagnostics/UiRenderMonitor;
core	Core	dev.s7a.strata.runtime.UiTree#method:17:update:(Ldev/s7a/strata/element/Element;)V
core	Core	dev.s7a.strata.runtime.UiTree#method:1:close:()V
core	Core	dev.s7a.strata.runtime.UiTree#method:1:startRenderMonitoring:()Ldev/s7a/strata/runtime/diagnostics/UiRenderMonitor;
core	Core	dev.s7a.strata.runtime.UiTree#method:1:startRenderMonitoring:(I)Ldev/s7a/strata/runtime/diagnostics/UiRenderMonitor;
core	Core	dev.s7a.strata.runtime.UiTree#type:17:java.lang.Object:dev.s7a.strata.runtime.spi.RuntimeUiDiagnosticsOwner,java.lang.AutoCloseable
core	Core	dev.s7a.strata.runtime.UnpresentedUiSession#constructor:1:(Lkotlin/jvm/functions/Function0;)V
core	Core	dev.s7a.strata.runtime.UnpresentedUiSession#method:17:finish:(Ldev/s7a/strata/ui/UiCloseReason;)V
core	Core	dev.s7a.strata.runtime.UnpresentedUiSession#method:1:close:()V
core	Core	dev.s7a.strata.runtime.UnpresentedUiSession#method:1:getInputPolicy:()Ldev/s7a/strata/ui/UiInputPolicy;
core	Core	dev.s7a.strata.runtime.UnpresentedUiSession#method:1:getInteractionMode:()Ldev/s7a/strata/ui/UiInteractionMode;
core	Core	dev.s7a.strata.runtime.UnpresentedUiSession#method:1:getPresentation:()Ldev/s7a/strata/ui/UiPresentation;
core	Core	dev.s7a.strata.runtime.UnpresentedUiSession#method:1:getStatus:()Ldev/s7a/strata/ui/UiSessionStatus;
core	Core	dev.s7a.strata.runtime.UnpresentedUiSession#method:1:setInputPolicy:(Ldev/s7a/strata/ui/UiInputPolicy;)Ldev/s7a/strata/ui/UiOperationResult;
core	Core	dev.s7a.strata.runtime.UnpresentedUiSession#method:1:setInteractionMode:(Ldev/s7a/strata/ui/UiInteractionMode;)Ldev/s7a/strata/ui/UiOperationResult;
core	Core	dev.s7a.strata.runtime.UnpresentedUiSession#method:1:switch:(Ldev/s7a/strata/ui/UiPresentation;)Ldev/s7a/strata/ui/UiOperationResult;
core	Core	dev.s7a.strata.runtime.UnpresentedUiSession#type:17:java.lang.Object:dev.s7a.strata.ui.UiSession
core	Core	dev.s7a.strata.runtime.diagnostics.UiRenderMetric#field:16409:AncestorInvalidation:Ldev/s7a/strata/runtime/diagnostics/UiRenderMetric;
core	Core	dev.s7a.strata.runtime.diagnostics.UiRenderMetric#field:16409:ConsumerNotification:Ldev/s7a/strata/runtime/diagnostics/UiRenderMetric;
core	Core	dev.s7a.strata.runtime.diagnostics.UiRenderMetric#field:16409:ContentEvaluation:Ldev/s7a/strata/runtime/diagnostics/UiRenderMetric;
core	Core	dev.s7a.strata.runtime.diagnostics.UiRenderMetric#field:16409:ContentEvaluationSuccess:Ldev/s7a/strata/runtime/diagnostics/UiRenderMetric;
core	Core	dev.s7a.strata.runtime.diagnostics.UiRenderMetric#field:16409:FrameAttempt:Ldev/s7a/strata/runtime/diagnostics/UiRenderMetric;
core	Core	dev.s7a.strata.runtime.diagnostics.UiRenderMetric#field:16409:FrameCacheHit:Ldev/s7a/strata/runtime/diagnostics/UiRenderMetric;
core	Core	dev.s7a.strata.runtime.diagnostics.UiRenderMetric#field:16409:FrameFailure:Ldev/s7a/strata/runtime/diagnostics/UiRenderMetric;
core	Core	dev.s7a.strata.runtime.diagnostics.UiRenderMetric#field:16409:FrameSuccess:Ldev/s7a/strata/runtime/diagnostics/UiRenderMetric;
core	Core	dev.s7a.strata.runtime.diagnostics.UiRenderMetric#field:16409:InitialContent:Ldev/s7a/strata/runtime/diagnostics/UiRenderMetric;
core	Core	dev.s7a.strata.runtime.diagnostics.UiRenderMetric#field:16409:Layout:Ldev/s7a/strata/runtime/diagnostics/UiRenderMetric;
core	Core	dev.s7a.strata.runtime.diagnostics.UiRenderMetric#field:16409:LocalInvalidation:Ldev/s7a/strata/runtime/diagnostics/UiRenderMetric;
core	Core	dev.s7a.strata.runtime.diagnostics.UiRenderMetric#field:16409:Measure:Ldev/s7a/strata/runtime/diagnostics/UiRenderMetric;
core	Core	dev.s7a.strata.runtime.diagnostics.UiRenderMetric#field:16409:NodeCreate:Ldev/s7a/strata/runtime/diagnostics/UiRenderMetric;
core	Core	dev.s7a.strata.runtime.diagnostics.UiRenderMetric#field:16409:NodeDispose:Ldev/s7a/strata/runtime/diagnostics/UiRenderMetric;
core	Core	dev.s7a.strata.runtime.diagnostics.UiRenderMetric#field:16409:NodeUpdate:Ldev/s7a/strata/runtime/diagnostics/UiRenderMetric;
core	Core	dev.s7a.strata.runtime.diagnostics.UiRenderMetric#field:16409:ObserveEvaluation:Ldev/s7a/strata/runtime/diagnostics/UiRenderMetric;
core	Core	dev.s7a.strata.runtime.diagnostics.UiRenderMetric#field:16409:OverlayPaint:Ldev/s7a/strata/runtime/diagnostics/UiRenderMetric;
core	Core	dev.s7a.strata.runtime.diagnostics.UiRenderMetric#field:16409:Paint:Ldev/s7a/strata/runtime/diagnostics/UiRenderMetric;
core	Core	dev.s7a.strata.runtime.diagnostics.UiRenderMetric#field:16409:ParentDefinitionContent:Ldev/s7a/strata/runtime/diagnostics/UiRenderMetric;
core	Core	dev.s7a.strata.runtime.diagnostics.UiRenderMetric#field:16409:Projection:Ldev/s7a/strata/runtime/diagnostics/UiRenderMetric;
core	Core	dev.s7a.strata.runtime.diagnostics.UiRenderMetric#field:16409:ProjectionEqual:Ldev/s7a/strata/runtime/diagnostics/UiRenderMetric;
core	Core	dev.s7a.strata.runtime.diagnostics.UiRenderMetric#field:16409:RootEvaluation:Ldev/s7a/strata/runtime/diagnostics/UiRenderMetric;
core	Core	dev.s7a.strata.runtime.diagnostics.UiRenderMetric#field:16409:RootOverlayPaint:Ldev/s7a/strata/runtime/diagnostics/UiRenderMetric;
core	Core	dev.s7a.strata.runtime.diagnostics.UiRenderMetric#field:16409:RootValueChange:Ldev/s7a/strata/runtime/diagnostics/UiRenderMetric;
core	Core	dev.s7a.strata.runtime.diagnostics.UiRenderMetric#field:16409:RowEvaluation:Ldev/s7a/strata/runtime/diagnostics/UiRenderMetric;
core	Core	dev.s7a.strata.runtime.diagnostics.UiRenderMetric#field:16409:Semantics:Ldev/s7a/strata/runtime/diagnostics/UiRenderMetric;
core	Core	dev.s7a.strata.runtime.diagnostics.UiRenderMetric#field:16409:SourceContent:Ldev/s7a/strata/runtime/diagnostics/UiRenderMetric;
core	Core	dev.s7a.strata.runtime.diagnostics.UiRenderMetric#field:16409:SourceReplacementContent:Ldev/s7a/strata/runtime/diagnostics/UiRenderMetric;
core	Core	dev.s7a.strata.runtime.diagnostics.UiRenderMetric#field:16409:StateComponentEvaluation:Ldev/s7a/strata/runtime/diagnostics/UiRenderMetric;
core	Core	dev.s7a.strata.runtime.diagnostics.UiRenderMetric#field:16409:StructureInvalidation:Ldev/s7a/strata/runtime/diagnostics/UiRenderMetric;
core	Core	dev.s7a.strata.runtime.diagnostics.UiRenderMetric#field:16409:SubscriptionClose:Ldev/s7a/strata/runtime/diagnostics/UiRenderMetric;
core	Core	dev.s7a.strata.runtime.diagnostics.UiRenderMetric#field:16409:SubscriptionOpen:Ldev/s7a/strata/runtime/diagnostics/UiRenderMetric;
core	Core	dev.s7a.strata.runtime.diagnostics.UiRenderMetric#method:9:getEntries:()Lkotlin/enums/EnumEntries;
core	Core	dev.s7a.strata.runtime.diagnostics.UiRenderMetric#method:9:valueOf:(Ljava/lang/String;)Ldev/s7a/strata/runtime/diagnostics/UiRenderMetric;
core	Core	dev.s7a.strata.runtime.diagnostics.UiRenderMetric#method:9:values:()[Ldev/s7a/strata/runtime/diagnostics/UiRenderMetric;
core	Core	dev.s7a.strata.runtime.diagnostics.UiRenderMetric#type:16401:java.lang.Enum:
core	Core	dev.s7a.strata.runtime.diagnostics.UiRenderMonitor#method:1025:checkpoint:()V
core	Core	dev.s7a.strata.runtime.diagnostics.UiRenderMonitor#method:1025:close:()V
core	Core	dev.s7a.strata.runtime.diagnostics.UiRenderMonitor#method:1025:findNodes:(Ldev/s7a/strata/element/ElementKey;)Ljava/util/List;
core	Core	dev.s7a.strata.runtime.diagnostics.UiRenderMonitor#method:1025:snapshot:()Ldev/s7a/strata/runtime/diagnostics/UiRenderSnapshot;
core	Core	dev.s7a.strata.runtime.diagnostics.UiRenderMonitor#type:1537::java.lang.AutoCloseable
core	Core	dev.s7a.strata.runtime.diagnostics.UiRenderNodeId#method:17:getValue:()J
core	Core	dev.s7a.strata.runtime.diagnostics.UiRenderNodeId#method:1:equals:(Ljava/lang/Object;)Z
core	Core	dev.s7a.strata.runtime.diagnostics.UiRenderNodeId#method:1:hashCode:()I
core	Core	dev.s7a.strata.runtime.diagnostics.UiRenderNodeId#method:1:toString:()Ljava/lang/String;
core	Core	dev.s7a.strata.runtime.diagnostics.UiRenderNodeId#method:25:equals-impl0:(JJ)Z
core	Core	dev.s7a.strata.runtime.diagnostics.UiRenderNodeId#method:9:constructor-impl:(J)J
core	Core	dev.s7a.strata.runtime.diagnostics.UiRenderNodeId#method:9:equals-impl:(JLjava/lang/Object;)Z
core	Core	dev.s7a.strata.runtime.diagnostics.UiRenderNodeId#method:9:hashCode-impl:(J)I
core	Core	dev.s7a.strata.runtime.diagnostics.UiRenderNodeId#method:9:toString-impl:(J)Ljava/lang/String;
core	Core	dev.s7a.strata.runtime.diagnostics.UiRenderNodeId#type:17:java.lang.Object:
core	Core	dev.s7a.strata.runtime.diagnostics.UiRenderNodeKind#field:16409:Component:Ldev/s7a/strata/runtime/diagnostics/UiRenderNodeKind;
core	Core	dev.s7a.strata.runtime.diagnostics.UiRenderNodeKind#field:16409:Modifier:Ldev/s7a/strata/runtime/diagnostics/UiRenderNodeKind;
core	Core	dev.s7a.strata.runtime.diagnostics.UiRenderNodeKind#method:9:getEntries:()Lkotlin/enums/EnumEntries;
core	Core	dev.s7a.strata.runtime.diagnostics.UiRenderNodeKind#method:9:valueOf:(Ljava/lang/String;)Ldev/s7a/strata/runtime/diagnostics/UiRenderNodeKind;
core	Core	dev.s7a.strata.runtime.diagnostics.UiRenderNodeKind#method:9:values:()[Ldev/s7a/strata/runtime/diagnostics/UiRenderNodeKind;
core	Core	dev.s7a.strata.runtime.diagnostics.UiRenderNodeKind#type:16401:java.lang.Enum:
core	Core	dev.s7a.strata.runtime.diagnostics.UiRenderNodeSnapshot#method:17:component1-qzpUuq0:()J
core	Core	dev.s7a.strata.runtime.diagnostics.UiRenderNodeSnapshot#method:17:component2-ELJ4UTI:()Ldev/s7a/strata/runtime/diagnostics/UiRenderNodeId;
core	Core	dev.s7a.strata.runtime.diagnostics.UiRenderNodeSnapshot#method:17:component3:()Ldev/s7a/strata/runtime/diagnostics/UiRenderNodeKind;
core	Core	dev.s7a.strata.runtime.diagnostics.UiRenderNodeSnapshot#method:17:component4:()Ljava/lang/String;
core	Core	dev.s7a.strata.runtime.diagnostics.UiRenderNodeSnapshot#method:17:component5:()Z
core	Core	dev.s7a.strata.runtime.diagnostics.UiRenderNodeSnapshot#method:17:component6:()Ljava/util/Map;
core	Core	dev.s7a.strata.runtime.diagnostics.UiRenderNodeSnapshot#method:17:component7:()Ljava/util/Map;
core	Core	dev.s7a.strata.runtime.diagnostics.UiRenderNodeSnapshot#method:17:copy-jfsi6QE:(JLdev/s7a/strata/runtime/diagnostics/UiRenderNodeId;Ldev/s7a/strata/runtime/diagnostics/UiRenderNodeKind;Ljava/lang/String;ZLjava/util/Map;Ljava/util/Map;)Ldev/s7a/strata/runtime/diagnostics/UiRenderNodeSnapshot;
core	Core	dev.s7a.strata.runtime.diagnostics.UiRenderNodeSnapshot#method:17:getCounts:()Ljava/util/Map;
core	Core	dev.s7a.strata.runtime.diagnostics.UiRenderNodeSnapshot#method:17:getId-qzpUuq0:()J
core	Core	dev.s7a.strata.runtime.diagnostics.UiRenderNodeSnapshot#method:17:getKind:()Ldev/s7a/strata/runtime/diagnostics/UiRenderNodeKind;
core	Core	dev.s7a.strata.runtime.diagnostics.UiRenderNodeSnapshot#method:17:getOperations:()Ljava/util/Map;
core	Core	dev.s7a.strata.runtime.diagnostics.UiRenderNodeSnapshot#method:17:getParentId-ELJ4UTI:()Ldev/s7a/strata/runtime/diagnostics/UiRenderNodeId;
core	Core	dev.s7a.strata.runtime.diagnostics.UiRenderNodeSnapshot#method:17:getRetired:()Z
core	Core	dev.s7a.strata.runtime.diagnostics.UiRenderNodeSnapshot#method:17:getTypeName:()Ljava/lang/String;
core	Core	dev.s7a.strata.runtime.diagnostics.UiRenderNodeSnapshot#method:1:equals:(Ljava/lang/Object;)Z
core	Core	dev.s7a.strata.runtime.diagnostics.UiRenderNodeSnapshot#method:1:hashCode:()I
core	Core	dev.s7a.strata.runtime.diagnostics.UiRenderNodeSnapshot#method:1:toString:()Ljava/lang/String;
core	Core	dev.s7a.strata.runtime.diagnostics.UiRenderNodeSnapshot#type:17:java.lang.Object:
core	Core	dev.s7a.strata.runtime.diagnostics.UiRenderOperation#field:16409:Attach:Ldev/s7a/strata/runtime/diagnostics/UiRenderOperation;
core	Core	dev.s7a.strata.runtime.diagnostics.UiRenderOperation#field:16409:Frame:Ldev/s7a/strata/runtime/diagnostics/UiRenderOperation;
core	Core	dev.s7a.strata.runtime.diagnostics.UiRenderOperation#field:16409:InputGeometry:Ldev/s7a/strata/runtime/diagnostics/UiRenderOperation;
core	Core	dev.s7a.strata.runtime.diagnostics.UiRenderOperation#field:16409:Other:Ldev/s7a/strata/runtime/diagnostics/UiRenderOperation;
core	Core	dev.s7a.strata.runtime.diagnostics.UiRenderOperation#method:9:getEntries:()Lkotlin/enums/EnumEntries;
core	Core	dev.s7a.strata.runtime.diagnostics.UiRenderOperation#method:9:valueOf:(Ljava/lang/String;)Ldev/s7a/strata/runtime/diagnostics/UiRenderOperation;
core	Core	dev.s7a.strata.runtime.diagnostics.UiRenderOperation#method:9:values:()[Ldev/s7a/strata/runtime/diagnostics/UiRenderOperation;
core	Core	dev.s7a.strata.runtime.diagnostics.UiRenderOperation#type:16401:java.lang.Enum:
core	Core	dev.s7a.strata.runtime.diagnostics.UiRenderSnapshot#constructor:1:(Ljava/util/Map;Ljava/util/Map;Ljava/util/List;IZ)V
core	Core	dev.s7a.strata.runtime.diagnostics.UiRenderSnapshot#method:17:component1:()Ljava/util/Map;
core	Core	dev.s7a.strata.runtime.diagnostics.UiRenderSnapshot#method:17:component2:()Ljava/util/Map;
core	Core	dev.s7a.strata.runtime.diagnostics.UiRenderSnapshot#method:17:component3:()Ljava/util/List;
core	Core	dev.s7a.strata.runtime.diagnostics.UiRenderSnapshot#method:17:component4:()I
core	Core	dev.s7a.strata.runtime.diagnostics.UiRenderSnapshot#method:17:component5:()Z
core	Core	dev.s7a.strata.runtime.diagnostics.UiRenderSnapshot#method:17:copy:(Ljava/util/Map;Ljava/util/Map;Ljava/util/List;IZ)Ldev/s7a/strata/runtime/diagnostics/UiRenderSnapshot;
core	Core	dev.s7a.strata.runtime.diagnostics.UiRenderSnapshot#method:17:getActiveSubscriptions:()I
core	Core	dev.s7a.strata.runtime.diagnostics.UiRenderSnapshot#method:17:getCounts:()Ljava/util/Map;
core	Core	dev.s7a.strata.runtime.diagnostics.UiRenderSnapshot#method:17:getNodes:()Ljava/util/List;
core	Core	dev.s7a.strata.runtime.diagnostics.UiRenderSnapshot#method:17:getOperations:()Ljava/util/Map;
core	Core	dev.s7a.strata.runtime.diagnostics.UiRenderSnapshot#method:17:getOverflowed:()Z
core	Core	dev.s7a.strata.runtime.diagnostics.UiRenderSnapshot#method:1:equals:(Ljava/lang/Object;)Z
core	Core	dev.s7a.strata.runtime.diagnostics.UiRenderSnapshot#method:1:hashCode:()I
core	Core	dev.s7a.strata.runtime.diagnostics.UiRenderSnapshot#method:1:toString:()Ljava/lang/String;
core	Core	dev.s7a.strata.runtime.diagnostics.UiRenderSnapshot#type:17:java.lang.Object:
core	Core	dev.s7a.strata.runtime.platform.DiagnosticNamesKt#method:25:diagnosticName:(Ljava/lang/Object;)Ljava/lang/String;
core	Core	dev.s7a.strata.runtime.platform.DiagnosticNamesKt#type:17:java.lang.Object:
core	Core	dev.s7a.strata.runtime.platform.IdentityMap#constructor:1:()V
core	Core	dev.s7a.strata.runtime.platform.IdentityMap#method:17:clear:()V
core	Core	dev.s7a.strata.runtime.platform.IdentityMap#method:17:get:(Ljava/lang/Object;)Ljava/lang/Object;
core	Core	dev.s7a.strata.runtime.platform.IdentityMap#method:17:getValues:()Ljava/util/List;
core	Core	dev.s7a.strata.runtime.platform.IdentityMap#method:17:remove:(Ljava/lang/Object;)Ljava/lang/Object;
core	Core	dev.s7a.strata.runtime.platform.IdentityMap#method:17:set:(Ljava/lang/Object;Ljava/lang/Object;)V
core	Core	dev.s7a.strata.runtime.platform.IdentityMap#type:17:java.lang.Object:
core	Core	dev.s7a.strata.runtime.platform.IdentitySetsKt#method:25:identitySet:()Ljava/util/Set;
core	Core	dev.s7a.strata.runtime.platform.IdentitySetsKt#type:17:java.lang.Object:
core	Core	dev.s7a.strata.runtime.platform.SynchronizationKt#method:25:synchronized:(Ljava/lang/Object;Lkotlin/jvm/functions/Function0;)Ljava/lang/Object;
core	Core	dev.s7a.strata.runtime.platform.SynchronizationKt#type:17:java.lang.Object:
core	Core	dev.s7a.strata.runtime.platform.ThreadsKt#method:25:currentThread:()Ljava/lang/Object;
core	Core	dev.s7a.strata.runtime.platform.ThreadsKt#type:17:java.lang.Object:
core	Core	dev.s7a.strata.runtime.render.DrawCommand#type:1537::
core	Core	dev.s7a.strata.runtime.render.DrawCommand$BlitImage#constructor:1:(Ldev/s7a/strata/render/DrawImage;Ldev/s7a/strata/geometry/IntRect;Ldev/s7a/strata/geometry/IntRect;)V
core	Core	dev.s7a.strata.runtime.render.DrawCommand$BlitImage#method:17:component1:()Ldev/s7a/strata/render/DrawImage;
core	Core	dev.s7a.strata.runtime.render.DrawCommand$BlitImage#method:17:component2:()Ldev/s7a/strata/geometry/IntRect;
core	Core	dev.s7a.strata.runtime.render.DrawCommand$BlitImage#method:17:component3:()Ldev/s7a/strata/geometry/IntRect;
core	Core	dev.s7a.strata.runtime.render.DrawCommand$BlitImage#method:17:copy:(Ldev/s7a/strata/render/DrawImage;Ldev/s7a/strata/geometry/IntRect;Ldev/s7a/strata/geometry/IntRect;)Ldev/s7a/strata/runtime/render/DrawCommand$BlitImage;
core	Core	dev.s7a.strata.runtime.render.DrawCommand$BlitImage#method:17:getDestination:()Ldev/s7a/strata/geometry/IntRect;
core	Core	dev.s7a.strata.runtime.render.DrawCommand$BlitImage#method:17:getImage:()Ldev/s7a/strata/render/DrawImage;
core	Core	dev.s7a.strata.runtime.render.DrawCommand$BlitImage#method:17:getSource:()Ldev/s7a/strata/geometry/IntRect;
core	Core	dev.s7a.strata.runtime.render.DrawCommand$BlitImage#method:1:equals:(Ljava/lang/Object;)Z
core	Core	dev.s7a.strata.runtime.render.DrawCommand$BlitImage#method:1:hashCode:()I
core	Core	dev.s7a.strata.runtime.render.DrawCommand$BlitImage#method:1:toString:()Ljava/lang/String;
core	Core	dev.s7a.strata.runtime.render.DrawCommand$BlitImage#type:25:java.lang.Object:dev.s7a.strata.runtime.render.DrawCommand
core	Core	dev.s7a.strata.runtime.render.DrawCommand$BlitImagePixels#constructor:1:(Ldev/s7a/strata/render/DrawImage;Ldev/s7a/strata/geometry/IntRect;Ldev/s7a/strata/geometry/IntRect;)V
core	Core	dev.s7a.strata.runtime.render.DrawCommand$BlitImagePixels#method:17:component1:()Ldev/s7a/strata/render/DrawImage;
core	Core	dev.s7a.strata.runtime.render.DrawCommand$BlitImagePixels#method:17:component2:()Ldev/s7a/strata/geometry/IntRect;
core	Core	dev.s7a.strata.runtime.render.DrawCommand$BlitImagePixels#method:17:component3:()Ldev/s7a/strata/geometry/IntRect;
core	Core	dev.s7a.strata.runtime.render.DrawCommand$BlitImagePixels#method:17:copy:(Ldev/s7a/strata/render/DrawImage;Ldev/s7a/strata/geometry/IntRect;Ldev/s7a/strata/geometry/IntRect;)Ldev/s7a/strata/runtime/render/DrawCommand$BlitImagePixels;
core	Core	dev.s7a.strata.runtime.render.DrawCommand$BlitImagePixels#method:17:getDestination:()Ldev/s7a/strata/geometry/IntRect;
core	Core	dev.s7a.strata.runtime.render.DrawCommand$BlitImagePixels#method:17:getImage:()Ldev/s7a/strata/render/DrawImage;
core	Core	dev.s7a.strata.runtime.render.DrawCommand$BlitImagePixels#method:17:getSource:()Ldev/s7a/strata/geometry/IntRect;
core	Core	dev.s7a.strata.runtime.render.DrawCommand$BlitImagePixels#method:1:equals:(Ljava/lang/Object;)Z
core	Core	dev.s7a.strata.runtime.render.DrawCommand$BlitImagePixels#method:1:hashCode:()I
core	Core	dev.s7a.strata.runtime.render.DrawCommand$BlitImagePixels#method:1:toString:()Ljava/lang/String;
core	Core	dev.s7a.strata.runtime.render.DrawCommand$BlitImagePixels#type:25:java.lang.Object:dev.s7a.strata.runtime.render.DrawCommand
core	Core	dev.s7a.strata.runtime.render.DrawCommand$FillRectangle#method:17:component1:()Ldev/s7a/strata/geometry/IntRect;
core	Core	dev.s7a.strata.runtime.render.DrawCommand$FillRectangle#method:17:component2-e0e5deU:()I
core	Core	dev.s7a.strata.runtime.render.DrawCommand$FillRectangle#method:17:copy-RtejO-o:(Ldev/s7a/strata/geometry/IntRect;I)Ldev/s7a/strata/runtime/render/DrawCommand$FillRectangle;
core	Core	dev.s7a.strata.runtime.render.DrawCommand$FillRectangle#method:17:getBounds:()Ldev/s7a/strata/geometry/IntRect;
core	Core	dev.s7a.strata.runtime.render.DrawCommand$FillRectangle#method:17:getColor-e0e5deU:()I
core	Core	dev.s7a.strata.runtime.render.DrawCommand$FillRectangle#method:1:equals:(Ljava/lang/Object;)Z
core	Core	dev.s7a.strata.runtime.render.DrawCommand$FillRectangle#method:1:hashCode:()I
core	Core	dev.s7a.strata.runtime.render.DrawCommand$FillRectangle#method:1:toString:()Ljava/lang/String;
core	Core	dev.s7a.strata.runtime.render.DrawCommand$FillRectangle#type:25:java.lang.Object:dev.s7a.strata.runtime.render.DrawCommand
core	Core	dev.s7a.strata.runtime.render.DrawCommand$Platform#constructor:1:(Ldev/s7a/strata/render/PlatformDrawCommand;Ldev/s7a/strata/geometry/IntRect;)V
core	Core	dev.s7a.strata.runtime.render.DrawCommand$Platform#method:17:component1:()Ldev/s7a/strata/render/PlatformDrawCommand;
core	Core	dev.s7a.strata.runtime.render.DrawCommand$Platform#method:17:component2:()Ldev/s7a/strata/geometry/IntRect;
core	Core	dev.s7a.strata.runtime.render.DrawCommand$Platform#method:17:copy:(Ldev/s7a/strata/render/PlatformDrawCommand;Ldev/s7a/strata/geometry/IntRect;)Ldev/s7a/strata/runtime/render/DrawCommand$Platform;
core	Core	dev.s7a.strata.runtime.render.DrawCommand$Platform#method:17:getBounds:()Ldev/s7a/strata/geometry/IntRect;
core	Core	dev.s7a.strata.runtime.render.DrawCommand$Platform#method:17:getCommand:()Ldev/s7a/strata/render/PlatformDrawCommand;
core	Core	dev.s7a.strata.runtime.render.DrawCommand$Platform#method:1:equals:(Ljava/lang/Object;)Z
core	Core	dev.s7a.strata.runtime.render.DrawCommand$Platform#method:1:hashCode:()I
core	Core	dev.s7a.strata.runtime.render.DrawCommand$Platform#method:1:toString:()Ljava/lang/String;
core	Core	dev.s7a.strata.runtime.render.DrawCommand$Platform#type:25:java.lang.Object:dev.s7a.strata.runtime.render.DrawCommand
core	Core	dev.s7a.strata.runtime.render.DrawCommand$PopClip#field:25:INSTANCE:Ldev/s7a/strata/runtime/render/DrawCommand$PopClip;
core	Core	dev.s7a.strata.runtime.render.DrawCommand$PopClip#method:1:equals:(Ljava/lang/Object;)Z
core	Core	dev.s7a.strata.runtime.render.DrawCommand$PopClip#method:1:hashCode:()I
core	Core	dev.s7a.strata.runtime.render.DrawCommand$PopClip#method:1:toString:()Ljava/lang/String;
core	Core	dev.s7a.strata.runtime.render.DrawCommand$PopClip#type:25:java.lang.Object:dev.s7a.strata.runtime.render.DrawCommand
core	Core	dev.s7a.strata.runtime.render.DrawCommand$PushClip#constructor:1:(Ldev/s7a/strata/geometry/IntRect;)V
core	Core	dev.s7a.strata.runtime.render.DrawCommand$PushClip#method:17:component1:()Ldev/s7a/strata/geometry/IntRect;
core	Core	dev.s7a.strata.runtime.render.DrawCommand$PushClip#method:17:copy:(Ldev/s7a/strata/geometry/IntRect;)Ldev/s7a/strata/runtime/render/DrawCommand$PushClip;
core	Core	dev.s7a.strata.runtime.render.DrawCommand$PushClip#method:17:getBounds:()Ldev/s7a/strata/geometry/IntRect;
core	Core	dev.s7a.strata.runtime.render.DrawCommand$PushClip#method:1:equals:(Ljava/lang/Object;)Z
core	Core	dev.s7a.strata.runtime.render.DrawCommand$PushClip#method:1:hashCode:()I
core	Core	dev.s7a.strata.runtime.render.DrawCommand$PushClip#method:1:toString:()Ljava/lang/String;
core	Core	dev.s7a.strata.runtime.render.DrawCommand$PushClip#type:25:java.lang.Object:dev.s7a.strata.runtime.render.DrawCommand
core	Core	dev.s7a.strata.runtime.render.DrawCommand$PushFractionalClip#constructor:1:(Ldev/s7a/strata/geometry/FloatRect;)V
core	Core	dev.s7a.strata.runtime.render.DrawCommand$PushFractionalClip#method:17:component1:()Ldev/s7a/strata/geometry/FloatRect;
core	Core	dev.s7a.strata.runtime.render.DrawCommand$PushFractionalClip#method:17:copy:(Ldev/s7a/strata/geometry/FloatRect;)Ldev/s7a/strata/runtime/render/DrawCommand$PushFractionalClip;
core	Core	dev.s7a.strata.runtime.render.DrawCommand$PushFractionalClip#method:17:getBounds:()Ldev/s7a/strata/geometry/FloatRect;
core	Core	dev.s7a.strata.runtime.render.DrawCommand$PushFractionalClip#method:1:equals:(Ljava/lang/Object;)Z
core	Core	dev.s7a.strata.runtime.render.DrawCommand$PushFractionalClip#method:1:hashCode:()I
core	Core	dev.s7a.strata.runtime.render.DrawCommand$PushFractionalClip#method:1:toString:()Ljava/lang/String;
core	Core	dev.s7a.strata.runtime.render.DrawCommand$PushFractionalClip#type:25:java.lang.Object:dev.s7a.strata.runtime.render.DrawCommand
core	Core	dev.s7a.strata.runtime.render.DrawCommand$SampledImage#method:17:component1:()Ldev/s7a/strata/render/DrawImage;
core	Core	dev.s7a.strata.runtime.render.DrawCommand$SampledImage#method:17:component2:()Ldev/s7a/strata/geometry/FloatRect;
core	Core	dev.s7a.strata.runtime.render.DrawCommand$SampledImage#method:17:component3:()Ldev/s7a/strata/geometry/FloatRect;
core	Core	dev.s7a.strata.runtime.render.DrawCommand$SampledImage#method:17:component4-e0e5deU:()I
core	Core	dev.s7a.strata.runtime.render.DrawCommand$SampledImage#method:17:component5:()F
core	Core	dev.s7a.strata.runtime.render.DrawCommand$SampledImage#method:17:component6:()Ldev/s7a/strata/render/SampledImageOrientation;
core	Core	dev.s7a.strata.runtime.render.DrawCommand$SampledImage#method:17:copy-126x1NU:(Ldev/s7a/strata/render/DrawImage;Ldev/s7a/strata/geometry/FloatRect;Ldev/s7a/strata/geometry/FloatRect;IFLdev/s7a/strata/render/SampledImageOrientation;)Ldev/s7a/strata/runtime/render/DrawCommand$SampledImage;
core	Core	dev.s7a.strata.runtime.render.DrawCommand$SampledImage#method:17:getAlphaCutoff:()F
core	Core	dev.s7a.strata.runtime.render.DrawCommand$SampledImage#method:17:getDestination:()Ldev/s7a/strata/geometry/FloatRect;
core	Core	dev.s7a.strata.runtime.render.DrawCommand$SampledImage#method:17:getImage:()Ldev/s7a/strata/render/DrawImage;
core	Core	dev.s7a.strata.runtime.render.DrawCommand$SampledImage#method:17:getOrientation:()Ldev/s7a/strata/render/SampledImageOrientation;
core	Core	dev.s7a.strata.runtime.render.DrawCommand$SampledImage#method:17:getSource:()Ldev/s7a/strata/geometry/FloatRect;
core	Core	dev.s7a.strata.runtime.render.DrawCommand$SampledImage#method:17:getTint-e0e5deU:()I
core	Core	dev.s7a.strata.runtime.render.DrawCommand$SampledImage#method:1:equals:(Ljava/lang/Object;)Z
core	Core	dev.s7a.strata.runtime.render.DrawCommand$SampledImage#method:1:hashCode:()I
core	Core	dev.s7a.strata.runtime.render.DrawCommand$SampledImage#method:1:toString:()Ljava/lang/String;
core	Core	dev.s7a.strata.runtime.render.DrawCommand$SampledImage#type:25:java.lang.Object:dev.s7a.strata.runtime.render.DrawCommand
core	Core	dev.s7a.strata.runtime.semantics.SemanticsEntry#constructor:1:(Ldev/s7a/strata/geometry/IntRect;Ldev/s7a/strata/semantics/Semantics;)V
core	Core	dev.s7a.strata.runtime.semantics.SemanticsEntry#method:17:component1:()Ldev/s7a/strata/geometry/IntRect;
core	Core	dev.s7a.strata.runtime.semantics.SemanticsEntry#method:17:component2:()Ldev/s7a/strata/semantics/Semantics;
core	Core	dev.s7a.strata.runtime.semantics.SemanticsEntry#method:17:copy:(Ldev/s7a/strata/geometry/IntRect;Ldev/s7a/strata/semantics/Semantics;)Ldev/s7a/strata/runtime/semantics/SemanticsEntry;
core	Core	dev.s7a.strata.runtime.semantics.SemanticsEntry#method:17:getBounds:()Ldev/s7a/strata/geometry/IntRect;
core	Core	dev.s7a.strata.runtime.semantics.SemanticsEntry#method:17:getSemantics:()Ldev/s7a/strata/semantics/Semantics;
core	Core	dev.s7a.strata.runtime.semantics.SemanticsEntry#method:1:equals:(Ljava/lang/Object;)Z
core	Core	dev.s7a.strata.runtime.semantics.SemanticsEntry#method:1:hashCode:()I
core	Core	dev.s7a.strata.runtime.semantics.SemanticsEntry#method:1:toString:()Ljava/lang/String;
core	Core	dev.s7a.strata.runtime.semantics.SemanticsEntry#type:17:java.lang.Object:
core	Core	dev.s7a.strata.runtime.spi.RuntimeDeclaration#constructor:1:(JLdev/s7a/strata/element/Element;Ldev/s7a/strata/projection/DeclarationProjection;Ljava/util/List;Ljava/util/List;)V
core	Core	dev.s7a.strata.runtime.spi.RuntimeDeclaration#method:17:getChildren:()Ljava/util/List;
core	Core	dev.s7a.strata.runtime.spi.RuntimeDeclaration#method:17:getElement:()Ldev/s7a/strata/element/Element;
core	Core	dev.s7a.strata.runtime.spi.RuntimeDeclaration#method:17:getIdentity:()J
core	Core	dev.s7a.strata.runtime.spi.RuntimeDeclaration#method:17:getModifiers:()Ljava/util/List;
core	Core	dev.s7a.strata.runtime.spi.RuntimeDeclaration#method:17:getProjection:()Ldev/s7a/strata/projection/DeclarationProjection;
core	Core	dev.s7a.strata.runtime.spi.RuntimeDeclaration#type:17:java.lang.Object:
core	Core	dev.s7a.strata.runtime.spi.RuntimeDeclaration$Modifier#constructor:1:(JLdev/s7a/strata/modifier/ModifierElement;Ldev/s7a/strata/projection/DeclarationProjection;)V
core	Core	dev.s7a.strata.runtime.spi.RuntimeDeclaration$Modifier#method:17:getElement:()Ldev/s7a/strata/modifier/ModifierElement;
core	Core	dev.s7a.strata.runtime.spi.RuntimeDeclaration$Modifier#method:17:getIdentity:()J
core	Core	dev.s7a.strata.runtime.spi.RuntimeDeclaration$Modifier#method:17:getProjection:()Ldev/s7a/strata/projection/DeclarationProjection;
core	Core	dev.s7a.strata.runtime.spi.RuntimeDeclaration$Modifier#type:25:java.lang.Object:
core	Core	dev.s7a.strata.runtime.spi.RuntimeTextInputFocus#field:25:Companion:Ldev/s7a/strata/runtime/spi/RuntimeTextInputFocus$Companion;
core	Core	dev.s7a.strata.runtime.spi.RuntimeTextInputFocus#type:17:java.lang.Object:
core	Core	dev.s7a.strata.runtime.spi.RuntimeTextInputFocus$Companion#type:25:java.lang.Object:
core	Core	dev.s7a.strata.runtime.spi.RuntimeUiControl#constructor:1:(JLdev/s7a/strata/ui/UiPresentation;Ldev/s7a/strata/ui/UiInputPolicy;Ldev/s7a/strata/ui/UiInteractionMode;)V
core	Core	dev.s7a.strata.runtime.spi.RuntimeUiControl#method:17:component1:()J
core	Core	dev.s7a.strata.runtime.spi.RuntimeUiControl#method:17:component2:()Ldev/s7a/strata/ui/UiPresentation;
core	Core	dev.s7a.strata.runtime.spi.RuntimeUiControl#method:17:component3:()Ldev/s7a/strata/ui/UiInputPolicy;
core	Core	dev.s7a.strata.runtime.spi.RuntimeUiControl#method:17:component4:()Ldev/s7a/strata/ui/UiInteractionMode;
core	Core	dev.s7a.strata.runtime.spi.RuntimeUiControl#method:17:copy:(JLdev/s7a/strata/ui/UiPresentation;Ldev/s7a/strata/ui/UiInputPolicy;Ldev/s7a/strata/ui/UiInteractionMode;)Ldev/s7a/strata/runtime/spi/RuntimeUiControl;
core	Core	dev.s7a.strata.runtime.spi.RuntimeUiControl#method:17:getInputPolicy:()Ldev/s7a/strata/ui/UiInputPolicy;
core	Core	dev.s7a.strata.runtime.spi.RuntimeUiControl#method:17:getInteractionMode:()Ldev/s7a/strata/ui/UiInteractionMode;
core	Core	dev.s7a.strata.runtime.spi.RuntimeUiControl#method:17:getPresentation:()Ldev/s7a/strata/ui/UiPresentation;
core	Core	dev.s7a.strata.runtime.spi.RuntimeUiControl#method:17:getSequence:()J
core	Core	dev.s7a.strata.runtime.spi.RuntimeUiControl#method:1:equals:(Ljava/lang/Object;)Z
core	Core	dev.s7a.strata.runtime.spi.RuntimeUiControl#method:1:hashCode:()I
core	Core	dev.s7a.strata.runtime.spi.RuntimeUiControl#method:1:toString:()Ljava/lang/String;
core	Core	dev.s7a.strata.runtime.spi.RuntimeUiControl#type:17:java.lang.Object:
core	Core	dev.s7a.strata.runtime.spi.RuntimeUiController#constructor:1:(Ldev/s7a/strata/ui/UiPresentation;Ldev/s7a/strata/ui/UiInputPolicy;Lkotlin/jvm/functions/Function1;Lkotlin/jvm/functions/Function1;)V
core	Core	dev.s7a.strata.runtime.spi.RuntimeUiController#method:17:applied:(J)V
core	Core	dev.s7a.strata.runtime.spi.RuntimeUiController#method:17:rejected:(JLdev/s7a/strata/ui/UiRejection;)V
core	Core	dev.s7a.strata.runtime.spi.RuntimeUiController#method:17:start:()V
core	Core	dev.s7a.strata.runtime.spi.RuntimeUiController#method:17:terminate:(Ldev/s7a/strata/ui/UiCloseReason;)V
core	Core	dev.s7a.strata.runtime.spi.RuntimeUiController#method:17:transaction:(Lkotlin/jvm/functions/Function0;)Ljava/lang/Object;
core	Core	dev.s7a.strata.runtime.spi.RuntimeUiController#method:1:close:()V
core	Core	dev.s7a.strata.runtime.spi.RuntimeUiController#method:1:getInputPolicy:()Ldev/s7a/strata/ui/UiInputPolicy;
core	Core	dev.s7a.strata.runtime.spi.RuntimeUiController#method:1:getInteractionMode:()Ldev/s7a/strata/ui/UiInteractionMode;
core	Core	dev.s7a.strata.runtime.spi.RuntimeUiController#method:1:getPresentation:()Ldev/s7a/strata/ui/UiPresentation;
core	Core	dev.s7a.strata.runtime.spi.RuntimeUiController#method:1:getStatus:()Ldev/s7a/strata/ui/UiSessionStatus;
core	Core	dev.s7a.strata.runtime.spi.RuntimeUiController#method:1:setInputPolicy:(Ldev/s7a/strata/ui/UiInputPolicy;)Ldev/s7a/strata/ui/UiOperationResult;
core	Core	dev.s7a.strata.runtime.spi.RuntimeUiController#method:1:setInteractionMode:(Ldev/s7a/strata/ui/UiInteractionMode;)Ldev/s7a/strata/ui/UiOperationResult;
core	Core	dev.s7a.strata.runtime.spi.RuntimeUiController#method:1:switch:(Ldev/s7a/strata/ui/UiPresentation;)Ldev/s7a/strata/ui/UiOperationResult;
core	Core	dev.s7a.strata.runtime.spi.RuntimeUiController#type:17:java.lang.Object:dev.s7a.strata.ui.UiSession
core	Core	dev.s7a.strata.runtime.spi.RuntimeUiDiagnosticsOwner#method:1025:startRenderMonitoring:()Ldev/s7a/strata/runtime/diagnostics/UiRenderMonitor;
core	Core	dev.s7a.strata.runtime.spi.RuntimeUiDiagnosticsOwner#method:1:startRenderMonitoring:(I)Ldev/s7a/strata/runtime/diagnostics/UiRenderMonitor;
core	Core	dev.s7a.strata.runtime.spi.RuntimeUiDiagnosticsOwner#type:1537::
core	Core	dev.s7a.strata.runtime.spi.RuntimeUiDiagnosticsOwner$DefaultImpls#method:9:startRenderMonitoring:(Ldev/s7a/strata/runtime/spi/RuntimeUiDiagnosticsOwner;I)Ldev/s7a/strata/runtime/diagnostics/UiRenderMonitor;
core	Core	dev.s7a.strata.runtime.spi.RuntimeUiDiagnosticsOwner$DefaultImpls#type:25:java.lang.Object:
core	Core	dev.s7a.strata.runtime.spi.RuntimeUiFrame#method:1025:getDrawCommands:()Ljava/util/List;
core	Core	dev.s7a.strata.runtime.spi.RuntimeUiFrame#method:1025:getSemantics:()Ljava/util/List;
core	Core	dev.s7a.strata.runtime.spi.RuntimeUiFrame#method:1025:getSize:()Ldev/s7a/strata/geometry/IntSize;
core	Core	dev.s7a.strata.runtime.spi.RuntimeUiFrame#type:1537::
core	Core	dev.s7a.strata.runtime.spi.RuntimeUiFrameSnapshotKt#method:25:createRuntimeUiFrame:(Ldev/s7a/strata/geometry/IntSize;Ljava/util/List;Ljava/util/List;)Ldev/s7a/strata/runtime/spi/RuntimeUiFrame;
core	Core	dev.s7a.strata.runtime.spi.RuntimeUiFrameSnapshotKt#type:17:java.lang.Object:
core	Core	dev.s7a.strata.runtime.spi.RuntimeUiInput#constructor:1:(Ljava/util/Map;Lkotlin/jvm/functions/Function1;Lkotlin/jvm/functions/Function1;)V
core	Core	dev.s7a.strata.runtime.spi.RuntimeUiInput#method:17:configure:(Ldev/s7a/strata/ui/UiSession;Ldev/s7a/strata/ui/UiInputPolicy;Z)V
core	Core	dev.s7a.strata.runtime.spi.RuntimeUiInput#method:17:event:(Ljava/util/Collection;ZZ)V
core	Core	dev.s7a.strata.runtime.spi.RuntimeUiInput#method:17:reset:()V
core	Core	dev.s7a.strata.runtime.spi.RuntimeUiInput#method:1:close:()V
core	Core	dev.s7a.strata.runtime.spi.RuntimeUiInput#type:17:java.lang.Object:java.lang.AutoCloseable
core	Core	dev.s7a.strata.runtime.spi.RuntimeUiSession#method:1025:attach:()V
core	Core	dev.s7a.strata.runtime.spi.RuntimeUiSession#method:1025:close:()V
core	Core	dev.s7a.strata.runtime.spi.RuntimeUiSession#method:1025:detach:()V
core	Core	dev.s7a.strata.runtime.spi.RuntimeUiSession#method:1025:dispatchAction:(Lkotlin/jvm/functions/Function0;)V
core	Core	dev.s7a.strata.runtime.spi.RuntimeUiSession#method:1025:dispatchKeyboard:(Ldev/s7a/strata/input/KeyboardEvent;)Ldev/s7a/strata/input/InputResult;
core	Core	dev.s7a.strata.runtime.spi.RuntimeUiSession#method:1025:dispatchPointer:(Ldev/s7a/strata/input/PointerEvent;)Ldev/s7a/strata/input/InputResult;
core	Core	dev.s7a.strata.runtime.spi.RuntimeUiSession#method:1025:dispatchTextInput:(Ldev/s7a/strata/input/TextInputEvent;)Ldev/s7a/strata/input/InputResult;
core	Core	dev.s7a.strata.runtime.spi.RuntimeUiSession#method:1025:frame:(Ldev/s7a/strata/geometry/Constraints;)Ldev/s7a/strata/runtime/spi/RuntimeUiFrame;
core	Core	dev.s7a.strata.runtime.spi.RuntimeUiSession#method:1025:frame:(Ldev/s7a/strata/geometry/Constraints;Ldev/s7a/strata/runtime/FrameTime;)Ldev/s7a/strata/runtime/spi/RuntimeUiFrame;
core	Core	dev.s7a.strata.runtime.spi.RuntimeUiSession#method:1025:getTextInputFocus:()Ldev/s7a/strata/runtime/spi/RuntimeTextInputFocus;
core	Core	dev.s7a.strata.runtime.spi.RuntimeUiSession#method:1025:projectDeclarations:(Lkotlin/jvm/functions/Function1;)Ljava/lang/Object;
core	Core	dev.s7a.strata.runtime.spi.RuntimeUiSession#method:1025:resetInputState:()V
core	Core	dev.s7a.strata.runtime.spi.RuntimeUiSession#type:1537::dev.s7a.strata.runtime.spi.RuntimeUiDiagnosticsOwner,java.lang.AutoCloseable
core	Core	dev.s7a.strata.runtime.spi.RuntimeUiSession$DefaultImpls#method:9:startRenderMonitoring:(Ldev/s7a/strata/runtime/spi/RuntimeUiSession;I)Ldev/s7a/strata/runtime/diagnostics/UiRenderMonitor;
core	Core	dev.s7a.strata.runtime.spi.RuntimeUiSession$DefaultImpls#type:25:java.lang.Object:
core	Core	dev.s7a.strata.runtime.spi.RuntimeUiSessionFactory#method:25:createRuntimeUiSession:(Ldev/s7a/strata/ui/UiSession;Lkotlin/jvm/functions/Function0;)Ldev/s7a/strata/runtime/spi/RuntimeUiSession;
core	Core	dev.s7a.strata.runtime.spi.RuntimeUiSessionFactory#type:17:java.lang.Object:
minecraft	Minecraft	dev.s7a.strata.runtime.minecraft.MinecraftAsyncPlayerHeadElementKt#type:17:java.lang.Object:
minecraft	Minecraft	dev.s7a.strata.runtime.minecraft.MinecraftButtonPaintingKt#method:25:paintMinecraftButtonSprite:(Ldev/s7a/strata/render/PaintScope;Ldev/s7a/strata/runtime/minecraft/MinecraftButtonSpriteSnapshot;I)V
minecraft	Minecraft	dev.s7a.strata.runtime.minecraft.MinecraftButtonPaintingKt#type:17:java.lang.Object:
minecraft	Minecraft	dev.s7a.strata.runtime.minecraft.MinecraftButtonSpriteSnapshot#field:25:Companion:Ldev/s7a/strata/runtime/minecraft/MinecraftButtonSpriteSnapshot$Companion;
minecraft	Minecraft	dev.s7a.strata.runtime.minecraft.MinecraftButtonSpriteSnapshot#type:17:java.lang.Object:
minecraft	Minecraft	dev.s7a.strata.runtime.minecraft.MinecraftButtonSpriteSnapshot$Companion#type:25:java.lang.Object:
minecraft	Minecraft	dev.s7a.strata.runtime.minecraft.MinecraftCheckboxElementKt#method:25:createMinecraftCheckboxElement:(Ldev/s7a/strata/render/DrawImage;Ldev/s7a/strata/render/DrawImage;Ldev/s7a/strata/render/DrawImage;Ldev/s7a/strata/render/DrawImage;Ldev/s7a/strata/runtime/minecraft/MinecraftTextRun;Ldev/s7a/strata/runtime/minecraft/MinecraftTextRun;Ldev/s7a/strata/text/UiText;Ldev/s7a/strata/component/CheckboxState;IZLdev/s7a/strata/action/ActionDispatcher;Ldev/s7a/strata/modifier/Modifier;Ldev/s7a/strata/element/ElementKey;)Ldev/s7a/strata/element/Element;
minecraft	Minecraft	dev.s7a.strata.runtime.minecraft.MinecraftCheckboxElementKt#type:17:java.lang.Object:
minecraft	Minecraft	dev.s7a.strata.runtime.minecraft.MinecraftContainerBackgroundModifierKt#type:17:java.lang.Object:
minecraft	Minecraft	dev.s7a.strata.runtime.minecraft.MinecraftCycleButtonElementKt#method:25:createMinecraftCycleButtonElement:(Ldev/s7a/strata/runtime/minecraft/MinecraftButtonSpriteSnapshot;Ldev/s7a/strata/runtime/minecraft/MinecraftButtonSpriteSnapshot;Ldev/s7a/strata/runtime/minecraft/MinecraftButtonSpriteSnapshot;Ldev/s7a/strata/component/CycleButtonState;Ljava/util/List;IZLdev/s7a/strata/action/ActionDispatcher;Ldev/s7a/strata/modifier/Modifier;Ldev/s7a/strata/element/ElementKey;)Ldev/s7a/strata/element/Element;
minecraft	Minecraft	dev.s7a.strata.runtime.minecraft.MinecraftCycleButtonElementKt#type:17:java.lang.Object:
minecraft	Minecraft	dev.s7a.strata.runtime.minecraft.MinecraftGlyphSnapshot#field:25:Companion:Ldev/s7a/strata/runtime/minecraft/MinecraftGlyphSnapshot$Companion;
minecraft	Minecraft	dev.s7a.strata.runtime.minecraft.MinecraftGlyphSnapshot#type:17:java.lang.Object:
minecraft	Minecraft	dev.s7a.strata.runtime.minecraft.MinecraftGlyphSnapshot$Companion#type:25:java.lang.Object:
minecraft	Minecraft	dev.s7a.strata.runtime.minecraft.MinecraftHostImplementation#field:25:INSTANCE:Ldev/s7a/strata/runtime/minecraft/MinecraftHostImplementation;
minecraft	Minecraft	dev.s7a.strata.runtime.minecraft.MinecraftHostImplementation#type:17:java.lang.Object:
minecraft	Minecraft	dev.s7a.strata.runtime.minecraft.MinecraftImageBackgroundModifierKt#type:17:java.lang.Object:
minecraft	Minecraft	dev.s7a.strata.runtime.minecraft.MinecraftImageElementKt#type:17:java.lang.Object:
minecraft	Minecraft	dev.s7a.strata.runtime.minecraft.MinecraftInventorySlotBinding#method:1025:close:()V
minecraft	Minecraft	dev.s7a.strata.runtime.minecraft.MinecraftInventorySlotBinding#method:1025:dispatchPointer:(Ldev/s7a/strata/input/PointerEvent;)Ldev/s7a/strata/input/InputResult;
minecraft	Minecraft	dev.s7a.strata.runtime.minecraft.MinecraftInventorySlotBinding#method:1025:drawCommand:()Ldev/s7a/strata/render/PlatformDrawCommand;
minecraft	Minecraft	dev.s7a.strata.runtime.minecraft.MinecraftInventorySlotBinding#method:1025:observe:(Lkotlin/jvm/functions/Function0;)Ljava/lang/AutoCloseable;
minecraft	Minecraft	dev.s7a.strata.runtime.minecraft.MinecraftInventorySlotBinding#type:1537::java.lang.AutoCloseable
minecraft	Minecraft	dev.s7a.strata.runtime.minecraft.MinecraftLoadingIndicatorElement#field:25:Companion:Ldev/s7a/strata/runtime/minecraft/MinecraftLoadingIndicatorElement$Companion;
minecraft	Minecraft	dev.s7a.strata.runtime.minecraft.MinecraftLoadingIndicatorElement#method:17:getImage$dev_s7a_strata_minecraft:()Ldev/s7a/strata/render/DrawImage;
minecraft	Minecraft	dev.s7a.strata.runtime.minecraft.MinecraftLoadingIndicatorElement#method:17:getSize$dev_s7a_strata_minecraft:()Ldev/s7a/strata/geometry/IntSize;
minecraft	Minecraft	dev.s7a.strata.runtime.minecraft.MinecraftLoadingIndicatorElement#type:17:dev.s7a.strata.element.Element:
minecraft	Minecraft	dev.s7a.strata.runtime.minecraft.MinecraftLoadingIndicatorElement$Companion#method:17:create$dev_s7a_strata_minecraft:(Ldev/s7a/strata/render/DrawImage;Ldev/s7a/strata/geometry/IntSize;Ldev/s7a/strata/modifier/Modifier;Ldev/s7a/strata/element/ElementKey;)Ldev/s7a/strata/element/Element;
minecraft	Minecraft	dev.s7a.strata.runtime.minecraft.MinecraftLoadingIndicatorElement$Companion#type:25:java.lang.Object:
minecraft	Minecraft	dev.s7a.strata.runtime.minecraft.MinecraftLoadingIndicatorElement$Node#constructor:1:(Ldev/s7a/strata/render/DrawImage;Ldev/s7a/strata/geometry/IntSize;)V
minecraft	Minecraft	dev.s7a.strata.runtime.minecraft.MinecraftLoadingIndicatorElement$Node#method:17:update-FtRg8Cc$dev_s7a_strata_minecraft:(Ldev/s7a/strata/runtime/minecraft/MinecraftLoadingIndicatorElement;)I
minecraft	Minecraft	dev.s7a.strata.runtime.minecraft.MinecraftLoadingIndicatorElement$Node#method:1:measure:(Ldev/s7a/strata/layout/MeasureScope;Ldev/s7a/strata/geometry/Constraints;)Ldev/s7a/strata/geometry/IntSize;
minecraft	Minecraft	dev.s7a.strata.runtime.minecraft.MinecraftLoadingIndicatorElement$Node#method:1:onFrame:(Ldev/s7a/strata/runtime/FrameTime;)V
minecraft	Minecraft	dev.s7a.strata.runtime.minecraft.MinecraftLoadingIndicatorElement$Node#method:1:paint:(Ldev/s7a/strata/render/PaintScope;)V
minecraft	Minecraft	dev.s7a.strata.runtime.minecraft.MinecraftLoadingIndicatorElement$Node#type:25:dev.s7a.strata.node.Node:dev.s7a.strata.node.FrameTimeNode,dev.s7a.strata.node.MeasureNode,dev.s7a.strata.node.PaintNode
minecraft	Minecraft	dev.s7a.strata.runtime.minecraft.MinecraftMenuBackgroundModifierKt#type:17:java.lang.Object:
minecraft	Minecraft	dev.s7a.strata.runtime.minecraft.MinecraftMultilineTextElementKt#type:17:java.lang.Object:
minecraft	Minecraft	dev.s7a.strata.runtime.minecraft.MinecraftMultilineTextViewport#field:25:INSTANCE:Ldev/s7a/strata/runtime/minecraft/MinecraftMultilineTextViewport;
minecraft	Minecraft	dev.s7a.strata.runtime.minecraft.MinecraftMultilineTextViewport#type:17:java.lang.Object:
minecraft	Minecraft	dev.s7a.strata.runtime.minecraft.MinecraftNineSliceImageBackgroundModifierKt#type:17:java.lang.Object:
minecraft	Minecraft	dev.s7a.strata.runtime.minecraft.MinecraftNineSlicePaintingKt#type:17:java.lang.Object:
minecraft	Minecraft	dev.s7a.strata.runtime.minecraft.MinecraftPlatformCommandRenderer#method:1025:accepts:(Ldev/s7a/strata/render/PlatformDrawCommand;)Z
minecraft	Minecraft	dev.s7a.strata.runtime.minecraft.MinecraftPlatformCommandRenderer#method:1025:render:(Ljava/lang/Object;Ldev/s7a/strata/runtime/render/DrawCommand$Platform;)V
minecraft	Minecraft	dev.s7a.strata.runtime.minecraft.MinecraftPlatformCommandRenderer#type:1537::
minecraft	Minecraft	dev.s7a.strata.runtime.minecraft.MinecraftPlatformCommands#constructor:1:(Ljava/util/List;)V
minecraft	Minecraft	dev.s7a.strata.runtime.minecraft.MinecraftPlatformCommands#method:17:render:(Ljava/lang/Object;Ldev/s7a/strata/runtime/render/DrawCommand$Platform;)V
minecraft	Minecraft	dev.s7a.strata.runtime.minecraft.MinecraftPlatformCommands#method:17:validate:(Ljava/util/List;)V
minecraft	Minecraft	dev.s7a.strata.runtime.minecraft.MinecraftPlatformCommands#type:17:java.lang.Object:
minecraft	Minecraft	dev.s7a.strata.runtime.minecraft.MinecraftPlayerHeadElementKt#type:17:java.lang.Object:
minecraft	Minecraft	dev.s7a.strata.runtime.minecraft.MinecraftPlayerHeadPainter#constructor:1:()V
minecraft	Minecraft	dev.s7a.strata.runtime.minecraft.MinecraftPlayerHeadPainter#field:25:Companion:Ldev/s7a/strata/runtime/minecraft/MinecraftPlayerHeadPainter$Companion;
minecraft	Minecraft	dev.s7a.strata.runtime.minecraft.MinecraftPlayerHeadPainter#method:17:clear$dev_s7a_strata_minecraft:()V
minecraft	Minecraft	dev.s7a.strata.runtime.minecraft.MinecraftPlayerHeadPainter#method:17:paint$dev_s7a_strata_minecraft:(Ldev/s7a/strata/render/PaintScope;Ldev/s7a/strata/render/DrawImage;IZ)V
minecraft	Minecraft	dev.s7a.strata.runtime.minecraft.MinecraftPlayerHeadPainter#type:17:java.lang.Object:
minecraft	Minecraft	dev.s7a.strata.runtime.minecraft.MinecraftPlayerHeadPainter$Companion#type:25:java.lang.Object:
minecraft	Minecraft	dev.s7a.strata.runtime.minecraft.MinecraftPlayerSkinBinding#method:1025:close:()V
minecraft	Minecraft	dev.s7a.strata.runtime.minecraft.MinecraftPlayerSkinBinding#method:1025:observe:(Lkotlin/jvm/functions/Function0;)Ljava/lang/AutoCloseable;
minecraft	Minecraft	dev.s7a.strata.runtime.minecraft.MinecraftPlayerSkinBinding#method:1025:snapshot:()Ldev/s7a/strata/runtime/minecraft/MinecraftPlayerSkinBinding$Snapshot;
minecraft	Minecraft	dev.s7a.strata.runtime.minecraft.MinecraftPlayerSkinBinding#type:1537::java.lang.AutoCloseable
minecraft	Minecraft	dev.s7a.strata.runtime.minecraft.MinecraftPlayerSkinBinding$Snapshot#type:1545::
minecraft	Minecraft	dev.s7a.strata.runtime.minecraft.MinecraftPlayerSkinBinding$Snapshot$Failed#field:25:INSTANCE:Ldev/s7a/strata/runtime/minecraft/MinecraftPlayerSkinBinding$Snapshot$Failed;
minecraft	Minecraft	dev.s7a.strata.runtime.minecraft.MinecraftPlayerSkinBinding$Snapshot$Failed#method:1:equals:(Ljava/lang/Object;)Z
minecraft	Minecraft	dev.s7a.strata.runtime.minecraft.MinecraftPlayerSkinBinding$Snapshot$Failed#method:1:hashCode:()I
minecraft	Minecraft	dev.s7a.strata.runtime.minecraft.MinecraftPlayerSkinBinding$Snapshot$Failed#method:1:toString:()Ljava/lang/String;
minecraft	Minecraft	dev.s7a.strata.runtime.minecraft.MinecraftPlayerSkinBinding$Snapshot$Failed#type:25:java.lang.Object:dev.s7a.strata.runtime.minecraft.MinecraftPlayerSkinBinding$Snapshot
minecraft	Minecraft	dev.s7a.strata.runtime.minecraft.MinecraftPlayerSkinBinding$Snapshot$Pending#field:25:INSTANCE:Ldev/s7a/strata/runtime/minecraft/MinecraftPlayerSkinBinding$Snapshot$Pending;
minecraft	Minecraft	dev.s7a.strata.runtime.minecraft.MinecraftPlayerSkinBinding$Snapshot$Pending#method:1:equals:(Ljava/lang/Object;)Z
minecraft	Minecraft	dev.s7a.strata.runtime.minecraft.MinecraftPlayerSkinBinding$Snapshot$Pending#method:1:hashCode:()I
minecraft	Minecraft	dev.s7a.strata.runtime.minecraft.MinecraftPlayerSkinBinding$Snapshot$Pending#method:1:toString:()Ljava/lang/String;
minecraft	Minecraft	dev.s7a.strata.runtime.minecraft.MinecraftPlayerSkinBinding$Snapshot$Pending#type:25:java.lang.Object:dev.s7a.strata.runtime.minecraft.MinecraftPlayerSkinBinding$Snapshot
minecraft	Minecraft	dev.s7a.strata.runtime.minecraft.MinecraftPlayerSkinBinding$Snapshot$Ready#constructor:1:(Ldev/s7a/strata/render/DrawImage;)V
minecraft	Minecraft	dev.s7a.strata.runtime.minecraft.MinecraftPlayerSkinBinding$Snapshot$Ready#method:17:component1:()Ldev/s7a/strata/render/DrawImage;
minecraft	Minecraft	dev.s7a.strata.runtime.minecraft.MinecraftPlayerSkinBinding$Snapshot$Ready#method:17:copy:(Ldev/s7a/strata/render/DrawImage;)Ldev/s7a/strata/runtime/minecraft/MinecraftPlayerSkinBinding$Snapshot$Ready;
minecraft	Minecraft	dev.s7a.strata.runtime.minecraft.MinecraftPlayerSkinBinding$Snapshot$Ready#method:17:getSkin:()Ldev/s7a/strata/render/DrawImage;
minecraft	Minecraft	dev.s7a.strata.runtime.minecraft.MinecraftPlayerSkinBinding$Snapshot$Ready#method:1:equals:(Ljava/lang/Object;)Z
minecraft	Minecraft	dev.s7a.strata.runtime.minecraft.MinecraftPlayerSkinBinding$Snapshot$Ready#method:1:hashCode:()I
minecraft	Minecraft	dev.s7a.strata.runtime.minecraft.MinecraftPlayerSkinBinding$Snapshot$Ready#method:1:toString:()Ljava/lang/String;
minecraft	Minecraft	dev.s7a.strata.runtime.minecraft.MinecraftPlayerSkinBinding$Snapshot$Ready#type:25:java.lang.Object:dev.s7a.strata.runtime.minecraft.MinecraftPlayerSkinBinding$Snapshot
minecraft	Minecraft	dev.s7a.strata.runtime.minecraft.MinecraftPointerButtonElementKt#type:17:java.lang.Object:
minecraft	Minecraft	dev.s7a.strata.runtime.minecraft.MinecraftProfileImplementation#field:25:INSTANCE:Ldev/s7a/strata/runtime/minecraft/MinecraftProfileImplementation;
minecraft	Minecraft	dev.s7a.strata.runtime.minecraft.MinecraftProfileImplementation#type:17:java.lang.Object:
minecraft	Minecraft	dev.s7a.strata.runtime.minecraft.MinecraftProgressBarElement#field:25:Companion:Ldev/s7a/strata/runtime/minecraft/MinecraftProgressBarElement$Companion;
minecraft	Minecraft	dev.s7a.strata.runtime.minecraft.MinecraftProgressBarElement#method:17:getProgress$dev_s7a_strata_minecraft:()D
minecraft	Minecraft	dev.s7a.strata.runtime.minecraft.MinecraftProgressBarElement#method:17:getSize$dev_s7a_strata_minecraft:()Ldev/s7a/strata/geometry/IntSize;
minecraft	Minecraft	dev.s7a.strata.runtime.minecraft.MinecraftProgressBarElement#method:17:getStyle$dev_s7a_strata_minecraft:()Ldev/s7a/strata/runtime/minecraft/MinecraftProgressBarStyle;
minecraft	Minecraft	dev.s7a.strata.runtime.minecraft.MinecraftProgressBarElement#type:17:dev.s7a.strata.element.Element:
minecraft	Minecraft	dev.s7a.strata.runtime.minecraft.MinecraftProgressBarElement$Companion#method:17:create$dev_s7a_strata_minecraft:(Ldev/s7a/strata/runtime/minecraft/MinecraftProgressBarStyle;DLdev/s7a/strata/geometry/IntSize;Ldev/s7a/strata/modifier/Modifier;Ldev/s7a/strata/element/ElementKey;)Ldev/s7a/strata/element/Element;
minecraft	Minecraft	dev.s7a.strata.runtime.minecraft.MinecraftProgressBarElement$Companion#type:25:java.lang.Object:
minecraft	Minecraft	dev.s7a.strata.runtime.minecraft.MinecraftProgressBarElement$Node#constructor:1:(Ldev/s7a/strata/runtime/minecraft/MinecraftProgressBarElement;)V
minecraft	Minecraft	dev.s7a.strata.runtime.minecraft.MinecraftProgressBarElement$Node#method:17:update-FtRg8Cc$dev_s7a_strata_minecraft:(Ldev/s7a/strata/runtime/minecraft/MinecraftProgressBarElement;)I
minecraft	Minecraft	dev.s7a.strata.runtime.minecraft.MinecraftProgressBarElement$Node#method:1:measure:(Ldev/s7a/strata/layout/MeasureScope;Ldev/s7a/strata/geometry/Constraints;)Ldev/s7a/strata/geometry/IntSize;
minecraft	Minecraft	dev.s7a.strata.runtime.minecraft.MinecraftProgressBarElement$Node#method:1:paint:(Ldev/s7a/strata/render/PaintScope;)V
minecraft	Minecraft	dev.s7a.strata.runtime.minecraft.MinecraftProgressBarElement$Node#method:1:semantics:(Ldev/s7a/strata/semantics/SemanticsScope;)V
minecraft	Minecraft	dev.s7a.strata.runtime.minecraft.MinecraftProgressBarElement$Node#type:25:dev.s7a.strata.node.Node:dev.s7a.strata.node.MeasureNode,dev.s7a.strata.node.PaintNode,dev.s7a.strata.node.SemanticsNode
minecraft	Minecraft	dev.s7a.strata.runtime.minecraft.MinecraftProgressBarStyle#method:1025:paint:(Ldev/s7a/strata/render/PaintScope;D)V
minecraft	Minecraft	dev.s7a.strata.runtime.minecraft.MinecraftProgressBarStyle#type:1537::
minecraft	Minecraft	dev.s7a.strata.runtime.minecraft.MinecraftProgressBarStyle$Bundle#constructor:1:(Ldev/s7a/strata/render/DrawImage;Ldev/s7a/strata/render/DrawImage;Ldev/s7a/strata/render/DrawImage;)V
minecraft	Minecraft	dev.s7a.strata.runtime.minecraft.MinecraftProgressBarStyle$Bundle#method:1:paint:(Ldev/s7a/strata/render/PaintScope;D)V
minecraft	Minecraft	dev.s7a.strata.runtime.minecraft.MinecraftProgressBarStyle$Bundle#type:25:java.lang.Object:dev.s7a.strata.runtime.minecraft.MinecraftProgressBarStyle
minecraft	Minecraft	dev.s7a.strata.runtime.minecraft.MinecraftProgressBarStyle$Horizontal#constructor:1:(Ldev/s7a/strata/render/DrawImage;Ldev/s7a/strata/render/DrawImage;)V
minecraft	Minecraft	dev.s7a.strata.runtime.minecraft.MinecraftProgressBarStyle$Horizontal#method:1:paint:(Ldev/s7a/strata/render/PaintScope;D)V
minecraft	Minecraft	dev.s7a.strata.runtime.minecraft.MinecraftProgressBarStyle$Horizontal#type:25:java.lang.Object:dev.s7a.strata.runtime.minecraft.MinecraftProgressBarStyle
minecraft	Minecraft	dev.s7a.strata.runtime.minecraft.MinecraftRectPaintScope#constructor:1:(Ldev/s7a/strata/render/PaintScope;Ldev/s7a/strata/geometry/IntRect;)V
minecraft	Minecraft	dev.s7a.strata.runtime.minecraft.MinecraftRectPaintScope#method:1:blitImage:(Ldev/s7a/strata/render/DrawImage;Ldev/s7a/strata/geometry/IntRect;Ldev/s7a/strata/geometry/IntRect;)V
minecraft	Minecraft	dev.s7a.strata.runtime.minecraft.MinecraftRectPaintScope#method:1:drawPlatform:(Ldev/s7a/strata/render/PlatformDrawCommand;Ldev/s7a/strata/geometry/IntRect;)V
minecraft	Minecraft	dev.s7a.strata.runtime.minecraft.MinecraftRectPaintScope#method:1:fillRectangle-RtejO-o:(Ldev/s7a/strata/geometry/IntRect;I)V
minecraft	Minecraft	dev.s7a.strata.runtime.minecraft.MinecraftRectPaintScope#method:1:getSize:()Ldev/s7a/strata/geometry/IntSize;
minecraft	Minecraft	dev.s7a.strata.runtime.minecraft.MinecraftRectPaintScope#method:1:sampledImage-rA9Hmdk:(Ldev/s7a/strata/render/DrawImage;Ldev/s7a/strata/geometry/FloatRect;Ldev/s7a/strata/geometry/FloatRect;IF)V
minecraft	Minecraft	dev.s7a.strata.runtime.minecraft.MinecraftRectPaintScope#method:1:withClip:(Ldev/s7a/strata/geometry/IntRect;Lkotlin/jvm/functions/Function0;)V
minecraft	Minecraft	dev.s7a.strata.runtime.minecraft.MinecraftRectPaintScope#method:65:sampledImage-wyvhK5Q:(Ldev/s7a/strata/render/DrawImage;Ldev/s7a/strata/geometry/FloatRect;Ldev/s7a/strata/geometry/FloatRect;Ldev/s7a/strata/render/SampledImageOrientation;IF)V
minecraft	Minecraft	dev.s7a.strata.runtime.minecraft.MinecraftRectPaintScope#type:17:java.lang.Object:dev.s7a.strata.render.PaintScope
minecraft	Minecraft	dev.s7a.strata.runtime.minecraft.MinecraftRuntimeFactories#method:25:createMinecraftUiHost:(Ldev/s7a/strata/screen/ScreenDefinition;Ldev/s7a/strata/runtime/minecraft/MinecraftUiProfile;)Ldev/s7a/strata/runtime/minecraft/MinecraftUiHost;
minecraft	Minecraft	dev.s7a.strata.runtime.minecraft.MinecraftRuntimeFactories#method:25:createMinecraftUiHost:(Ldev/s7a/strata/screen/ScreenDefinition;Ldev/s7a/strata/runtime/minecraft/MinecraftUiProfile;Ldev/s7a/strata/runtime/minecraft/MinecraftUiPlatform;)Ldev/s7a/strata/runtime/minecraft/MinecraftUiHost;
minecraft	Minecraft	dev.s7a.strata.runtime.minecraft.MinecraftRuntimeFactories#method:25:createMinecraftUiHost:(Ldev/s7a/strata/screen/ScreenDefinition;Ldev/s7a/strata/runtime/minecraft/MinecraftUiProfile;Ldev/s7a/strata/runtime/minecraft/MinecraftUiPlatform;Ldev/s7a/strata/runtime/minecraft/font/MinecraftFontBackendFactory;)Ldev/s7a/strata/runtime/minecraft/MinecraftUiHost;
minecraft	Minecraft	dev.s7a.strata.runtime.minecraft.MinecraftRuntimeFactories#method:25:createMinecraftUiHost:(Ldev/s7a/strata/screen/ScreenDefinition;Ldev/s7a/strata/runtime/minecraft/MinecraftUiProfile;Ldev/s7a/strata/runtime/minecraft/font/MinecraftFontBackendFactory;)Ldev/s7a/strata/runtime/minecraft/MinecraftUiHost;
minecraft	Minecraft	dev.s7a.strata.runtime.minecraft.MinecraftRuntimeFactories#method:25:createMinecraftUiHost:(Ldev/s7a/strata/ui/UiDefinition;Ldev/s7a/strata/runtime/minecraft/MinecraftUiProfile;Ldev/s7a/strata/runtime/minecraft/MinecraftUiPlatform;Ldev/s7a/strata/runtime/minecraft/font/MinecraftFontBackendFactory;Ldev/s7a/strata/ui/UiSession;)Ldev/s7a/strata/runtime/minecraft/MinecraftUiHost;
minecraft	Minecraft	dev.s7a.strata.runtime.minecraft.MinecraftRuntimeFactories#method:25:createMinecraftUiProfile:(Lkotlin/jvm/functions/Function1;)Ldev/s7a/strata/runtime/minecraft/MinecraftUiProfile;
minecraft	Minecraft	dev.s7a.strata.runtime.minecraft.MinecraftRuntimeFactories#type:17:java.lang.Object:
minecraft	Minecraft	dev.s7a.strata.runtime.minecraft.MinecraftScrollElementKt#type:17:java.lang.Object:
minecraft	Minecraft	dev.s7a.strata.runtime.minecraft.MinecraftScrollbarElementKt#method:25:createMinecraftScrollbarElement:(Ldev/s7a/strata/render/DrawImage;Ldev/s7a/strata/render/DrawImage;Ldev/s7a/strata/component/ScrollState;Ldev/s7a/strata/modifier/Modifier;Ldev/s7a/strata/element/ElementKey;)Ldev/s7a/strata/element/Element;
minecraft	Minecraft	dev.s7a.strata.runtime.minecraft.MinecraftScrollbarElementKt#type:17:java.lang.Object:
minecraft	Minecraft	dev.s7a.strata.runtime.minecraft.MinecraftSliderElementKt#method:25:createMinecraftSliderElement:(Ldev/s7a/strata/runtime/minecraft/MinecraftButtonSpriteSnapshot;Ldev/s7a/strata/runtime/minecraft/MinecraftButtonSpriteSnapshot;Ldev/s7a/strata/render/DrawImage;Ldev/s7a/strata/render/DrawImage;Ldev/s7a/strata/runtime/minecraft/MinecraftTextRun;Ldev/s7a/strata/runtime/minecraft/MinecraftTextRun;Ldev/s7a/strata/text/UiText;Ldev/s7a/strata/component/SliderState;IZLdev/s7a/strata/action/ActionDispatcher;Ldev/s7a/strata/modifier/Modifier;Ldev/s7a/strata/element/ElementKey;)Ldev/s7a/strata/element/Element;
minecraft	Minecraft	dev.s7a.strata.runtime.minecraft.MinecraftSliderElementKt#type:17:java.lang.Object:
minecraft	Minecraft	dev.s7a.strata.runtime.minecraft.MinecraftSlotElementKt#type:17:java.lang.Object:
minecraft	Minecraft	dev.s7a.strata.runtime.minecraft.MinecraftTabElementKt#type:17:java.lang.Object:
minecraft	Minecraft	dev.s7a.strata.runtime.minecraft.MinecraftTextAreaComposition#field:25:INSTANCE:Ldev/s7a/strata/runtime/minecraft/MinecraftTextAreaComposition;
minecraft	Minecraft	dev.s7a.strata.runtime.minecraft.MinecraftTextAreaComposition#type:17:java.lang.Object:
minecraft	Minecraft	dev.s7a.strata.runtime.minecraft.MinecraftTextAreaConfiguration#constructor:1:(Ldev/s7a/strata/render/DrawImage;Ldev/s7a/strata/render/DrawImage;Ldev/s7a/strata/runtime/minecraft/MinecraftTextRenderer;Ldev/s7a/strata/resource/ResourceId;Ldev/s7a/strata/component/TextAreaState;Ldev/s7a/strata/component/TextAreaViewport;ZLdev/s7a/strata/component/TextStyle;Ldev/s7a/strata/text/TextWrap;ILdev/s7a/strata/runtime/minecraft/MinecraftTextInputAppearance;)V
minecraft	Minecraft	dev.s7a.strata.runtime.minecraft.MinecraftTextAreaConfiguration#type:17:java.lang.Object:
minecraft	Minecraft	dev.s7a.strata.runtime.minecraft.MinecraftTextAreaCursor#constructor:1:(I)V
minecraft	Minecraft	dev.s7a.strata.runtime.minecraft.MinecraftTextAreaCursor#type:17:java.lang.Object:
minecraft	Minecraft	dev.s7a.strata.runtime.minecraft.MinecraftTextAreaEditor#constructor:1:(Ldev/s7a/strata/runtime/minecraft/MinecraftTextAreaConfiguration;Lkotlin/jvm/functions/Function1;)V
minecraft	Minecraft	dev.s7a.strata.runtime.minecraft.MinecraftTextAreaEditor#type:17:java.lang.Object:
minecraft	Minecraft	dev.s7a.strata.runtime.minecraft.MinecraftTextAreaElementKt#type:17:java.lang.Object:
minecraft	Minecraft	dev.s7a.strata.runtime.minecraft.MinecraftTextAreaPainter#field:25:INSTANCE:Ldev/s7a/strata/runtime/minecraft/MinecraftTextAreaPainter;
minecraft	Minecraft	dev.s7a.strata.runtime.minecraft.MinecraftTextAreaPainter#type:17:java.lang.Object:
minecraft	Minecraft	dev.s7a.strata.runtime.minecraft.MinecraftTextAreaPreedit#constructor:1:(Ljava/lang/String;ILkotlin/ranges/IntRange;)V
minecraft	Minecraft	dev.s7a.strata.runtime.minecraft.MinecraftTextAreaPreedit#method:17:component1$dev_s7a_strata_minecraft:()Ljava/lang/String;
minecraft	Minecraft	dev.s7a.strata.runtime.minecraft.MinecraftTextAreaPreedit#method:17:component2$dev_s7a_strata_minecraft:()I
minecraft	Minecraft	dev.s7a.strata.runtime.minecraft.MinecraftTextAreaPreedit#method:17:component3$dev_s7a_strata_minecraft:()Lkotlin/ranges/IntRange;
minecraft	Minecraft	dev.s7a.strata.runtime.minecraft.MinecraftTextAreaPreedit#method:17:copy:(Ljava/lang/String;ILkotlin/ranges/IntRange;)Ldev/s7a/strata/runtime/minecraft/MinecraftTextAreaPreedit;
minecraft	Minecraft	dev.s7a.strata.runtime.minecraft.MinecraftTextAreaPreedit#method:1:equals:(Ljava/lang/Object;)Z
minecraft	Minecraft	dev.s7a.strata.runtime.minecraft.MinecraftTextAreaPreedit#method:1:hashCode:()I
minecraft	Minecraft	dev.s7a.strata.runtime.minecraft.MinecraftTextAreaPreedit#method:1:toString:()Ljava/lang/String;
minecraft	Minecraft	dev.s7a.strata.runtime.minecraft.MinecraftTextAreaPreedit#type:17:java.lang.Object:
minecraft	Minecraft	dev.s7a.strata.runtime.minecraft.MinecraftTextAreaUnderlines#field:25:Companion:Ldev/s7a/strata/runtime/minecraft/MinecraftTextAreaUnderlines$Companion;
minecraft	Minecraft	dev.s7a.strata.runtime.minecraft.MinecraftTextAreaUnderlines#type:17:java.lang.Object:
minecraft	Minecraft	dev.s7a.strata.runtime.minecraft.MinecraftTextAreaUnderlines$Companion#type:25:java.lang.Object:
minecraft	Minecraft	dev.s7a.strata.runtime.minecraft.MinecraftTextAreaViewportState#constructor:1:()V
minecraft	Minecraft	dev.s7a.strata.runtime.minecraft.MinecraftTextAreaViewportState#type:17:java.lang.Object:
minecraft	Minecraft	dev.s7a.strata.runtime.minecraft.MinecraftTextBreakOpportunity#field:16409:None:Ldev/s7a/strata/runtime/minecraft/MinecraftTextBreakOpportunity;
minecraft	Minecraft	dev.s7a.strata.runtime.minecraft.MinecraftTextBreakOpportunity#field:16409:Whitespace:Ldev/s7a/strata/runtime/minecraft/MinecraftTextBreakOpportunity;
minecraft	Minecraft	dev.s7a.strata.runtime.minecraft.MinecraftTextBreakOpportunity#field:25:Companion:Ldev/s7a/strata/runtime/minecraft/MinecraftTextBreakOpportunity$Companion;
minecraft	Minecraft	dev.s7a.strata.runtime.minecraft.MinecraftTextBreakOpportunity#method:9:getEntries:()Lkotlin/enums/EnumEntries;
minecraft	Minecraft	dev.s7a.strata.runtime.minecraft.MinecraftTextBreakOpportunity#method:9:valueOf:(Ljava/lang/String;)Ldev/s7a/strata/runtime/minecraft/MinecraftTextBreakOpportunity;
minecraft	Minecraft	dev.s7a.strata.runtime.minecraft.MinecraftTextBreakOpportunity#method:9:values:()[Ldev/s7a/strata/runtime/minecraft/MinecraftTextBreakOpportunity;
minecraft	Minecraft	dev.s7a.strata.runtime.minecraft.MinecraftTextBreakOpportunity#type:16401:java.lang.Enum:
minecraft	Minecraft	dev.s7a.strata.runtime.minecraft.MinecraftTextBreakOpportunity$Companion#type:25:java.lang.Object:
minecraft	Minecraft	dev.s7a.strata.runtime.minecraft.MinecraftTextCaretAffinity#field:16409:Downstream:Ldev/s7a/strata/runtime/minecraft/MinecraftTextCaretAffinity;
minecraft	Minecraft	dev.s7a.strata.runtime.minecraft.MinecraftTextCaretAffinity#field:16409:Upstream:Ldev/s7a/strata/runtime/minecraft/MinecraftTextCaretAffinity;
minecraft	Minecraft	dev.s7a.strata.runtime.minecraft.MinecraftTextCaretAffinity#method:9:getEntries:()Lkotlin/enums/EnumEntries;
minecraft	Minecraft	dev.s7a.strata.runtime.minecraft.MinecraftTextCaretAffinity#method:9:valueOf:(Ljava/lang/String;)Ldev/s7a/strata/runtime/minecraft/MinecraftTextCaretAffinity;
minecraft	Minecraft	dev.s7a.strata.runtime.minecraft.MinecraftTextCaretAffinity#method:9:values:()[Ldev/s7a/strata/runtime/minecraft/MinecraftTextCaretAffinity;
minecraft	Minecraft	dev.s7a.strata.runtime.minecraft.MinecraftTextCaretAffinity#type:16401:java.lang.Enum:
minecraft	Minecraft	dev.s7a.strata.runtime.minecraft.MinecraftTextContent#field:25:Companion:Ldev/s7a/strata/runtime/minecraft/MinecraftTextContent$Companion;
minecraft	Minecraft	dev.s7a.strata.runtime.minecraft.MinecraftTextContent#type:17:java.lang.Object:
minecraft	Minecraft	dev.s7a.strata.runtime.minecraft.MinecraftTextContent$Companion#type:25:java.lang.Object:
minecraft	Minecraft	dev.s7a.strata.runtime.minecraft.MinecraftTextElementKt#type:17:java.lang.Object:
minecraft	Minecraft	dev.s7a.strata.runtime.minecraft.MinecraftTextFieldElementKt#type:17:java.lang.Object:
minecraft	Minecraft	dev.s7a.strata.runtime.minecraft.MinecraftTextInkBounds#constructor:1:(DDDD)V
minecraft	Minecraft	dev.s7a.strata.runtime.minecraft.MinecraftTextInkBounds#method:17:component1$dev_s7a_strata_minecraft:()D
minecraft	Minecraft	dev.s7a.strata.runtime.minecraft.MinecraftTextInkBounds#method:17:component2$dev_s7a_strata_minecraft:()D
minecraft	Minecraft	dev.s7a.strata.runtime.minecraft.MinecraftTextInkBounds#method:17:component3$dev_s7a_strata_minecraft:()D
minecraft	Minecraft	dev.s7a.strata.runtime.minecraft.MinecraftTextInkBounds#method:17:component4$dev_s7a_strata_minecraft:()D
minecraft	Minecraft	dev.s7a.strata.runtime.minecraft.MinecraftTextInkBounds#method:17:copy:(DDDD)Ldev/s7a/strata/runtime/minecraft/MinecraftTextInkBounds;
minecraft	Minecraft	dev.s7a.strata.runtime.minecraft.MinecraftTextInkBounds#method:1:equals:(Ljava/lang/Object;)Z
minecraft	Minecraft	dev.s7a.strata.runtime.minecraft.MinecraftTextInkBounds#method:1:hashCode:()I
minecraft	Minecraft	dev.s7a.strata.runtime.minecraft.MinecraftTextInkBounds#method:1:toString:()Ljava/lang/String;
minecraft	Minecraft	dev.s7a.strata.runtime.minecraft.MinecraftTextInkBounds#type:17:java.lang.Object:
minecraft	Minecraft	dev.s7a.strata.runtime.minecraft.MinecraftTextInputAppearance#method:17:component1:()Ldev/s7a/strata/render/DrawImage;
minecraft	Minecraft	dev.s7a.strata.runtime.minecraft.MinecraftTextInputAppearance#method:17:component2:()Ldev/s7a/strata/render/DrawImage;
minecraft	Minecraft	dev.s7a.strata.runtime.minecraft.MinecraftTextInputAppearance#method:17:component3:()Ldev/s7a/strata/render/DrawImage;
minecraft	Minecraft	dev.s7a.strata.runtime.minecraft.MinecraftTextInputAppearance#method:17:component4:()Ldev/s7a/strata/geometry/Insets;
minecraft	Minecraft	dev.s7a.strata.runtime.minecraft.MinecraftTextInputAppearance#method:17:component5-e0e5deU:()I
minecraft	Minecraft	dev.s7a.strata.runtime.minecraft.MinecraftTextInputAppearance#method:17:component6-e0e5deU:()I
minecraft	Minecraft	dev.s7a.strata.runtime.minecraft.MinecraftTextInputAppearance#method:17:component7:()Z
minecraft	Minecraft	dev.s7a.strata.runtime.minecraft.MinecraftTextInputAppearance#method:17:copy-roei8jg:(Ldev/s7a/strata/render/DrawImage;Ldev/s7a/strata/render/DrawImage;Ldev/s7a/strata/render/DrawImage;Ldev/s7a/strata/geometry/Insets;IIZ)Ldev/s7a/strata/runtime/minecraft/MinecraftTextInputAppearance;
minecraft	Minecraft	dev.s7a.strata.runtime.minecraft.MinecraftTextInputAppearance#method:17:getBorder:()Ldev/s7a/strata/geometry/Insets;
minecraft	Minecraft	dev.s7a.strata.runtime.minecraft.MinecraftTextInputAppearance#method:17:getCaretColor-e0e5deU:()I
minecraft	Minecraft	dev.s7a.strata.runtime.minecraft.MinecraftTextInputAppearance#method:17:getCompositionUnderlineColor-e0e5deU:()I
minecraft	Minecraft	dev.s7a.strata.runtime.minecraft.MinecraftTextInputAppearance#method:17:getDisabled:()Ldev/s7a/strata/render/DrawImage;
minecraft	Minecraft	dev.s7a.strata.runtime.minecraft.MinecraftTextInputAppearance#method:17:getFocused:()Ldev/s7a/strata/render/DrawImage;
minecraft	Minecraft	dev.s7a.strata.runtime.minecraft.MinecraftTextInputAppearance#method:17:getLegacyAppendCaret:()Z
minecraft	Minecraft	dev.s7a.strata.runtime.minecraft.MinecraftTextInputAppearance#method:17:getNormal:()Ldev/s7a/strata/render/DrawImage;
minecraft	Minecraft	dev.s7a.strata.runtime.minecraft.MinecraftTextInputAppearance#method:17:paint:(Ldev/s7a/strata/render/PaintScope;ZZ)V
minecraft	Minecraft	dev.s7a.strata.runtime.minecraft.MinecraftTextInputAppearance#method:1:equals:(Ljava/lang/Object;)Z
minecraft	Minecraft	dev.s7a.strata.runtime.minecraft.MinecraftTextInputAppearance#method:1:hashCode:()I
minecraft	Minecraft	dev.s7a.strata.runtime.minecraft.MinecraftTextInputAppearance#method:1:toString:()Ljava/lang/String;
minecraft	Minecraft	dev.s7a.strata.runtime.minecraft.MinecraftTextInputAppearance#type:17:java.lang.Object:
minecraft	Minecraft	dev.s7a.strata.runtime.minecraft.MinecraftTextLayout#constructor:1:(Ldev/s7a/strata/runtime/minecraft/MinecraftTextContent;Ljava/util/List;Ldev/s7a/strata/geometry/IntSize;IZ)V
minecraft	Minecraft	dev.s7a.strata.runtime.minecraft.MinecraftTextLayout#type:17:java.lang.Object:
minecraft	Minecraft	dev.s7a.strata.runtime.minecraft.MinecraftTextLine#constructor:1:(IIILdev/s7a/strata/runtime/minecraft/MinecraftTextRun;[I[I)V
minecraft	Minecraft	dev.s7a.strata.runtime.minecraft.MinecraftTextLine#type:17:java.lang.Object:
minecraft	Minecraft	dev.s7a.strata.runtime.minecraft.MinecraftTextLineBreaker#field:25:INSTANCE:Ldev/s7a/strata/runtime/minecraft/MinecraftTextLineBreaker;
minecraft	Minecraft	dev.s7a.strata.runtime.minecraft.MinecraftTextLineBreaker#type:17:java.lang.Object:
minecraft	Minecraft	dev.s7a.strata.runtime.minecraft.MinecraftTextRenderer#field:25:Companion:Ldev/s7a/strata/runtime/minecraft/MinecraftTextRenderer$Companion;
minecraft	Minecraft	dev.s7a.strata.runtime.minecraft.MinecraftTextRenderer#method:1:close:()V
minecraft	Minecraft	dev.s7a.strata.runtime.minecraft.MinecraftTextRenderer#type:17:java.lang.Object:java.lang.AutoCloseable
minecraft	Minecraft	dev.s7a.strata.runtime.minecraft.MinecraftTextRenderer$Companion#type:25:java.lang.Object:
minecraft	Minecraft	dev.s7a.strata.runtime.minecraft.MinecraftTextRenderer$WhenMappings#type:4121:java.lang.Object:
minecraft	Minecraft	dev.s7a.strata.runtime.minecraft.MinecraftTextRun#field:25:Companion:Ldev/s7a/strata/runtime/minecraft/MinecraftTextRun$Companion;
minecraft	Minecraft	dev.s7a.strata.runtime.minecraft.MinecraftTextRun#type:17:java.lang.Object:
minecraft	Minecraft	dev.s7a.strata.runtime.minecraft.MinecraftTextRun$Companion#type:25:java.lang.Object:
minecraft	Minecraft	dev.s7a.strata.runtime.minecraft.MinecraftTextRun$hasPreparedTextBounds$1#constructor:1:()V
minecraft	Minecraft	dev.s7a.strata.runtime.minecraft.MinecraftTextRun$hasPreparedTextBounds$1#field:25:INSTANCE:Ldev/s7a/strata/runtime/minecraft/MinecraftTextRun$hasPreparedTextBounds$1;
minecraft	Minecraft	dev.s7a.strata.runtime.minecraft.MinecraftTextRun$hasPreparedTextBounds$1#method:17:invoke:()V
minecraft	Minecraft	dev.s7a.strata.runtime.minecraft.MinecraftTextRun$hasPreparedTextBounds$1#type:25:java.lang.Object:kotlin.jvm.functions.Function0
minecraft	Minecraft	dev.s7a.strata.runtime.minecraft.MinecraftTextVerticalBounds#constructor:1:(DD)V
minecraft	Minecraft	dev.s7a.strata.runtime.minecraft.MinecraftTextVerticalBounds#method:17:component1$dev_s7a_strata_minecraft:()D
minecraft	Minecraft	dev.s7a.strata.runtime.minecraft.MinecraftTextVerticalBounds#method:17:component2$dev_s7a_strata_minecraft:()D
minecraft	Minecraft	dev.s7a.strata.runtime.minecraft.MinecraftTextVerticalBounds#method:17:copy:(DD)Ldev/s7a/strata/runtime/minecraft/MinecraftTextVerticalBounds;
minecraft	Minecraft	dev.s7a.strata.runtime.minecraft.MinecraftTextVerticalBounds#method:1:equals:(Ljava/lang/Object;)Z
minecraft	Minecraft	dev.s7a.strata.runtime.minecraft.MinecraftTextVerticalBounds#method:1:hashCode:()I
minecraft	Minecraft	dev.s7a.strata.runtime.minecraft.MinecraftTextVerticalBounds#method:1:toString:()Ljava/lang/String;
minecraft	Minecraft	dev.s7a.strata.runtime.minecraft.MinecraftTextVerticalBounds#type:17:java.lang.Object:
minecraft	Minecraft	dev.s7a.strata.runtime.minecraft.MinecraftTextVerticalMetrics#type:17:java.lang.Object:
minecraft	Minecraft	dev.s7a.strata.runtime.minecraft.MinecraftTextVerticalMetrics$Builder#constructor:1:()V
minecraft	Minecraft	dev.s7a.strata.runtime.minecraft.MinecraftTextVerticalMetrics$Builder#type:25:java.lang.Object:
minecraft	Minecraft	dev.s7a.strata.runtime.minecraft.MinecraftTooltipModifierKt#method:25:createMinecraftTooltipModifier:(Ldev/s7a/strata/runtime/minecraft/MinecraftTextRun;Ldev/s7a/strata/runtime/minecraft/MinecraftTooltipStyle;J)Ldev/s7a/strata/modifier/ModifierElement;
minecraft	Minecraft	dev.s7a.strata.runtime.minecraft.MinecraftTooltipModifierKt#type:17:java.lang.Object:
minecraft	Minecraft	dev.s7a.strata.runtime.minecraft.MinecraftTooltipStyle#method:1025:paint:(Ldev/s7a/strata/render/RootOverlayPaintScope;Ldev/s7a/strata/geometry/IntRect;)V
minecraft	Minecraft	dev.s7a.strata.runtime.minecraft.MinecraftTooltipStyle#type:1537::
minecraft	Minecraft	dev.s7a.strata.runtime.minecraft.MinecraftTooltipStyle$Legacy#method:1:paint:(Ldev/s7a/strata/render/RootOverlayPaintScope;Ldev/s7a/strata/geometry/IntRect;)V
minecraft	Minecraft	dev.s7a.strata.runtime.minecraft.MinecraftTooltipStyle$Legacy#type:25:java.lang.Object:dev.s7a.strata.runtime.minecraft.MinecraftTooltipStyle
minecraft	Minecraft	dev.s7a.strata.runtime.minecraft.MinecraftTooltipStyle$Sprites#constructor:1:(Ldev/s7a/strata/render/DrawImage;Ldev/s7a/strata/render/DrawImage;)V
minecraft	Minecraft	dev.s7a.strata.runtime.minecraft.MinecraftTooltipStyle$Sprites#method:1:paint:(Ldev/s7a/strata/render/RootOverlayPaintScope;Ldev/s7a/strata/geometry/IntRect;)V
minecraft	Minecraft	dev.s7a.strata.runtime.minecraft.MinecraftTooltipStyle$Sprites#type:25:java.lang.Object:dev.s7a.strata.runtime.minecraft.MinecraftTooltipStyle
minecraft	Minecraft	dev.s7a.strata.runtime.minecraft.MinecraftUiHost#method:1025:attach:()V
minecraft	Minecraft	dev.s7a.strata.runtime.minecraft.MinecraftUiHost#method:1025:close:()V
minecraft	Minecraft	dev.s7a.strata.runtime.minecraft.MinecraftUiHost#method:1025:detach:()V
minecraft	Minecraft	dev.s7a.strata.runtime.minecraft.MinecraftUiHost#method:1025:dispatchKeyboard:(Ldev/s7a/strata/input/KeyboardEvent;)Ldev/s7a/strata/input/InputResult;
minecraft	Minecraft	dev.s7a.strata.runtime.minecraft.MinecraftUiHost#method:1025:dispatchPointer:(Ldev/s7a/strata/input/PointerEvent;)Ldev/s7a/strata/input/InputResult;
minecraft	Minecraft	dev.s7a.strata.runtime.minecraft.MinecraftUiHost#method:1025:dispatchTextInput:(Ldev/s7a/strata/input/TextInputEvent;)Ldev/s7a/strata/input/InputResult;
minecraft	Minecraft	dev.s7a.strata.runtime.minecraft.MinecraftUiHost#method:1025:frame:(Ldev/s7a/strata/geometry/IntSize;)Ldev/s7a/strata/runtime/spi/RuntimeUiFrame;
minecraft	Minecraft	dev.s7a.strata.runtime.minecraft.MinecraftUiHost#method:1025:frame:(Ldev/s7a/strata/geometry/IntSize;Ldev/s7a/strata/runtime/FrameTime;)Ldev/s7a/strata/runtime/spi/RuntimeUiFrame;
minecraft	Minecraft	dev.s7a.strata.runtime.minecraft.MinecraftUiHost#method:1025:getPausesGame:()Z
minecraft	Minecraft	dev.s7a.strata.runtime.minecraft.MinecraftUiHost#method:1025:getTextInputFocus:()Ldev/s7a/strata/runtime/spi/RuntimeTextInputFocus;
minecraft	Minecraft	dev.s7a.strata.runtime.minecraft.MinecraftUiHost#method:1025:getTitle:()Ldev/s7a/strata/text/UiText;
minecraft	Minecraft	dev.s7a.strata.runtime.minecraft.MinecraftUiHost#method:1025:resetInputState:()V
minecraft	Minecraft	dev.s7a.strata.runtime.minecraft.MinecraftUiHost#type:1537::dev.s7a.strata.runtime.spi.RuntimeUiDiagnosticsOwner,java.lang.AutoCloseable
minecraft	Minecraft	dev.s7a.strata.runtime.minecraft.MinecraftUiHost$DefaultImpls#method:9:startRenderMonitoring:(Ldev/s7a/strata/runtime/minecraft/MinecraftUiHost;I)Ldev/s7a/strata/runtime/diagnostics/UiRenderMonitor;
minecraft	Minecraft	dev.s7a.strata.runtime.minecraft.MinecraftUiHost$DefaultImpls#type:25:java.lang.Object:
minecraft	Minecraft	dev.s7a.strata.runtime.minecraft.MinecraftUiPlatform#method:1025:close:()V
minecraft	Minecraft	dev.s7a.strata.runtime.minecraft.MinecraftUiPlatform#method:1025:image:(Ldev/s7a/strata/resource/ResourceId;)Ldev/s7a/strata/render/DrawImage;
minecraft	Minecraft	dev.s7a.strata.runtime.minecraft.MinecraftUiPlatform#method:1025:inventorySlot:(Ldev/s7a/strata/component/SlotBinding;)Ldev/s7a/strata/runtime/minecraft/MinecraftInventorySlotBinding;
minecraft	Minecraft	dev.s7a.strata.runtime.minecraft.MinecraftUiPlatform#method:1025:playerSkin:(Ldev/s7a/strata/component/PlayerSkinSource;)Ldev/s7a/strata/runtime/minecraft/MinecraftPlayerSkinBinding;
minecraft	Minecraft	dev.s7a.strata.runtime.minecraft.MinecraftUiPlatform#method:1025:refresh:()V
minecraft	Minecraft	dev.s7a.strata.runtime.minecraft.MinecraftUiPlatform#type:1537::java.lang.AutoCloseable
minecraft	Minecraft	dev.s7a.strata.runtime.minecraft.MinecraftUiProfile#type:1537::
minecraft	Minecraft	dev.s7a.strata.runtime.minecraft.MinecraftUiProfileBuilder#method:1025:buttonDisabled:(Ldev/s7a/strata/render/DrawImage;ILdev/s7a/strata/component/NineSliceCenterMode;)V
minecraft	Minecraft	dev.s7a.strata.runtime.minecraft.MinecraftUiProfileBuilder#method:1025:buttonHighlighted:(Ldev/s7a/strata/render/DrawImage;ILdev/s7a/strata/component/NineSliceCenterMode;)V
minecraft	Minecraft	dev.s7a.strata.runtime.minecraft.MinecraftUiProfileBuilder#method:1025:buttonNormal:(Ldev/s7a/strata/render/DrawImage;ILdev/s7a/strata/component/NineSliceCenterMode;)V
minecraft	Minecraft	dev.s7a.strata.runtime.minecraft.MinecraftUiProfileBuilder#method:1025:checkbox:(Ldev/s7a/strata/render/DrawImage;)V
minecraft	Minecraft	dev.s7a.strata.runtime.minecraft.MinecraftUiProfileBuilder#method:1025:checkboxHighlighted:(Ldev/s7a/strata/render/DrawImage;)V
minecraft	Minecraft	dev.s7a.strata.runtime.minecraft.MinecraftUiProfileBuilder#method:1025:checkboxSelected:(Ldev/s7a/strata/render/DrawImage;)V
minecraft	Minecraft	dev.s7a.strata.runtime.minecraft.MinecraftUiProfileBuilder#method:1025:checkboxSelectedHighlighted:(Ldev/s7a/strata/render/DrawImage;)V
minecraft	Minecraft	dev.s7a.strata.runtime.minecraft.MinecraftUiProfileBuilder#method:1025:containerBackground:(Ldev/s7a/strata/render/DrawImage;)V
minecraft	Minecraft	dev.s7a.strata.runtime.minecraft.MinecraftUiProfileBuilder#method:1025:fonts:(Ldev/s7a/strata/runtime/minecraft/font/MinecraftFontSnapshot;)V
minecraft	Minecraft	dev.s7a.strata.runtime.minecraft.MinecraftUiProfileBuilder#method:1025:horizontalProgressBar:(Ldev/s7a/strata/render/DrawImage;Ldev/s7a/strata/render/DrawImage;)V
minecraft	Minecraft	dev.s7a.strata.runtime.minecraft.MinecraftUiProfileBuilder#method:1025:legacyTooltip-cySiClg:(III)V
minecraft	Minecraft	dev.s7a.strata.runtime.minecraft.MinecraftUiProfileBuilder#method:1025:listBackground:(Ldev/s7a/strata/render/DrawImage;)V
minecraft	Minecraft	dev.s7a.strata.runtime.minecraft.MinecraftUiProfileBuilder#method:1025:listFooterSeparator:(Ldev/s7a/strata/render/DrawImage;)V
minecraft	Minecraft	dev.s7a.strata.runtime.minecraft.MinecraftUiProfileBuilder#method:1025:listHeaderSeparator:(Ldev/s7a/strata/render/DrawImage;)V
minecraft	Minecraft	dev.s7a.strata.runtime.minecraft.MinecraftUiProfileBuilder#method:1025:loadingIndicator:(Ldev/s7a/strata/render/DrawImage;)V
minecraft	Minecraft	dev.s7a.strata.runtime.minecraft.MinecraftUiProfileBuilder#method:1025:menuBackground:(Ldev/s7a/strata/render/DrawImage;)V
minecraft	Minecraft	dev.s7a.strata.runtime.minecraft.MinecraftUiProfileBuilder#method:1025:printableAsciiGlyph:(ILdev/s7a/strata/render/DrawImage;)V
minecraft	Minecraft	dev.s7a.strata.runtime.minecraft.MinecraftUiProfileBuilder#method:1025:progressBarBorder:(Ldev/s7a/strata/render/DrawImage;)V
minecraft	Minecraft	dev.s7a.strata.runtime.minecraft.MinecraftUiProfileBuilder#method:1025:progressBarFill:(Ldev/s7a/strata/render/DrawImage;)V
minecraft	Minecraft	dev.s7a.strata.runtime.minecraft.MinecraftUiProfileBuilder#method:1025:progressBarFull:(Ldev/s7a/strata/render/DrawImage;)V
minecraft	Minecraft	dev.s7a.strata.runtime.minecraft.MinecraftUiProfileBuilder#method:1025:scrollbarBackground:(Ldev/s7a/strata/render/DrawImage;)V
minecraft	Minecraft	dev.s7a.strata.runtime.minecraft.MinecraftUiProfileBuilder#method:1025:scrollbarThumb:(Ldev/s7a/strata/render/DrawImage;)V
minecraft	Minecraft	dev.s7a.strata.runtime.minecraft.MinecraftUiProfileBuilder#method:1025:slider:(Ldev/s7a/strata/render/DrawImage;)V
minecraft	Minecraft	dev.s7a.strata.runtime.minecraft.MinecraftUiProfileBuilder#method:1025:slider:(Ldev/s7a/strata/render/DrawImage;ILdev/s7a/strata/component/NineSliceCenterMode;)V
minecraft	Minecraft	dev.s7a.strata.runtime.minecraft.MinecraftUiProfileBuilder#method:1025:sliderHandle:(Ldev/s7a/strata/render/DrawImage;)V
minecraft	Minecraft	dev.s7a.strata.runtime.minecraft.MinecraftUiProfileBuilder#method:1025:sliderHandleHighlighted:(Ldev/s7a/strata/render/DrawImage;)V
minecraft	Minecraft	dev.s7a.strata.runtime.minecraft.MinecraftUiProfileBuilder#method:1025:sliderHighlighted:(Ldev/s7a/strata/render/DrawImage;)V
minecraft	Minecraft	dev.s7a.strata.runtime.minecraft.MinecraftUiProfileBuilder#method:1025:sliderHighlighted:(Ldev/s7a/strata/render/DrawImage;ILdev/s7a/strata/component/NineSliceCenterMode;)V
minecraft	Minecraft	dev.s7a.strata.runtime.minecraft.MinecraftUiProfileBuilder#method:1025:slotHighlightBack:(Ldev/s7a/strata/render/DrawImage;)V
minecraft	Minecraft	dev.s7a.strata.runtime.minecraft.MinecraftUiProfileBuilder#method:1025:slotHighlightFront:(Ldev/s7a/strata/render/DrawImage;)V
minecraft	Minecraft	dev.s7a.strata.runtime.minecraft.MinecraftUiProfileBuilder#method:1025:textFieldHighlighted:(Ldev/s7a/strata/render/DrawImage;)V
minecraft	Minecraft	dev.s7a.strata.runtime.minecraft.MinecraftUiProfileBuilder#method:1025:textFieldNormal:(Ldev/s7a/strata/render/DrawImage;)V
minecraft	Minecraft	dev.s7a.strata.runtime.minecraft.MinecraftUiProfileBuilder#method:1025:tooltipBackground:(Ldev/s7a/strata/render/DrawImage;)V
minecraft	Minecraft	dev.s7a.strata.runtime.minecraft.MinecraftUiProfileBuilder#method:1025:tooltipFrame:(Ldev/s7a/strata/render/DrawImage;)V
minecraft	Minecraft	dev.s7a.strata.runtime.minecraft.MinecraftUiProfileBuilder#type:1537::
minecraft	Minecraft	dev.s7a.strata.runtime.minecraft.canvas.CanvasFailures#constructor:1:()V
minecraft	Minecraft	dev.s7a.strata.runtime.minecraft.canvas.CanvasFailures#constructor:1:(Ljava/lang/Throwable;)V
minecraft	Minecraft	dev.s7a.strata.runtime.minecraft.canvas.CanvasFailures#method:17:add:(Ljava/lang/Throwable;)V
minecraft	Minecraft	dev.s7a.strata.runtime.minecraft.canvas.CanvasFailures#method:17:attempt:(Lkotlin/jvm/functions/Function0;)V
minecraft	Minecraft	dev.s7a.strata.runtime.minecraft.canvas.CanvasFailures#method:17:throwIfPresent:()V
minecraft	Minecraft	dev.s7a.strata.runtime.minecraft.canvas.CanvasFailures#type:17:java.lang.Object:
minecraft	Minecraft	dev.s7a.strata.runtime.minecraft.canvas.NativeCanvasAllocationFailure#constructor:1:(Ldev/s7a/strata/runtime/minecraft/canvas/NativeCanvasTarget;Ljava/lang/Throwable;Z)V
minecraft	Minecraft	dev.s7a.strata.runtime.minecraft.canvas.NativeCanvasAllocationFailure#method:17:getFailure:()Ljava/lang/Throwable;
minecraft	Minecraft	dev.s7a.strata.runtime.minecraft.canvas.NativeCanvasAllocationFailure#method:17:getReleaseRequested:()Z
minecraft	Minecraft	dev.s7a.strata.runtime.minecraft.canvas.NativeCanvasAllocationFailure#method:17:getTarget:()Ldev/s7a/strata/runtime/minecraft/canvas/NativeCanvasTarget;
minecraft	Minecraft	dev.s7a.strata.runtime.minecraft.canvas.NativeCanvasAllocationFailure#type:17:java.lang.RuntimeException:
minecraft	Minecraft	dev.s7a.strata.runtime.minecraft.canvas.NativeCanvasCapture#method:1025:close:()V
minecraft	Minecraft	dev.s7a.strata.runtime.minecraft.canvas.NativeCanvasCapture#method:1025:render:(Ldev/s7a/strata/runtime/minecraft/canvas/NativeCanvasTarget;Ldev/s7a/strata/geometry/IntSize;Ldev/s7a/strata/runtime/FrameTime;)Ldev/s7a/strata/render/DrawImage;
minecraft	Minecraft	dev.s7a.strata.runtime.minecraft.canvas.NativeCanvasCapture#type:1537::java.lang.AutoCloseable
minecraft	Minecraft	dev.s7a.strata.runtime.minecraft.canvas.NativeCanvasDevice#constructor:1:(Ldev/s7a/strata/runtime/minecraft/canvas/NativeCanvasDriver;)V
minecraft	Minecraft	dev.s7a.strata.runtime.minecraft.canvas.NativeCanvasDevice#method:17:cancel:(Ldev/s7a/strata/runtime/minecraft/canvas/NativeCanvasPresentation;)V
minecraft	Minecraft	dev.s7a.strata.runtime.minecraft.canvas.NativeCanvasDevice#method:17:closeAfterGuiDiscarded:()V
minecraft	Minecraft	dev.s7a.strata.runtime.minecraft.canvas.NativeCanvasDevice#method:17:consumed:()V
minecraft	Minecraft	dev.s7a.strata.runtime.minecraft.canvas.NativeCanvasDevice#method:17:failedGui:()V
minecraft	Minecraft	dev.s7a.strata.runtime.minecraft.canvas.NativeCanvasDevice#method:17:getGuiResources:()Ldev/s7a/strata/runtime/minecraft/canvas/NativeGuiResources;
minecraft	Minecraft	dev.s7a.strata.runtime.minecraft.canvas.NativeCanvasDevice#method:17:poll:()V
minecraft	Minecraft	dev.s7a.strata.runtime.minecraft.canvas.NativeCanvasDevice#method:17:prepare:(Ljava/util/List;Ldev/s7a/strata/runtime/FrameTime;I)Ldev/s7a/strata/runtime/minecraft/canvas/NativeCanvasPresentation;
minecraft	Minecraft	dev.s7a.strata.runtime.minecraft.canvas.NativeCanvasDevice#method:17:queue:(Ldev/s7a/strata/runtime/minecraft/canvas/NativeCanvasPresentation;)V
minecraft	Minecraft	dev.s7a.strata.runtime.minecraft.canvas.NativeCanvasDevice#method:17:registerGuiResourceManager:(Ldev/s7a/strata/runtime/minecraft/canvas/NativeGuiResourceManager;)V
minecraft	Minecraft	dev.s7a.strata.runtime.minecraft.canvas.NativeCanvasDevice#method:17:reload:()V
minecraft	Minecraft	dev.s7a.strata.runtime.minecraft.canvas.NativeCanvasDevice#method:17:retainedManagedGuiResourceBytes:()J
minecraft	Minecraft	dev.s7a.strata.runtime.minecraft.canvas.NativeCanvasDevice#method:17:retainedManagedGuiResourceCount:()I
minecraft	Minecraft	dev.s7a.strata.runtime.minecraft.canvas.NativeCanvasDevice#method:17:retainedTargetCount:()I
minecraft	Minecraft	dev.s7a.strata.runtime.minecraft.canvas.NativeCanvasDevice#method:17:source:(Lkotlin/jvm/functions/Function0;Z)Ldev/s7a/strata/component/CanvasSource;
minecraft	Minecraft	dev.s7a.strata.runtime.minecraft.canvas.NativeCanvasDevice#method:17:target:(Ldev/s7a/strata/runtime/minecraft/canvas/NativeCanvasPresentation;Ldev/s7a/strata/runtime/minecraft/canvas/NativeCanvasToken;)Ldev/s7a/strata/runtime/minecraft/canvas/NativeCanvasTarget;
minecraft	Minecraft	dev.s7a.strata.runtime.minecraft.canvas.NativeCanvasDevice#type:17:java.lang.Object:
minecraft	Minecraft	dev.s7a.strata.runtime.minecraft.canvas.NativeCanvasDevices#field:25:INSTANCE:Ldev/s7a/strata/runtime/minecraft/canvas/NativeCanvasDevices;
minecraft	Minecraft	dev.s7a.strata.runtime.minecraft.canvas.NativeCanvasDevices#method:17:closeAfterGuiDiscarded:()V
minecraft	Minecraft	dev.s7a.strata.runtime.minecraft.canvas.NativeCanvasDevices#method:17:consumed:()V
minecraft	Minecraft	dev.s7a.strata.runtime.minecraft.canvas.NativeCanvasDevices#method:17:device:(Ldev/s7a/strata/runtime/minecraft/canvas/NativeCanvasDriver;)Ldev/s7a/strata/runtime/minecraft/canvas/NativeCanvasDevice;
minecraft	Minecraft	dev.s7a.strata.runtime.minecraft.canvas.NativeCanvasDevices#method:17:failedGui:()V
minecraft	Minecraft	dev.s7a.strata.runtime.minecraft.canvas.NativeCanvasDevices#method:17:poll:()V
minecraft	Minecraft	dev.s7a.strata.runtime.minecraft.canvas.NativeCanvasDevices#method:17:reload:()V
minecraft	Minecraft	dev.s7a.strata.runtime.minecraft.canvas.NativeCanvasDevices#method:17:retainedGuiResourceSetCount:()I
minecraft	Minecraft	dev.s7a.strata.runtime.minecraft.canvas.NativeCanvasDevices#method:17:retainedManagedGuiResourceBytes:()J
minecraft	Minecraft	dev.s7a.strata.runtime.minecraft.canvas.NativeCanvasDevices#method:17:retainedManagedGuiResourceCount:()I
minecraft	Minecraft	dev.s7a.strata.runtime.minecraft.canvas.NativeCanvasDevices#method:17:retainedTargetCount:()I
minecraft	Minecraft	dev.s7a.strata.runtime.minecraft.canvas.NativeCanvasDevices#type:17:java.lang.Object:
minecraft	Minecraft	dev.s7a.strata.runtime.minecraft.canvas.NativeCanvasDriver#method:1025:createTarget:(Ldev/s7a/strata/geometry/IntSize;Z)Ldev/s7a/strata/runtime/minecraft/canvas/NativeCanvasTarget;
minecraft	Minecraft	dev.s7a.strata.runtime.minecraft.canvas.NativeCanvasDriver#method:1025:fence:()Ldev/s7a/strata/runtime/minecraft/canvas/NativeCanvasFence;
minecraft	Minecraft	dev.s7a.strata.runtime.minecraft.canvas.NativeCanvasDriver#method:1025:finish:()V
minecraft	Minecraft	dev.s7a.strata.runtime.minecraft.canvas.NativeCanvasDriver#method:1:drainRetirements:()V
minecraft	Minecraft	dev.s7a.strata.runtime.minecraft.canvas.NativeCanvasDriver#type:1537::
minecraft	Minecraft	dev.s7a.strata.runtime.minecraft.canvas.NativeCanvasDriver$DefaultImpls#method:9:drainRetirements:(Ldev/s7a/strata/runtime/minecraft/canvas/NativeCanvasDriver;)V
minecraft	Minecraft	dev.s7a.strata.runtime.minecraft.canvas.NativeCanvasDriver$DefaultImpls#type:25:java.lang.Object:
minecraft	Minecraft	dev.s7a.strata.runtime.minecraft.canvas.NativeCanvasFence#method:1025:close:()V
minecraft	Minecraft	dev.s7a.strata.runtime.minecraft.canvas.NativeCanvasFence#method:1025:isSignalled:()Z
minecraft	Minecraft	dev.s7a.strata.runtime.minecraft.canvas.NativeCanvasFence#type:1537::java.lang.AutoCloseable
minecraft	Minecraft	dev.s7a.strata.runtime.minecraft.canvas.NativeCanvasPresentation#constructor:1:(JJLjava/util/List;Ljava/util/List;Z)V
minecraft	Minecraft	dev.s7a.strata.runtime.minecraft.canvas.NativeCanvasPresentation#method:17:capture:()Ljava/util/List;
minecraft	Minecraft	dev.s7a.strata.runtime.minecraft.canvas.NativeCanvasPresentation#method:17:getBatchId$dev_s7a_strata_minecraft:()J
minecraft	Minecraft	dev.s7a.strata.runtime.minecraft.canvas.NativeCanvasPresentation#method:17:getDeviceId$dev_s7a_strata_minecraft:()J
minecraft	Minecraft	dev.s7a.strata.runtime.minecraft.canvas.NativeCanvasPresentation#method:17:getDrawCommands:()Ljava/util/List;
minecraft	Minecraft	dev.s7a.strata.runtime.minecraft.canvas.NativeCanvasPresentation#type:17:java.lang.Object:
minecraft	Minecraft	dev.s7a.strata.runtime.minecraft.canvas.NativeCanvasProducer#method:1025:capture:()Ldev/s7a/strata/runtime/minecraft/canvas/NativeCanvasCapture;
minecraft	Minecraft	dev.s7a.strata.runtime.minecraft.canvas.NativeCanvasProducer#method:1025:close:()V
minecraft	Minecraft	dev.s7a.strata.runtime.minecraft.canvas.NativeCanvasProducer#type:1537::java.lang.AutoCloseable
minecraft	Minecraft	dev.s7a.strata.runtime.minecraft.canvas.NativeCanvasRequest#constructor:1:(JJ)V
minecraft	Minecraft	dev.s7a.strata.runtime.minecraft.canvas.NativeCanvasRequest#method:17:getAttachmentId$dev_s7a_strata_minecraft:()J
minecraft	Minecraft	dev.s7a.strata.runtime.minecraft.canvas.NativeCanvasRequest#method:17:getDeviceId$dev_s7a_strata_minecraft:()J
minecraft	Minecraft	dev.s7a.strata.runtime.minecraft.canvas.NativeCanvasRequest#type:17:java.lang.Object:dev.s7a.strata.render.PlatformDrawCommand
minecraft	Minecraft	dev.s7a.strata.runtime.minecraft.canvas.NativeCanvasSnapshot#constructor:1:(Ldev/s7a/strata/runtime/minecraft/canvas/NativeCanvasToken;Ldev/s7a/strata/render/DrawImage;)V
minecraft	Minecraft	dev.s7a.strata.runtime.minecraft.canvas.NativeCanvasSnapshot#method:17:getImage$dev_s7a_strata_minecraft:()Ldev/s7a/strata/render/DrawImage;
minecraft	Minecraft	dev.s7a.strata.runtime.minecraft.canvas.NativeCanvasSnapshot#method:17:getToken$dev_s7a_strata_minecraft:()Ldev/s7a/strata/runtime/minecraft/canvas/NativeCanvasToken;
minecraft	Minecraft	dev.s7a.strata.runtime.minecraft.canvas.NativeCanvasSnapshot#type:17:java.lang.Object:
minecraft	Minecraft	dev.s7a.strata.runtime.minecraft.canvas.NativeCanvasSources#method:25:nativeCanvasSource:(Ldev/s7a/strata/runtime/minecraft/canvas/NativeCanvasDriver;Lkotlin/jvm/functions/Function0;Z)Ldev/s7a/strata/component/CanvasSource;
minecraft	Minecraft	dev.s7a.strata.runtime.minecraft.canvas.NativeCanvasSources#type:17:java.lang.Object:
minecraft	Minecraft	dev.s7a.strata.runtime.minecraft.canvas.NativeCanvasTarget#method:1025:close:()V
minecraft	Minecraft	dev.s7a.strata.runtime.minecraft.canvas.NativeCanvasTarget#method:1025:getSize:()Ldev/s7a/strata/geometry/IntSize;
minecraft	Minecraft	dev.s7a.strata.runtime.minecraft.canvas.NativeCanvasTarget#method:1:isDestroyed:()Z
minecraft	Minecraft	dev.s7a.strata.runtime.minecraft.canvas.NativeCanvasTarget#type:1537::java.lang.AutoCloseable
minecraft	Minecraft	dev.s7a.strata.runtime.minecraft.canvas.NativeCanvasTarget$DefaultImpls#method:9:isDestroyed:(Ldev/s7a/strata/runtime/minecraft/canvas/NativeCanvasTarget;)Z
minecraft	Minecraft	dev.s7a.strata.runtime.minecraft.canvas.NativeCanvasTarget$DefaultImpls#type:25:java.lang.Object:
minecraft	Minecraft	dev.s7a.strata.runtime.minecraft.canvas.NativeCanvasToken#constructor:1:(JJJLdev/s7a/strata/geometry/IntSize;)V
minecraft	Minecraft	dev.s7a.strata.runtime.minecraft.canvas.NativeCanvasToken#method:17:getAttachmentId$dev_s7a_strata_minecraft:()J
minecraft	Minecraft	dev.s7a.strata.runtime.minecraft.canvas.NativeCanvasToken#method:17:getDeviceId$dev_s7a_strata_minecraft:()J
minecraft	Minecraft	dev.s7a.strata.runtime.minecraft.canvas.NativeCanvasToken#method:17:getGeneration$dev_s7a_strata_minecraft:()J
minecraft	Minecraft	dev.s7a.strata.runtime.minecraft.canvas.NativeCanvasToken#method:17:getPhysicalSize:()Ldev/s7a/strata/geometry/IntSize;
minecraft	Minecraft	dev.s7a.strata.runtime.minecraft.canvas.NativeCanvasToken#type:17:java.lang.Object:dev.s7a.strata.render.PlatformDrawCommand
minecraft	Minecraft	dev.s7a.strata.runtime.minecraft.canvas.NativeGuiResource#method:1025:close:()V
minecraft	Minecraft	dev.s7a.strata.runtime.minecraft.canvas.NativeGuiResource#method:1:isDestroyed:()Z
minecraft	Minecraft	dev.s7a.strata.runtime.minecraft.canvas.NativeGuiResource#type:1537::java.lang.AutoCloseable
minecraft	Minecraft	dev.s7a.strata.runtime.minecraft.canvas.NativeGuiResource$DefaultImpls#method:9:isDestroyed:(Ldev/s7a/strata/runtime/minecraft/canvas/NativeGuiResource;)Z
minecraft	Minecraft	dev.s7a.strata.runtime.minecraft.canvas.NativeGuiResource$DefaultImpls#type:25:java.lang.Object:
minecraft	Minecraft	dev.s7a.strata.runtime.minecraft.canvas.NativeGuiResourceManager#method:1025:acknowledgeAfterDrain:()V
minecraft	Minecraft	dev.s7a.strata.runtime.minecraft.canvas.NativeGuiResourceManager#method:1025:beginShutdown:()V
minecraft	Minecraft	dev.s7a.strata.runtime.minecraft.canvas.NativeGuiResourceManager#method:1025:closeAfterFinish:()V
minecraft	Minecraft	dev.s7a.strata.runtime.minecraft.canvas.NativeGuiResourceManager#method:1025:consumed:()V
minecraft	Minecraft	dev.s7a.strata.runtime.minecraft.canvas.NativeGuiResourceManager#method:1025:failedGui:()V
minecraft	Minecraft	dev.s7a.strata.runtime.minecraft.canvas.NativeGuiResourceManager#method:1025:poll:()V
minecraft	Minecraft	dev.s7a.strata.runtime.minecraft.canvas.NativeGuiResourceManager#method:1025:reload:()V
minecraft	Minecraft	dev.s7a.strata.runtime.minecraft.canvas.NativeGuiResourceManager#method:1025:retainedResourceBytes:()J
minecraft	Minecraft	dev.s7a.strata.runtime.minecraft.canvas.NativeGuiResourceManager#method:1025:retainedResourceCount:()I
minecraft	Minecraft	dev.s7a.strata.runtime.minecraft.canvas.NativeGuiResourceManager#type:1537::
minecraft	Minecraft	dev.s7a.strata.runtime.minecraft.canvas.NativeGuiResourceOwnerId#constructor:1:(JJ)V
minecraft	Minecraft	dev.s7a.strata.runtime.minecraft.canvas.NativeGuiResourceOwnerId#method:17:getDeviceId$dev_s7a_strata_minecraft:()J
minecraft	Minecraft	dev.s7a.strata.runtime.minecraft.canvas.NativeGuiResourceOwnerId#method:17:getValue$dev_s7a_strata_minecraft:()J
minecraft	Minecraft	dev.s7a.strata.runtime.minecraft.canvas.NativeGuiResourceOwnerId#type:17:java.lang.Object:
minecraft	Minecraft	dev.s7a.strata.runtime.minecraft.canvas.NativeGuiResourceSet#constructor:1:(JJ)V
minecraft	Minecraft	dev.s7a.strata.runtime.minecraft.canvas.NativeGuiResourceSet#method:17:getDeviceId$dev_s7a_strata_minecraft:()J
minecraft	Minecraft	dev.s7a.strata.runtime.minecraft.canvas.NativeGuiResourceSet#method:17:getValue$dev_s7a_strata_minecraft:()J
minecraft	Minecraft	dev.s7a.strata.runtime.minecraft.canvas.NativeGuiResourceSet#type:17:java.lang.Object:
minecraft	Minecraft	dev.s7a.strata.runtime.minecraft.canvas.NativeGuiResources#constructor:1:(Ldev/s7a/strata/runtime/minecraft/canvas/NativeCanvasDriver;JLkotlin/jvm/functions/Function0;)V
minecraft	Minecraft	dev.s7a.strata.runtime.minecraft.canvas.NativeGuiResources#method:17:acknowledgeAfterDrain$dev_s7a_strata_minecraft:()V
minecraft	Minecraft	dev.s7a.strata.runtime.minecraft.canvas.NativeGuiResources#method:17:add:(Ldev/s7a/strata/runtime/minecraft/canvas/NativeGuiResourceSet;Ldev/s7a/strata/runtime/minecraft/canvas/NativeGuiResource;)V
minecraft	Minecraft	dev.s7a.strata.runtime.minecraft.canvas.NativeGuiResources#method:17:beginShutdown$dev_s7a_strata_minecraft:()V
minecraft	Minecraft	dev.s7a.strata.runtime.minecraft.canvas.NativeGuiResources#method:17:beginUse:(Ldev/s7a/strata/runtime/minecraft/canvas/NativeGuiResourceSet;)V
minecraft	Minecraft	dev.s7a.strata.runtime.minecraft.canvas.NativeGuiResources#method:17:closeAfterFinish$dev_s7a_strata_minecraft:()V
minecraft	Minecraft	dev.s7a.strata.runtime.minecraft.canvas.NativeGuiResources#method:17:consumed$dev_s7a_strata_minecraft:()V
minecraft	Minecraft	dev.s7a.strata.runtime.minecraft.canvas.NativeGuiResources#method:17:createOwnerId:()Ldev/s7a/strata/runtime/minecraft/canvas/NativeGuiResourceOwnerId;
minecraft	Minecraft	dev.s7a.strata.runtime.minecraft.canvas.NativeGuiResources#method:17:endUse:(Ldev/s7a/strata/runtime/minecraft/canvas/NativeGuiResourceSet;)V
minecraft	Minecraft	dev.s7a.strata.runtime.minecraft.canvas.NativeGuiResources#method:17:failedGui$dev_s7a_strata_minecraft:()V
minecraft	Minecraft	dev.s7a.strata.runtime.minecraft.canvas.NativeGuiResources#method:17:isOperating$dev_s7a_strata_minecraft:()Z
minecraft	Minecraft	dev.s7a.strata.runtime.minecraft.canvas.NativeGuiResources#method:17:poll$dev_s7a_strata_minecraft:()V
minecraft	Minecraft	dev.s7a.strata.runtime.minecraft.canvas.NativeGuiResources#method:17:queued:(Ldev/s7a/strata/runtime/minecraft/canvas/NativeGuiResourceSet;)V
minecraft	Minecraft	dev.s7a.strata.runtime.minecraft.canvas.NativeGuiResources#method:17:release:(Ldev/s7a/strata/runtime/minecraft/canvas/NativeGuiResourceSet;)V
minecraft	Minecraft	dev.s7a.strata.runtime.minecraft.canvas.NativeGuiResources#method:17:reserve:(Ldev/s7a/strata/runtime/minecraft/canvas/NativeGuiResourceOwnerId;Ljava/util/List;)Ldev/s7a/strata/runtime/minecraft/canvas/NativeGuiResourceSet;
minecraft	Minecraft	dev.s7a.strata.runtime.minecraft.canvas.NativeGuiResources#method:17:retainedSetCount:()I
minecraft	Minecraft	dev.s7a.strata.runtime.minecraft.canvas.NativeGuiResources#method:17:reuse:(Ldev/s7a/strata/runtime/minecraft/canvas/NativeGuiResourceSet;Ldev/s7a/strata/runtime/minecraft/canvas/NativeGuiResourceSet;I)V
minecraft	Minecraft	dev.s7a.strata.runtime.minecraft.canvas.NativeGuiResources#method:17:seal:(Ldev/s7a/strata/runtime/minecraft/canvas/NativeGuiResourceSet;)V
minecraft	Minecraft	dev.s7a.strata.runtime.minecraft.canvas.NativeGuiResources#type:17:java.lang.Object:
minecraft	Minecraft	dev.s7a.strata.runtime.minecraft.canvas.NativeGuiResources$WhenMappings#type:4121:java.lang.Object:
minecraft	Minecraft	dev.s7a.strata.runtime.minecraft.font.FontAssetReadsKt#method:25:readMinecraftFontBytes:(Ljava/io/InputStream;I)[B
minecraft	Minecraft	dev.s7a.strata.runtime.minecraft.font.FontAssetReadsKt#type:17:java.lang.Object:
minecraft	Minecraft	dev.s7a.strata.runtime.minecraft.font.FontBitmapCell#field:25:Companion:Ldev/s7a/strata/runtime/minecraft/font/FontBitmapCell$Companion;
minecraft	Minecraft	dev.s7a.strata.runtime.minecraft.font.FontBitmapCell#method:17:getImage:()Ldev/s7a/strata/render/DrawImage;
minecraft	Minecraft	dev.s7a.strata.runtime.minecraft.font.FontBitmapCell#method:17:getOversizedRasterSize:()Ldev/s7a/strata/geometry/IntSize;
minecraft	Minecraft	dev.s7a.strata.runtime.minecraft.font.FontBitmapCell#method:17:getRightmost:()I
minecraft	Minecraft	dev.s7a.strata.runtime.minecraft.font.FontBitmapCell#method:17:getSize:()Ldev/s7a/strata/geometry/IntSize;
minecraft	Minecraft	dev.s7a.strata.runtime.minecraft.font.FontBitmapCell#type:17:java.lang.Object:
minecraft	Minecraft	dev.s7a.strata.runtime.minecraft.font.FontBitmapCell$Companion#method:17:read:(Ldev/s7a/strata/geometry/IntSize;Lkotlin/jvm/functions/Function2;)Ldev/s7a/strata/runtime/minecraft/font/FontBitmapCell;
minecraft	Minecraft	dev.s7a.strata.runtime.minecraft.font.FontBitmapCell$Companion#type:25:java.lang.Object:
minecraft	Minecraft	dev.s7a.strata.runtime.minecraft.font.FontCloseFailures#constructor:1:()V
minecraft	Minecraft	dev.s7a.strata.runtime.minecraft.font.FontCloseFailures#method:17:attempt:(Lkotlin/jvm/functions/Function0;)V
minecraft	Minecraft	dev.s7a.strata.runtime.minecraft.font.FontCloseFailures#method:17:throwFailure:()V
minecraft	Minecraft	dev.s7a.strata.runtime.minecraft.font.FontCloseFailures#type:17:java.lang.Object:
minecraft	Minecraft	dev.s7a.strata.runtime.minecraft.font.FontEntryObserver#constructor:1:(Ldev/s7a/strata/runtime/minecraft/font/FontLoadBudget;J)V
minecraft	Minecraft	dev.s7a.strata.runtime.minecraft.font.FontEntryObserver#method:17:complete:(I)V
minecraft	Minecraft	dev.s7a.strata.runtime.minecraft.font.FontEntryObserver#method:17:getObserved:()J
minecraft	Minecraft	dev.s7a.strata.runtime.minecraft.font.FontEntryObserver#method:1:close:()V
minecraft	Minecraft	dev.s7a.strata.runtime.minecraft.font.FontEntryObserver#method:1:invoke:()V
minecraft	Minecraft	dev.s7a.strata.runtime.minecraft.font.FontEntryObserver#type:17:java.lang.Object:java.lang.AutoCloseable,kotlin.jvm.functions.Function0
minecraft	Minecraft	dev.s7a.strata.runtime.minecraft.font.FontFaceKey#constructor:1:(Ldev/s7a/strata/runtime/minecraft/font/FontResource;Ldev/s7a/strata/runtime/minecraft/font/MinecraftTrueTypeSettings;)V
minecraft	Minecraft	dev.s7a.strata.runtime.minecraft.font.FontFaceKey#method:17:component1:()Ldev/s7a/strata/runtime/minecraft/font/FontResource;
minecraft	Minecraft	dev.s7a.strata.runtime.minecraft.font.FontFaceKey#method:17:component2:()Ldev/s7a/strata/runtime/minecraft/font/MinecraftTrueTypeSettings;
minecraft	Minecraft	dev.s7a.strata.runtime.minecraft.font.FontFaceKey#method:17:copy:(Ldev/s7a/strata/runtime/minecraft/font/FontResource;Ldev/s7a/strata/runtime/minecraft/font/MinecraftTrueTypeSettings;)Ldev/s7a/strata/runtime/minecraft/font/FontFaceKey;
minecraft	Minecraft	dev.s7a.strata.runtime.minecraft.font.FontFaceKey#method:17:getResource:()Ldev/s7a/strata/runtime/minecraft/font/FontResource;
minecraft	Minecraft	dev.s7a.strata.runtime.minecraft.font.FontFaceKey#method:17:getSettings:()Ldev/s7a/strata/runtime/minecraft/font/MinecraftTrueTypeSettings;
minecraft	Minecraft	dev.s7a.strata.runtime.minecraft.font.FontFaceKey#method:1:equals:(Ljava/lang/Object;)Z
minecraft	Minecraft	dev.s7a.strata.runtime.minecraft.font.FontFaceKey#method:1:hashCode:()I
minecraft	Minecraft	dev.s7a.strata.runtime.minecraft.font.FontFaceKey#method:1:toString:()Ljava/lang/String;
minecraft	Minecraft	dev.s7a.strata.runtime.minecraft.font.FontFaceKey#type:17:java.lang.Object:
minecraft	Minecraft	dev.s7a.strata.runtime.minecraft.font.FontGraphResolver#constructor:1:(Ljava/util/Map;Ljava/util/List;Ldev/s7a/strata/runtime/minecraft/font/FontLoadBudget;)V
minecraft	Minecraft	dev.s7a.strata.runtime.minecraft.font.FontGraphResolver#method:17:resolve:()Ljava/util/Map;
minecraft	Minecraft	dev.s7a.strata.runtime.minecraft.font.FontGraphResolver#type:17:java.lang.Object:
minecraft	Minecraft	dev.s7a.strata.runtime.minecraft.font.FontHexGlyph#constructor:1:(I[J)V
minecraft	Minecraft	dev.s7a.strata.runtime.minecraft.font.FontHexGlyph#method:17:bounds:()Lkotlin/ranges/IntRange;
minecraft	Minecraft	dev.s7a.strata.runtime.minecraft.font.FontHexGlyph#method:17:getWidth:()I
minecraft	Minecraft	dev.s7a.strata.runtime.minecraft.font.FontHexGlyph#method:17:ink:(II)Z
minecraft	Minecraft	dev.s7a.strata.runtime.minecraft.font.FontHexGlyph#type:17:java.lang.Object:
minecraft	Minecraft	dev.s7a.strata.runtime.minecraft.font.FontJson#field:25:INSTANCE:Ldev/s7a/strata/runtime/minecraft/font/FontJson;
minecraft	Minecraft	dev.s7a.strata.runtime.minecraft.font.FontJson#method:17:array:(Lcom/google/gson/JsonElement;)Lcom/google/gson/JsonArray;
minecraft	Minecraft	dev.s7a.strata.runtime.minecraft.font.FontJson#method:17:boolean:(Lcom/google/gson/JsonElement;)Z
minecraft	Minecraft	dev.s7a.strata.runtime.minecraft.font.FontJson#method:17:codePoint:(Ljava/lang/String;)I
minecraft	Minecraft	dev.s7a.strata.runtime.minecraft.font.FontJson#method:17:decimal:(Lcom/google/gson/JsonElement;)F
minecraft	Minecraft	dev.s7a.strata.runtime.minecraft.font.FontJson#method:17:document:([BLdev/s7a/strata/runtime/minecraft/font/MinecraftFontLoadLimits;)Lcom/google/gson/JsonObject;
minecraft	Minecraft	dev.s7a.strata.runtime.minecraft.font.FontJson#method:17:identifier:(Ljava/lang/String;)Ldev/s7a/strata/resource/ResourceId;
minecraft	Minecraft	dev.s7a.strata.runtime.minecraft.font.FontJson#method:17:integer:(Lcom/google/gson/JsonElement;)I
minecraft	Minecraft	dev.s7a.strata.runtime.minecraft.font.FontJson#method:17:objectValue:(Lcom/google/gson/JsonElement;)Lcom/google/gson/JsonObject;
minecraft	Minecraft	dev.s7a.strata.runtime.minecraft.font.FontJson#method:17:string:(Lcom/google/gson/JsonElement;)Ljava/lang/String;
minecraft	Minecraft	dev.s7a.strata.runtime.minecraft.font.FontJson#method:17:validateScalar:(I)V
minecraft	Minecraft	dev.s7a.strata.runtime.minecraft.font.FontJson#type:17:java.lang.Object:
minecraft	Minecraft	dev.s7a.strata.runtime.minecraft.font.FontJsonBounds#field:25:INSTANCE:Ldev/s7a/strata/runtime/minecraft/font/FontJsonBounds;
minecraft	Minecraft	dev.s7a.strata.runtime.minecraft.font.FontJsonBounds#method:17:check:(Ljava/lang/String;Ldev/s7a/strata/runtime/minecraft/font/MinecraftFontLoadLimits;)V
minecraft	Minecraft	dev.s7a.strata.runtime.minecraft.font.FontJsonBounds#type:17:java.lang.Object:
minecraft	Minecraft	dev.s7a.strata.runtime.minecraft.font.FontJsonBounds$WhenMappings#type:4121:java.lang.Object:
minecraft	Minecraft	dev.s7a.strata.runtime.minecraft.font.FontLoadBudget#constructor:1:(Ldev/s7a/strata/runtime/minecraft/font/MinecraftFontLoadLimits;)V
minecraft	Minecraft	dev.s7a.strata.runtime.minecraft.font.FontLoadBudget#method:17:claim:(Ldev/s7a/strata/runtime/minecraft/font/FontLoadBudget$Kind;J)V
minecraft	Minecraft	dev.s7a.strata.runtime.minecraft.font.FontLoadBudget#method:17:getLimits:()Ldev/s7a/strata/runtime/minecraft/font/MinecraftFontLoadLimits;
minecraft	Minecraft	dev.s7a.strata.runtime.minecraft.font.FontLoadBudget#method:17:paths:(Ldev/s7a/strata/runtime/minecraft/font/MinecraftFontAssetSource;)Ljava/util/Set;
minecraft	Minecraft	dev.s7a.strata.runtime.minecraft.font.FontLoadBudget#method:17:read:(Ldev/s7a/strata/runtime/minecraft/font/MinecraftFontAssetSource;Ljava/lang/String;Z)[B
minecraft	Minecraft	dev.s7a.strata.runtime.minecraft.font.FontLoadBudget#method:17:remaining:(Ldev/s7a/strata/runtime/minecraft/font/FontLoadBudget$Kind;)J
minecraft	Minecraft	dev.s7a.strata.runtime.minecraft.font.FontLoadBudget#type:17:java.lang.Object:
minecraft	Minecraft	dev.s7a.strata.runtime.minecraft.font.FontLoadBudget$Kind#field:16409:DecompressedBytes:Ldev/s7a/strata/runtime/minecraft/font/FontLoadBudget$Kind;
minecraft	Minecraft	dev.s7a.strata.runtime.minecraft.font.FontLoadBudget$Kind#field:16409:FontDocuments:Ldev/s7a/strata/runtime/minecraft/font/FontLoadBudget$Kind;
minecraft	Minecraft	dev.s7a.strata.runtime.minecraft.font.FontLoadBudget$Kind#field:16409:GlyphRowBytes:Ldev/s7a/strata/runtime/minecraft/font/FontLoadBudget$Kind;
minecraft	Minecraft	dev.s7a.strata.runtime.minecraft.font.FontLoadBudget$Kind#field:16409:Glyphs:Ldev/s7a/strata/runtime/minecraft/font/FontLoadBudget$Kind;
minecraft	Minecraft	dev.s7a.strata.runtime.minecraft.font.FontLoadBudget$Kind#field:16409:InputBytes:Ldev/s7a/strata/runtime/minecraft/font/FontLoadBudget$Kind;
minecraft	Minecraft	dev.s7a.strata.runtime.minecraft.font.FontLoadBudget$Kind#field:16409:Providers:Ldev/s7a/strata/runtime/minecraft/font/FontLoadBudget$Kind;
minecraft	Minecraft	dev.s7a.strata.runtime.minecraft.font.FontLoadBudget$Kind#field:16409:ResolvedProviders:Ldev/s7a/strata/runtime/minecraft/font/FontLoadBudget$Kind;
minecraft	Minecraft	dev.s7a.strata.runtime.minecraft.font.FontLoadBudget$Kind#field:16409:SourceEntries:Ldev/s7a/strata/runtime/minecraft/font/FontLoadBudget$Kind;
minecraft	Minecraft	dev.s7a.strata.runtime.minecraft.font.FontLoadBudget$Kind#field:16409:TrueTypeFaces:Ldev/s7a/strata/runtime/minecraft/font/FontLoadBudget$Kind;
minecraft	Minecraft	dev.s7a.strata.runtime.minecraft.font.FontLoadBudget$Kind#field:16409:TrueTypeInputBytes:Ldev/s7a/strata/runtime/minecraft/font/FontLoadBudget$Kind;
minecraft	Minecraft	dev.s7a.strata.runtime.minecraft.font.FontLoadBudget$Kind#method:9:getEntries:()Lkotlin/enums/EnumEntries;
minecraft	Minecraft	dev.s7a.strata.runtime.minecraft.font.FontLoadBudget$Kind#method:9:valueOf:(Ljava/lang/String;)Ldev/s7a/strata/runtime/minecraft/font/FontLoadBudget$Kind;
minecraft	Minecraft	dev.s7a.strata.runtime.minecraft.font.FontLoadBudget$Kind#method:9:values:()[Ldev/s7a/strata/runtime/minecraft/font/FontLoadBudget$Kind;
minecraft	Minecraft	dev.s7a.strata.runtime.minecraft.font.FontLoadBudget$Kind#type:16409:java.lang.Enum:
minecraft	Minecraft	dev.s7a.strata.runtime.minecraft.font.FontLoadBudget$WhenMappings#type:4121:java.lang.Object:
minecraft	Minecraft	dev.s7a.strata.runtime.minecraft.font.FontLoadingChecksKt#method:25:checkedFontPaths:(Ljava/util/Set;Ldev/s7a/strata/runtime/minecraft/font/MinecraftFontLoadLimits;)Ljava/util/Set;
minecraft	Minecraft	dev.s7a.strata.runtime.minecraft.font.FontLoadingChecksKt#method:25:requireFontLimit:(JJLjava/lang/String;)V
minecraft	Minecraft	dev.s7a.strata.runtime.minecraft.font.FontLoadingChecksKt#type:17:java.lang.Object:
minecraft	Minecraft	dev.s7a.strata.runtime.minecraft.font.FontOption#field:16409:JapaneseVariants:Ldev/s7a/strata/runtime/minecraft/font/FontOption;
minecraft	Minecraft	dev.s7a.strata.runtime.minecraft.font.FontOption#field:16409:Uniform:Ldev/s7a/strata/runtime/minecraft/font/FontOption;
minecraft	Minecraft	dev.s7a.strata.runtime.minecraft.font.FontOption#field:25:Companion:Ldev/s7a/strata/runtime/minecraft/font/FontOption$Companion;
minecraft	Minecraft	dev.s7a.strata.runtime.minecraft.font.FontOption#method:17:getSerializedName:()Ljava/lang/String;
minecraft	Minecraft	dev.s7a.strata.runtime.minecraft.font.FontOption#method:9:getEntries:()Lkotlin/enums/EnumEntries;
minecraft	Minecraft	dev.s7a.strata.runtime.minecraft.font.FontOption#method:9:valueOf:(Ljava/lang/String;)Ldev/s7a/strata/runtime/minecraft/font/FontOption;
minecraft	Minecraft	dev.s7a.strata.runtime.minecraft.font.FontOption#method:9:values:()[Ldev/s7a/strata/runtime/minecraft/font/FontOption;
minecraft	Minecraft	dev.s7a.strata.runtime.minecraft.font.FontOption#type:16401:java.lang.Enum:
minecraft	Minecraft	dev.s7a.strata.runtime.minecraft.font.FontOption$Companion#method:17:decode:(Ljava/lang/String;)Ldev/s7a/strata/runtime/minecraft/font/FontOption;
minecraft	Minecraft	dev.s7a.strata.runtime.minecraft.font.FontOption$Companion#type:25:java.lang.Object:
minecraft	Minecraft	dev.s7a.strata.runtime.minecraft.font.FontPngBounds#field:25:INSTANCE:Ldev/s7a/strata/runtime/minecraft/font/FontPngBounds;
minecraft	Minecraft	dev.s7a.strata.runtime.minecraft.font.FontPngBounds#method:17:check:([BLdev/s7a/strata/runtime/minecraft/font/MinecraftFontLoadLimits;Lkotlin/jvm/functions/Function1;)Z
minecraft	Minecraft	dev.s7a.strata.runtime.minecraft.font.FontPngBounds#type:17:java.lang.Object:
minecraft	Minecraft	dev.s7a.strata.runtime.minecraft.font.FontPngBounds$WhenMappings#type:4121:java.lang.Object:
minecraft	Minecraft	dev.s7a.strata.runtime.minecraft.font.FontProvider#type:1537::
minecraft	Minecraft	dev.s7a.strata.runtime.minecraft.font.FontProvider$Bitmap#constructor:1:(Ldev/s7a/strata/runtime/minecraft/font/FontResource;IIIILjava/util/Map;)V
minecraft	Minecraft	dev.s7a.strata.runtime.minecraft.font.FontProvider$Bitmap#method:17:component1:()Ldev/s7a/strata/runtime/minecraft/font/FontResource;
minecraft	Minecraft	dev.s7a.strata.runtime.minecraft.font.FontProvider$Bitmap#method:17:component2:()I
minecraft	Minecraft	dev.s7a.strata.runtime.minecraft.font.FontProvider$Bitmap#method:17:component3:()I
minecraft	Minecraft	dev.s7a.strata.runtime.minecraft.font.FontProvider$Bitmap#method:17:component4:()I
minecraft	Minecraft	dev.s7a.strata.runtime.minecraft.font.FontProvider$Bitmap#method:17:component5:()I
minecraft	Minecraft	dev.s7a.strata.runtime.minecraft.font.FontProvider$Bitmap#method:17:component6:()Ljava/util/Map;
minecraft	Minecraft	dev.s7a.strata.runtime.minecraft.font.FontProvider$Bitmap#method:17:copy:(Ldev/s7a/strata/runtime/minecraft/font/FontResource;IIIILjava/util/Map;)Ldev/s7a/strata/runtime/minecraft/font/FontProvider$Bitmap;
minecraft	Minecraft	dev.s7a.strata.runtime.minecraft.font.FontProvider$Bitmap#method:17:getAscent:()I
minecraft	Minecraft	dev.s7a.strata.runtime.minecraft.font.FontProvider$Bitmap#method:17:getCells:()Ljava/util/Map;
minecraft	Minecraft	dev.s7a.strata.runtime.minecraft.font.FontProvider$Bitmap#method:17:getColumns:()I
minecraft	Minecraft	dev.s7a.strata.runtime.minecraft.font.FontProvider$Bitmap#method:17:getHeight:()I
minecraft	Minecraft	dev.s7a.strata.runtime.minecraft.font.FontProvider$Bitmap#method:17:getResource:()Ldev/s7a/strata/runtime/minecraft/font/FontResource;
minecraft	Minecraft	dev.s7a.strata.runtime.minecraft.font.FontProvider$Bitmap#method:17:getRows:()I
minecraft	Minecraft	dev.s7a.strata.runtime.minecraft.font.FontProvider$Bitmap#method:1:equals:(Ljava/lang/Object;)Z
minecraft	Minecraft	dev.s7a.strata.runtime.minecraft.font.FontProvider$Bitmap#method:1:hashCode:()I
minecraft	Minecraft	dev.s7a.strata.runtime.minecraft.font.FontProvider$Bitmap#method:1:toString:()Ljava/lang/String;
minecraft	Minecraft	dev.s7a.strata.runtime.minecraft.font.FontProvider$Bitmap#type:25:java.lang.Object:dev.s7a.strata.runtime.minecraft.font.FontProvider
minecraft	Minecraft	dev.s7a.strata.runtime.minecraft.font.FontProvider$Failed#constructor:1:(Ldev/s7a/strata/runtime/minecraft/font/MinecraftFontDiagnostic;)V
minecraft	Minecraft	dev.s7a.strata.runtime.minecraft.font.FontProvider$Failed#method:17:component1:()Ldev/s7a/strata/runtime/minecraft/font/MinecraftFontDiagnostic;
minecraft	Minecraft	dev.s7a.strata.runtime.minecraft.font.FontProvider$Failed#method:17:copy:(Ldev/s7a/strata/runtime/minecraft/font/MinecraftFontDiagnostic;)Ldev/s7a/strata/runtime/minecraft/font/FontProvider$Failed;
minecraft	Minecraft	dev.s7a.strata.runtime.minecraft.font.FontProvider$Failed#method:17:getDiagnostic:()Ldev/s7a/strata/runtime/minecraft/font/MinecraftFontDiagnostic;
minecraft	Minecraft	dev.s7a.strata.runtime.minecraft.font.FontProvider$Failed#method:1:equals:(Ljava/lang/Object;)Z
minecraft	Minecraft	dev.s7a.strata.runtime.minecraft.font.FontProvider$Failed#method:1:hashCode:()I
minecraft	Minecraft	dev.s7a.strata.runtime.minecraft.font.FontProvider$Failed#method:1:toString:()Ljava/lang/String;
minecraft	Minecraft	dev.s7a.strata.runtime.minecraft.font.FontProvider$Failed#type:25:java.lang.Object:dev.s7a.strata.runtime.minecraft.font.FontProvider
minecraft	Minecraft	dev.s7a.strata.runtime.minecraft.font.FontProvider$Reference#constructor:1:(Ldev/s7a/strata/resource/ResourceId;)V
minecraft	Minecraft	dev.s7a.strata.runtime.minecraft.font.FontProvider$Reference#method:17:component1:()Ldev/s7a/strata/resource/ResourceId;
minecraft	Minecraft	dev.s7a.strata.runtime.minecraft.font.FontProvider$Reference#method:17:copy:(Ldev/s7a/strata/resource/ResourceId;)Ldev/s7a/strata/runtime/minecraft/font/FontProvider$Reference;
minecraft	Minecraft	dev.s7a.strata.runtime.minecraft.font.FontProvider$Reference#method:17:getFont:()Ldev/s7a/strata/resource/ResourceId;
minecraft	Minecraft	dev.s7a.strata.runtime.minecraft.font.FontProvider$Reference#method:1:equals:(Ljava/lang/Object;)Z
minecraft	Minecraft	dev.s7a.strata.runtime.minecraft.font.FontProvider$Reference#method:1:hashCode:()I
minecraft	Minecraft	dev.s7a.strata.runtime.minecraft.font.FontProvider$Reference#method:1:toString:()Ljava/lang/String;
minecraft	Minecraft	dev.s7a.strata.runtime.minecraft.font.FontProvider$Reference#type:25:java.lang.Object:dev.s7a.strata.runtime.minecraft.font.FontProvider
minecraft	Minecraft	dev.s7a.strata.runtime.minecraft.font.FontProvider$Space#constructor:1:(Ljava/util/Map;)V
minecraft	Minecraft	dev.s7a.strata.runtime.minecraft.font.FontProvider$Space#method:17:component1:()Ljava/util/Map;
minecraft	Minecraft	dev.s7a.strata.runtime.minecraft.font.FontProvider$Space#method:17:copy:(Ljava/util/Map;)Ldev/s7a/strata/runtime/minecraft/font/FontProvider$Space;
minecraft	Minecraft	dev.s7a.strata.runtime.minecraft.font.FontProvider$Space#method:17:getAdvances:()Ljava/util/Map;
minecraft	Minecraft	dev.s7a.strata.runtime.minecraft.font.FontProvider$Space#method:1:equals:(Ljava/lang/Object;)Z
minecraft	Minecraft	dev.s7a.strata.runtime.minecraft.font.FontProvider$Space#method:1:hashCode:()I
minecraft	Minecraft	dev.s7a.strata.runtime.minecraft.font.FontProvider$Space#method:1:toString:()Ljava/lang/String;
minecraft	Minecraft	dev.s7a.strata.runtime.minecraft.font.FontProvider$Space#type:25:java.lang.Object:dev.s7a.strata.runtime.minecraft.font.FontProvider
minecraft	Minecraft	dev.s7a.strata.runtime.minecraft.font.FontProvider$TrueType#constructor:1:(Ldev/s7a/strata/runtime/minecraft/font/FontResource;Ldev/s7a/strata/runtime/minecraft/font/MinecraftTrueTypeSettings;Ljava/util/Set;)V
minecraft	Minecraft	dev.s7a.strata.runtime.minecraft.font.FontProvider$TrueType#method:17:component1:()Ldev/s7a/strata/runtime/minecraft/font/FontResource;
minecraft	Minecraft	dev.s7a.strata.runtime.minecraft.font.FontProvider$TrueType#method:17:component2:()Ldev/s7a/strata/runtime/minecraft/font/MinecraftTrueTypeSettings;
minecraft	Minecraft	dev.s7a.strata.runtime.minecraft.font.FontProvider$TrueType#method:17:component3:()Ljava/util/Set;
minecraft	Minecraft	dev.s7a.strata.runtime.minecraft.font.FontProvider$TrueType#method:17:copy:(Ldev/s7a/strata/runtime/minecraft/font/FontResource;Ldev/s7a/strata/runtime/minecraft/font/MinecraftTrueTypeSettings;Ljava/util/Set;)Ldev/s7a/strata/runtime/minecraft/font/FontProvider$TrueType;
minecraft	Minecraft	dev.s7a.strata.runtime.minecraft.font.FontProvider$TrueType#method:17:getResource:()Ldev/s7a/strata/runtime/minecraft/font/FontResource;
minecraft	Minecraft	dev.s7a.strata.runtime.minecraft.font.FontProvider$TrueType#method:17:getSettings:()Ldev/s7a/strata/runtime/minecraft/font/MinecraftTrueTypeSettings;
minecraft	Minecraft	dev.s7a.strata.runtime.minecraft.font.FontProvider$TrueType#method:17:getSkipped:()Ljava/util/Set;
minecraft	Minecraft	dev.s7a.strata.runtime.minecraft.font.FontProvider$TrueType#method:1:equals:(Ljava/lang/Object;)Z
minecraft	Minecraft	dev.s7a.strata.runtime.minecraft.font.FontProvider$TrueType#method:1:hashCode:()I
minecraft	Minecraft	dev.s7a.strata.runtime.minecraft.font.FontProvider$TrueType#method:1:toString:()Ljava/lang/String;
minecraft	Minecraft	dev.s7a.strata.runtime.minecraft.font.FontProvider$TrueType#type:25:java.lang.Object:dev.s7a.strata.runtime.minecraft.font.FontProvider
minecraft	Minecraft	dev.s7a.strata.runtime.minecraft.font.FontProvider$Unihex#constructor:1:(Ldev/s7a/strata/runtime/minecraft/font/FontUnihexData;Ljava/util/List;)V
minecraft	Minecraft	dev.s7a.strata.runtime.minecraft.font.FontProvider$Unihex#method:17:component1:()Ldev/s7a/strata/runtime/minecraft/font/FontUnihexData;
minecraft	Minecraft	dev.s7a.strata.runtime.minecraft.font.FontProvider$Unihex#method:17:component2:()Ljava/util/List;
minecraft	Minecraft	dev.s7a.strata.runtime.minecraft.font.FontProvider$Unihex#method:17:copy:(Ldev/s7a/strata/runtime/minecraft/font/FontUnihexData;Ljava/util/List;)Ldev/s7a/strata/runtime/minecraft/font/FontProvider$Unihex;
minecraft	Minecraft	dev.s7a.strata.runtime.minecraft.font.FontProvider$Unihex#method:17:getGlyphs:()Ldev/s7a/strata/runtime/minecraft/font/FontUnihexData;
minecraft	Minecraft	dev.s7a.strata.runtime.minecraft.font.FontProvider$Unihex#method:17:getOverrides:()Ljava/util/List;
minecraft	Minecraft	dev.s7a.strata.runtime.minecraft.font.FontProvider$Unihex#method:1:equals:(Ljava/lang/Object;)Z
minecraft	Minecraft	dev.s7a.strata.runtime.minecraft.font.FontProvider$Unihex#method:1:hashCode:()I
minecraft	Minecraft	dev.s7a.strata.runtime.minecraft.font.FontProvider$Unihex#method:1:toString:()Ljava/lang/String;
minecraft	Minecraft	dev.s7a.strata.runtime.minecraft.font.FontProvider$Unihex#type:25:java.lang.Object:dev.s7a.strata.runtime.minecraft.font.FontProvider
minecraft	Minecraft	dev.s7a.strata.runtime.minecraft.font.FontProvider$WidthOverride#constructor:1:(IIII)V
minecraft	Minecraft	dev.s7a.strata.runtime.minecraft.font.FontProvider$WidthOverride#method:17:component1:()I
minecraft	Minecraft	dev.s7a.strata.runtime.minecraft.font.FontProvider$WidthOverride#method:17:component2:()I
minecraft	Minecraft	dev.s7a.strata.runtime.minecraft.font.FontProvider$WidthOverride#method:17:component3:()I
minecraft	Minecraft	dev.s7a.strata.runtime.minecraft.font.FontProvider$WidthOverride#method:17:component4:()I
minecraft	Minecraft	dev.s7a.strata.runtime.minecraft.font.FontProvider$WidthOverride#method:17:copy:(IIII)Ldev/s7a/strata/runtime/minecraft/font/FontProvider$WidthOverride;
minecraft	Minecraft	dev.s7a.strata.runtime.minecraft.font.FontProvider$WidthOverride#method:17:getFirst:()I
minecraft	Minecraft	dev.s7a.strata.runtime.minecraft.font.FontProvider$WidthOverride#method:17:getLast:()I
minecraft	Minecraft	dev.s7a.strata.runtime.minecraft.font.FontProvider$WidthOverride#method:17:getLeft:()I
minecraft	Minecraft	dev.s7a.strata.runtime.minecraft.font.FontProvider$WidthOverride#method:17:getRight:()I
minecraft	Minecraft	dev.s7a.strata.runtime.minecraft.font.FontProvider$WidthOverride#method:1:equals:(Ljava/lang/Object;)Z
minecraft	Minecraft	dev.s7a.strata.runtime.minecraft.font.FontProvider$WidthOverride#method:1:hashCode:()I
minecraft	Minecraft	dev.s7a.strata.runtime.minecraft.font.FontProvider$WidthOverride#method:1:toString:()Ljava/lang/String;
minecraft	Minecraft	dev.s7a.strata.runtime.minecraft.font.FontProvider$WidthOverride#type:25:java.lang.Object:
minecraft	Minecraft	dev.s7a.strata.runtime.minecraft.font.FontProviderEntry#constructor:1:(ILdev/s7a/strata/runtime/minecraft/font/FontProvider;Ljava/util/Map;Ljava/lang/String;)V
minecraft	Minecraft	dev.s7a.strata.runtime.minecraft.font.FontProviderEntry#method:17:component1:()I
minecraft	Minecraft	dev.s7a.strata.runtime.minecraft.font.FontProviderEntry#method:17:component2:()Ldev/s7a/strata/runtime/minecraft/font/FontProvider;
minecraft	Minecraft	dev.s7a.strata.runtime.minecraft.font.FontProviderEntry#method:17:component3:()Ljava/util/Map;
minecraft	Minecraft	dev.s7a.strata.runtime.minecraft.font.FontProviderEntry#method:17:component4:()Ljava/lang/String;
minecraft	Minecraft	dev.s7a.strata.runtime.minecraft.font.FontProviderEntry#method:17:copy:(ILdev/s7a/strata/runtime/minecraft/font/FontProvider;Ljava/util/Map;Ljava/lang/String;)Ldev/s7a/strata/runtime/minecraft/font/FontProviderEntry;
minecraft	Minecraft	dev.s7a.strata.runtime.minecraft.font.FontProviderEntry#method:17:getFilter:()Ljava/util/Map;
minecraft	Minecraft	dev.s7a.strata.runtime.minecraft.font.FontProviderEntry#method:17:getIdentity:()I
minecraft	Minecraft	dev.s7a.strata.runtime.minecraft.font.FontProviderEntry#method:17:getProvider:()Ldev/s7a/strata/runtime/minecraft/font/FontProvider;
minecraft	Minecraft	dev.s7a.strata.runtime.minecraft.font.FontProviderEntry#method:17:getSource:()Ljava/lang/String;
minecraft	Minecraft	dev.s7a.strata.runtime.minecraft.font.FontProviderEntry#method:1:equals:(Ljava/lang/Object;)Z
minecraft	Minecraft	dev.s7a.strata.runtime.minecraft.font.FontProviderEntry#method:1:hashCode:()I
minecraft	Minecraft	dev.s7a.strata.runtime.minecraft.font.FontProviderEntry#method:1:toString:()Ljava/lang/String;
minecraft	Minecraft	dev.s7a.strata.runtime.minecraft.font.FontProviderEntry#type:17:java.lang.Object:
minecraft	Minecraft	dev.s7a.strata.runtime.minecraft.font.FontResource#constructor:1:(Ldev/s7a/strata/resource/ResourceId;Ljava/lang/String;[B)V
minecraft	Minecraft	dev.s7a.strata.runtime.minecraft.font.FontResource#method:17:checkBitmap:(Ldev/s7a/strata/runtime/minecraft/font/MinecraftFontLoadLimits;Lkotlin/jvm/functions/Function1;)Z
minecraft	Minecraft	dev.s7a.strata.runtime.minecraft.font.FontResource#method:17:copyBytes:()[B
minecraft	Minecraft	dev.s7a.strata.runtime.minecraft.font.FontResource#method:17:getId:()Ldev/s7a/strata/resource/ResourceId;
minecraft	Minecraft	dev.s7a.strata.runtime.minecraft.font.FontResource#method:17:getSize:()I
minecraft	Minecraft	dev.s7a.strata.runtime.minecraft.font.FontResource#method:17:getSource:()Ljava/lang/String;
minecraft	Minecraft	dev.s7a.strata.runtime.minecraft.font.FontResource#type:17:java.lang.Object:
minecraft	Minecraft	dev.s7a.strata.runtime.minecraft.font.FontResourceStack#constructor:1:(Ljava/util/List;Ldev/s7a/strata/runtime/minecraft/font/MinecraftFontCompatibility;Ljava/util/List;Ldev/s7a/strata/runtime/minecraft/font/FontLoadBudget;)V
minecraft	Minecraft	dev.s7a.strata.runtime.minecraft.font.FontResourceStack#method:17:fontDocuments:(Ldev/s7a/strata/resource/ResourceId;)Ljava/util/List;
minecraft	Minecraft	dev.s7a.strata.runtime.minecraft.font.FontResourceStack#method:17:fontIds:()Ljava/util/List;
minecraft	Minecraft	dev.s7a.strata.runtime.minecraft.font.FontResourceStack#method:17:selected:(Ldev/s7a/strata/resource/ResourceId;)Ldev/s7a/strata/runtime/minecraft/font/FontResource;
minecraft	Minecraft	dev.s7a.strata.runtime.minecraft.font.FontResourceStack#type:17:java.lang.Object:
minecraft	Minecraft	dev.s7a.strata.runtime.minecraft.font.FontResourceStack$Location#constructor:1:(Ldev/s7a/strata/resource/ResourceId;Ldev/s7a/strata/runtime/minecraft/font/MinecraftFontAssetSource;Ljava/lang/String;Ldev/s7a/strata/runtime/minecraft/font/FontLoadBudget;)V
minecraft	Minecraft	dev.s7a.strata.runtime.minecraft.font.FontResourceStack$Location#method:17:getPath:()Ljava/lang/String;
minecraft	Minecraft	dev.s7a.strata.runtime.minecraft.font.FontResourceStack$Location#method:17:getSourceName:()Ljava/lang/String;
minecraft	Minecraft	dev.s7a.strata.runtime.minecraft.font.FontResourceStack$Location#method:17:read:()Ldev/s7a/strata/runtime/minecraft/font/FontResource;
minecraft	Minecraft	dev.s7a.strata.runtime.minecraft.font.FontResourceStack$Location#type:25:java.lang.Object:
minecraft	Minecraft	dev.s7a.strata.runtime.minecraft.font.FontSnapshotLoader#constructor:1:(Ljava/util/List;Ldev/s7a/strata/runtime/minecraft/font/MinecraftFontCompatibility;Ldev/s7a/strata/runtime/minecraft/font/MinecraftFontOptions;Ldev/s7a/strata/runtime/minecraft/font/MinecraftFontLoadLimits;)V
minecraft	Minecraft	dev.s7a.strata.runtime.minecraft.font.FontSnapshotLoader#method:17:load:()Ldev/s7a/strata/runtime/minecraft/font/MinecraftFontSnapshot;
minecraft	Minecraft	dev.s7a.strata.runtime.minecraft.font.FontSnapshotLoader#type:17:java.lang.Object:
minecraft	Minecraft	dev.s7a.strata.runtime.minecraft.font.FontSnapshotLoader$WhenMappings#type:4121:java.lang.Object:
minecraft	Minecraft	dev.s7a.strata.runtime.minecraft.font.FontSourcePathsKt#method:25:checkedFontSourcePath:(Ljava/lang/String;)Ljava/lang/String;
minecraft	Minecraft	dev.s7a.strata.runtime.minecraft.font.FontSourcePathsKt#method:25:fontResourceIdentifier:(Ljava/lang/String;)Ldev/s7a/strata/resource/ResourceId;
minecraft	Minecraft	dev.s7a.strata.runtime.minecraft.font.FontSourcePathsKt#type:17:java.lang.Object:
minecraft	Minecraft	dev.s7a.strata.runtime.minecraft.font.FontUnihexData#field:25:Companion:Ldev/s7a/strata/runtime/minecraft/font/FontUnihexData$Companion;
minecraft	Minecraft	dev.s7a.strata.runtime.minecraft.font.FontUnihexData#method:17:glyph:(I)Ldev/s7a/strata/runtime/minecraft/font/FontHexGlyph;
minecraft	Minecraft	dev.s7a.strata.runtime.minecraft.font.FontUnihexData#type:17:java.lang.Object:
minecraft	Minecraft	dev.s7a.strata.runtime.minecraft.font.FontUnihexData$Companion#method:17:load:(Ljava/io/InputStream;Ldev/s7a/strata/runtime/minecraft/font/FontLoadBudget;)Ldev/s7a/strata/runtime/minecraft/font/FontUnihexData;
minecraft	Minecraft	dev.s7a.strata.runtime.minecraft.font.FontUnihexData$Companion#method:17:load:([BLdev/s7a/strata/runtime/minecraft/font/FontLoadBudget;)Ldev/s7a/strata/runtime/minecraft/font/FontUnihexData;
minecraft	Minecraft	dev.s7a.strata.runtime.minecraft.font.FontUnihexData$Companion#type:25:java.lang.Object:
minecraft	Minecraft	dev.s7a.strata.runtime.minecraft.font.MinecraftArchiveFontAssetSource#constructor:1:(Ljava/nio/file/Path;Ljava/lang/String;)V
minecraft	Minecraft	dev.s7a.strata.runtime.minecraft.font.MinecraftArchiveFontAssetSource#method:1:getName:()Ljava/lang/String;
minecraft	Minecraft	dev.s7a.strata.runtime.minecraft.font.MinecraftArchiveFontAssetSource#method:1:paths:()Ljava/util/Set;
minecraft	Minecraft	dev.s7a.strata.runtime.minecraft.font.MinecraftArchiveFontAssetSource#method:1:paths:(Ldev/s7a/strata/runtime/minecraft/font/MinecraftFontLoadLimits;)Ljava/util/Set;
minecraft	Minecraft	dev.s7a.strata.runtime.minecraft.font.MinecraftArchiveFontAssetSource#method:1:paths:(Ldev/s7a/strata/runtime/minecraft/font/MinecraftFontLoadLimits;Lkotlin/jvm/functions/Function0;)Ljava/util/Set;
minecraft	Minecraft	dev.s7a.strata.runtime.minecraft.font.MinecraftArchiveFontAssetSource#method:1:read:(Ljava/lang/String;)[B
minecraft	Minecraft	dev.s7a.strata.runtime.minecraft.font.MinecraftArchiveFontAssetSource#method:1:read:(Ljava/lang/String;Ldev/s7a/strata/runtime/minecraft/font/MinecraftFontLoadLimits;)[B
minecraft	Minecraft	dev.s7a.strata.runtime.minecraft.font.MinecraftArchiveFontAssetSource#type:17:java.lang.Object:dev.s7a.strata.runtime.minecraft.font.MinecraftBoundedFontAssetSource
minecraft	Minecraft	dev.s7a.strata.runtime.minecraft.font.MinecraftBoundedFontAssetSource#method:1:paths:(Ldev/s7a/strata/runtime/minecraft/font/MinecraftFontLoadLimits;)Ljava/util/Set;
minecraft	Minecraft	dev.s7a.strata.runtime.minecraft.font.MinecraftBoundedFontAssetSource#method:1:paths:(Ldev/s7a/strata/runtime/minecraft/font/MinecraftFontLoadLimits;Lkotlin/jvm/functions/Function0;)Ljava/util/Set;
minecraft	Minecraft	dev.s7a.strata.runtime.minecraft.font.MinecraftBoundedFontAssetSource#method:1:read:(Ljava/lang/String;Ldev/s7a/strata/runtime/minecraft/font/MinecraftFontLoadLimits;)[B
minecraft	Minecraft	dev.s7a.strata.runtime.minecraft.font.MinecraftBoundedFontAssetSource#type:1537::dev.s7a.strata.runtime.minecraft.font.MinecraftFontAssetSource
minecraft	Minecraft	dev.s7a.strata.runtime.minecraft.font.MinecraftBoundedFontAssetSource$DefaultImpls#method:9:paths:(Ldev/s7a/strata/runtime/minecraft/font/MinecraftBoundedFontAssetSource;Ldev/s7a/strata/runtime/minecraft/font/MinecraftFontLoadLimits;)Ljava/util/Set;
minecraft	Minecraft	dev.s7a.strata.runtime.minecraft.font.MinecraftBoundedFontAssetSource$DefaultImpls#method:9:paths:(Ldev/s7a/strata/runtime/minecraft/font/MinecraftBoundedFontAssetSource;Ldev/s7a/strata/runtime/minecraft/font/MinecraftFontLoadLimits;Lkotlin/jvm/functions/Function0;)Ljava/util/Set;
minecraft	Minecraft	dev.s7a.strata.runtime.minecraft.font.MinecraftBoundedFontAssetSource$DefaultImpls#method:9:read:(Ldev/s7a/strata/runtime/minecraft/font/MinecraftBoundedFontAssetSource;Ljava/lang/String;Ldev/s7a/strata/runtime/minecraft/font/MinecraftFontLoadLimits;)[B
minecraft	Minecraft	dev.s7a.strata.runtime.minecraft.font.MinecraftBoundedFontAssetSource$DefaultImpls#type:25:java.lang.Object:
minecraft	Minecraft	dev.s7a.strata.runtime.minecraft.font.MinecraftBoundedFontBackend#method:1025:decodePng:([BLdev/s7a/strata/runtime/minecraft/font/MinecraftFontLoadLimits;)Ldev/s7a/strata/render/DrawImage;
minecraft	Minecraft	dev.s7a.strata.runtime.minecraft.font.MinecraftBoundedFontBackend#method:1:openTrueType:([BLdev/s7a/strata/runtime/minecraft/font/MinecraftTrueTypeSettings;Ldev/s7a/strata/runtime/minecraft/font/MinecraftFontLoadLimits;)Ldev/s7a/strata/runtime/minecraft/font/MinecraftTrueTypeFace;
minecraft	Minecraft	dev.s7a.strata.runtime.minecraft.font.MinecraftBoundedFontBackend#type:1537::dev.s7a.strata.runtime.minecraft.font.MinecraftFontBackend
minecraft	Minecraft	dev.s7a.strata.runtime.minecraft.font.MinecraftBoundedFontBackend$DefaultImpls#method:9:openTrueType:(Ldev/s7a/strata/runtime/minecraft/font/MinecraftBoundedFontBackend;[BLdev/s7a/strata/runtime/minecraft/font/MinecraftTrueTypeSettings;Ldev/s7a/strata/runtime/minecraft/font/MinecraftFontLoadLimits;)Ldev/s7a/strata/runtime/minecraft/font/MinecraftTrueTypeFace;
minecraft	Minecraft	dev.s7a.strata.runtime.minecraft.font.MinecraftBoundedFontBackend$DefaultImpls#method:9:visualGlyphs:(Ldev/s7a/strata/runtime/minecraft/font/MinecraftBoundedFontBackend;Ljava/lang/String;Z)Ljava/util/List;
minecraft	Minecraft	dev.s7a.strata.runtime.minecraft.font.MinecraftBoundedFontBackend$DefaultImpls#method:9:visualOrder:(Ldev/s7a/strata/runtime/minecraft/font/MinecraftBoundedFontBackend;Ljava/lang/String;Z)Ljava/lang/String;
minecraft	Minecraft	dev.s7a.strata.runtime.minecraft.font.MinecraftBoundedFontBackend$DefaultImpls#type:25:java.lang.Object:
minecraft	Minecraft	dev.s7a.strata.runtime.minecraft.font.MinecraftDirectoryFontAssetSource#constructor:1:(Ljava/nio/file/Path;Ljava/lang/String;)V
minecraft	Minecraft	dev.s7a.strata.runtime.minecraft.font.MinecraftDirectoryFontAssetSource#method:1:getName:()Ljava/lang/String;
minecraft	Minecraft	dev.s7a.strata.runtime.minecraft.font.MinecraftDirectoryFontAssetSource#method:1:paths:()Ljava/util/Set;
minecraft	Minecraft	dev.s7a.strata.runtime.minecraft.font.MinecraftDirectoryFontAssetSource#method:1:paths:(Ldev/s7a/strata/runtime/minecraft/font/MinecraftFontLoadLimits;)Ljava/util/Set;
minecraft	Minecraft	dev.s7a.strata.runtime.minecraft.font.MinecraftDirectoryFontAssetSource#method:1:paths:(Ldev/s7a/strata/runtime/minecraft/font/MinecraftFontLoadLimits;Lkotlin/jvm/functions/Function0;)Ljava/util/Set;
minecraft	Minecraft	dev.s7a.strata.runtime.minecraft.font.MinecraftDirectoryFontAssetSource#method:1:read:(Ljava/lang/String;)[B
minecraft	Minecraft	dev.s7a.strata.runtime.minecraft.font.MinecraftDirectoryFontAssetSource#method:1:read:(Ljava/lang/String;Ldev/s7a/strata/runtime/minecraft/font/MinecraftFontLoadLimits;)[B
minecraft	Minecraft	dev.s7a.strata.runtime.minecraft.font.MinecraftDirectoryFontAssetSource#type:17:java.lang.Object:dev.s7a.strata.runtime.minecraft.font.MinecraftBoundedFontAssetSource
minecraft	Minecraft	dev.s7a.strata.runtime.minecraft.font.MinecraftFontAssetSource#method:1025:getName:()Ljava/lang/String;
minecraft	Minecraft	dev.s7a.strata.runtime.minecraft.font.MinecraftFontAssetSource#method:1025:paths:()Ljava/util/Set;
minecraft	Minecraft	dev.s7a.strata.runtime.minecraft.font.MinecraftFontAssetSource#method:1025:read:(Ljava/lang/String;)[B
minecraft	Minecraft	dev.s7a.strata.runtime.minecraft.font.MinecraftFontAssetSource#type:1537::
minecraft	Minecraft	dev.s7a.strata.runtime.minecraft.font.MinecraftFontBackend#method:1025:close:()V
minecraft	Minecraft	dev.s7a.strata.runtime.minecraft.font.MinecraftFontBackend#method:1025:decodePng:([B)Ldev/s7a/strata/render/DrawImage;
minecraft	Minecraft	dev.s7a.strata.runtime.minecraft.font.MinecraftFontBackend#method:1025:openTrueType:([BLdev/s7a/strata/runtime/minecraft/font/MinecraftTrueTypeSettings;)Ldev/s7a/strata/runtime/minecraft/font/MinecraftTrueTypeFace;
minecraft	Minecraft	dev.s7a.strata.runtime.minecraft.font.MinecraftFontBackend#method:1:visualGlyphs:(Ljava/lang/String;Z)Ljava/util/List;
minecraft	Minecraft	dev.s7a.strata.runtime.minecraft.font.MinecraftFontBackend#method:1:visualOrder:(Ljava/lang/String;Z)Ljava/lang/String;
minecraft	Minecraft	dev.s7a.strata.runtime.minecraft.font.MinecraftFontBackend#type:1537::java.lang.AutoCloseable
minecraft	Minecraft	dev.s7a.strata.runtime.minecraft.font.MinecraftFontBackend$DefaultImpls#method:9:visualGlyphs:(Ldev/s7a/strata/runtime/minecraft/font/MinecraftFontBackend;Ljava/lang/String;Z)Ljava/util/List;
minecraft	Minecraft	dev.s7a.strata.runtime.minecraft.font.MinecraftFontBackend$DefaultImpls#method:9:visualOrder:(Ldev/s7a/strata/runtime/minecraft/font/MinecraftFontBackend;Ljava/lang/String;Z)Ljava/lang/String;
minecraft	Minecraft	dev.s7a.strata.runtime.minecraft.font.MinecraftFontBackend$DefaultImpls#type:25:java.lang.Object:
minecraft	Minecraft	dev.s7a.strata.runtime.minecraft.font.MinecraftFontBackendFactory#method:1025:open:(Ldev/s7a/strata/runtime/minecraft/font/MinecraftFontCompatibility;)Ldev/s7a/strata/runtime/minecraft/font/MinecraftFontBackend;
minecraft	Minecraft	dev.s7a.strata.runtime.minecraft.font.MinecraftFontBackendFactory#type:1537::
minecraft	Minecraft	dev.s7a.strata.runtime.minecraft.font.MinecraftFontCompatibility#constructor:1:(Ldev/s7a/strata/runtime/minecraft/font/MinecraftTrueTypeRasterizer;IZZIZZZZ)V
minecraft	Minecraft	dev.s7a.strata.runtime.minecraft.font.MinecraftFontCompatibility#constructor:1:(Ldev/s7a/strata/runtime/minecraft/font/MinecraftTrueTypeRasterizer;IZZIZZZZZZ)V
minecraft	Minecraft	dev.s7a.strata.runtime.minecraft.font.MinecraftFontCompatibility#constructor:1:(Ldev/s7a/strata/runtime/minecraft/font/MinecraftTrueTypeRasterizer;IZZIZZZZZZZ)V
minecraft	Minecraft	dev.s7a.strata.runtime.minecraft.font.MinecraftFontCompatibility#method:17:component10:()Z
minecraft	Minecraft	dev.s7a.strata.runtime.minecraft.font.MinecraftFontCompatibility#method:17:component11:()Z
minecraft	Minecraft	dev.s7a.strata.runtime.minecraft.font.MinecraftFontCompatibility#method:17:component12:()Z
minecraft	Minecraft	dev.s7a.strata.runtime.minecraft.font.MinecraftFontCompatibility#method:17:component1:()Ldev/s7a/strata/runtime/minecraft/font/MinecraftTrueTypeRasterizer;
minecraft	Minecraft	dev.s7a.strata.runtime.minecraft.font.MinecraftFontCompatibility#method:17:component2:()I
minecraft	Minecraft	dev.s7a.strata.runtime.minecraft.font.MinecraftFontCompatibility#method:17:component3:()Z
minecraft	Minecraft	dev.s7a.strata.runtime.minecraft.font.MinecraftFontCompatibility#method:17:component4:()Z
minecraft	Minecraft	dev.s7a.strata.runtime.minecraft.font.MinecraftFontCompatibility#method:17:component5:()I
minecraft	Minecraft	dev.s7a.strata.runtime.minecraft.font.MinecraftFontCompatibility#method:17:component6:()Z
minecraft	Minecraft	dev.s7a.strata.runtime.minecraft.font.MinecraftFontCompatibility#method:17:component7:()Z
minecraft	Minecraft	dev.s7a.strata.runtime.minecraft.font.MinecraftFontCompatibility#method:17:component8:()Z
minecraft	Minecraft	dev.s7a.strata.runtime.minecraft.font.MinecraftFontCompatibility#method:17:component9:()Z
minecraft	Minecraft	dev.s7a.strata.runtime.minecraft.font.MinecraftFontCompatibility#method:17:copy:(Ldev/s7a/strata/runtime/minecraft/font/MinecraftTrueTypeRasterizer;IZZIZZZZZZZ)Ldev/s7a/strata/runtime/minecraft/font/MinecraftFontCompatibility;
minecraft	Minecraft	dev.s7a.strata.runtime.minecraft.font.MinecraftFontCompatibility#method:17:getBakedGlyphMetrics:()Z
minecraft	Minecraft	dev.s7a.strata.runtime.minecraft.font.MinecraftFontCompatibility#method:17:getFractionalUnihexAdvance:()Z
minecraft	Minecraft	dev.s7a.strata.runtime.minecraft.font.MinecraftFontCompatibility#method:17:getInterleavedShadows:()Z
minecraft	Minecraft	dev.s7a.strata.runtime.minecraft.font.MinecraftFontCompatibility#method:17:getMinorPackFormats:()Z
minecraft	Minecraft	dev.s7a.strata.runtime.minecraft.font.MinecraftFontCompatibility#method:17:getPackFormat:()I
minecraft	Minecraft	dev.s7a.strata.runtime.minecraft.font.MinecraftFontCompatibility#method:17:getPackFormatMinor:()I
minecraft	Minecraft	dev.s7a.strata.runtime.minecraft.font.MinecraftFontCompatibility#method:17:getPackOverlays:()Z
minecraft	Minecraft	dev.s7a.strata.runtime.minecraft.font.MinecraftFontCompatibility#method:17:getPreparedTextBounds:()Z
minecraft	Minecraft	dev.s7a.strata.runtime.minecraft.font.MinecraftFontCompatibility#method:17:getProviderFilters:()Z
minecraft	Minecraft	dev.s7a.strata.runtime.minecraft.font.MinecraftFontCompatibility#method:17:getRasterizer:()Ldev/s7a/strata/runtime/minecraft/font/MinecraftTrueTypeRasterizer;
minecraft	Minecraft	dev.s7a.strata.runtime.minecraft.font.MinecraftFontCompatibility#method:17:getRejectMalformedOverlayMetadata:()Z
minecraft	Minecraft	dev.s7a.strata.runtime.minecraft.font.MinecraftFontCompatibility#method:17:getSaturatingCeil:()Z
minecraft	Minecraft	dev.s7a.strata.runtime.minecraft.font.MinecraftFontCompatibility#method:17:roundedWidth:(F)I
minecraft	Minecraft	dev.s7a.strata.runtime.minecraft.font.MinecraftFontCompatibility#method:1:equals:(Ljava/lang/Object;)Z
minecraft	Minecraft	dev.s7a.strata.runtime.minecraft.font.MinecraftFontCompatibility#method:1:hashCode:()I
minecraft	Minecraft	dev.s7a.strata.runtime.minecraft.font.MinecraftFontCompatibility#method:1:toString:()Ljava/lang/String;
minecraft	Minecraft	dev.s7a.strata.runtime.minecraft.font.MinecraftFontCompatibility#type:17:java.lang.Object:
minecraft	Minecraft	dev.s7a.strata.runtime.minecraft.font.MinecraftFontDiagnostic#constructor:1:(Ldev/s7a/strata/runtime/minecraft/font/MinecraftFontDiagnostic$Kind;Ldev/s7a/strata/resource/ResourceId;Ljava/lang/String;Ljava/lang/String;)V
minecraft	Minecraft	dev.s7a.strata.runtime.minecraft.font.MinecraftFontDiagnostic#method:17:component1:()Ldev/s7a/strata/runtime/minecraft/font/MinecraftFontDiagnostic$Kind;
minecraft	Minecraft	dev.s7a.strata.runtime.minecraft.font.MinecraftFontDiagnostic#method:17:component2:()Ldev/s7a/strata/resource/ResourceId;
minecraft	Minecraft	dev.s7a.strata.runtime.minecraft.font.MinecraftFontDiagnostic#method:17:component3:()Ljava/lang/String;
minecraft	Minecraft	dev.s7a.strata.runtime.minecraft.font.MinecraftFontDiagnostic#method:17:component4:()Ljava/lang/String;
minecraft	Minecraft	dev.s7a.strata.runtime.minecraft.font.MinecraftFontDiagnostic#method:17:copy:(Ldev/s7a/strata/runtime/minecraft/font/MinecraftFontDiagnostic$Kind;Ldev/s7a/strata/resource/ResourceId;Ljava/lang/String;Ljava/lang/String;)Ldev/s7a/strata/runtime/minecraft/font/MinecraftFontDiagnostic;
minecraft	Minecraft	dev.s7a.strata.runtime.minecraft.font.MinecraftFontDiagnostic#method:17:getFont:()Ldev/s7a/strata/resource/ResourceId;
minecraft	Minecraft	dev.s7a.strata.runtime.minecraft.font.MinecraftFontDiagnostic#method:17:getKind:()Ldev/s7a/strata/runtime/minecraft/font/MinecraftFontDiagnostic$Kind;
minecraft	Minecraft	dev.s7a.strata.runtime.minecraft.font.MinecraftFontDiagnostic#method:17:getMessage:()Ljava/lang/String;
minecraft	Minecraft	dev.s7a.strata.runtime.minecraft.font.MinecraftFontDiagnostic#method:17:getSource:()Ljava/lang/String;
minecraft	Minecraft	dev.s7a.strata.runtime.minecraft.font.MinecraftFontDiagnostic#method:1:equals:(Ljava/lang/Object;)Z
minecraft	Minecraft	dev.s7a.strata.runtime.minecraft.font.MinecraftFontDiagnostic#method:1:hashCode:()I
minecraft	Minecraft	dev.s7a.strata.runtime.minecraft.font.MinecraftFontDiagnostic#method:1:toString:()Ljava/lang/String;
minecraft	Minecraft	dev.s7a.strata.runtime.minecraft.font.MinecraftFontDiagnostic#type:17:java.lang.Object:
minecraft	Minecraft	dev.s7a.strata.runtime.minecraft.font.MinecraftFontDiagnostic$Kind#field:16409:CyclicReference:Ldev/s7a/strata/runtime/minecraft/font/MinecraftFontDiagnostic$Kind;
minecraft	Minecraft	dev.s7a.strata.runtime.minecraft.font.MinecraftFontDiagnostic$Kind#field:16409:MalformedDocument:Ldev/s7a/strata/runtime/minecraft/font/MinecraftFontDiagnostic$Kind;
minecraft	Minecraft	dev.s7a.strata.runtime.minecraft.font.MinecraftFontDiagnostic$Kind#field:16409:MissingReference:Ldev/s7a/strata/runtime/minecraft/font/MinecraftFontDiagnostic$Kind;
minecraft	Minecraft	dev.s7a.strata.runtime.minecraft.font.MinecraftFontDiagnostic$Kind#field:16409:PackMetadataFailure:Ldev/s7a/strata/runtime/minecraft/font/MinecraftFontDiagnostic$Kind;
minecraft	Minecraft	dev.s7a.strata.runtime.minecraft.font.MinecraftFontDiagnostic$Kind#field:16409:ProviderLoadFailure:Ldev/s7a/strata/runtime/minecraft/font/MinecraftFontDiagnostic$Kind;
minecraft	Minecraft	dev.s7a.strata.runtime.minecraft.font.MinecraftFontDiagnostic$Kind#method:9:getEntries:()Lkotlin/enums/EnumEntries;
minecraft	Minecraft	dev.s7a.strata.runtime.minecraft.font.MinecraftFontDiagnostic$Kind#method:9:valueOf:(Ljava/lang/String;)Ldev/s7a/strata/runtime/minecraft/font/MinecraftFontDiagnostic$Kind;
minecraft	Minecraft	dev.s7a.strata.runtime.minecraft.font.MinecraftFontDiagnostic$Kind#method:9:values:()[Ldev/s7a/strata/runtime/minecraft/font/MinecraftFontDiagnostic$Kind;
minecraft	Minecraft	dev.s7a.strata.runtime.minecraft.font.MinecraftFontDiagnostic$Kind#type:16409:java.lang.Enum:
minecraft	Minecraft	dev.s7a.strata.runtime.minecraft.font.MinecraftFontEngine#constructor:1:(Ldev/s7a/strata/runtime/minecraft/font/MinecraftFontSnapshot;Ldev/s7a/strata/runtime/minecraft/font/MinecraftFontBackendFactory;)V
minecraft	Minecraft	dev.s7a.strata.runtime.minecraft.font.MinecraftFontEngine#constructor:1:(Ldev/s7a/strata/runtime/minecraft/font/MinecraftFontSnapshot;Ldev/s7a/strata/runtime/minecraft/font/MinecraftFontBackendFactory;I)V
minecraft	Minecraft	dev.s7a.strata.runtime.minecraft.font.MinecraftFontEngine#constructor:1:(Ldev/s7a/strata/runtime/minecraft/font/MinecraftFontSnapshot;Ldev/s7a/strata/runtime/minecraft/font/MinecraftFontBackendFactory;IJ)V
minecraft	Minecraft	dev.s7a.strata.runtime.minecraft.font.MinecraftFontEngine#constructor:1:(Ldev/s7a/strata/runtime/minecraft/font/MinecraftFontSnapshot;Ldev/s7a/strata/runtime/minecraft/font/MinecraftFontBackendFactory;IJI)V
minecraft	Minecraft	dev.s7a.strata.runtime.minecraft.font.MinecraftFontEngine#method:17:getCompatibility:()Ldev/s7a/strata/runtime/minecraft/font/MinecraftFontCompatibility;
minecraft	Minecraft	dev.s7a.strata.runtime.minecraft.font.MinecraftFontEngine#method:17:getDiagnostics:()Ljava/util/List;
minecraft	Minecraft	dev.s7a.strata.runtime.minecraft.font.MinecraftFontEngine#method:17:getOptions:()Ldev/s7a/strata/runtime/minecraft/font/MinecraftFontOptions;
minecraft	Minecraft	dev.s7a.strata.runtime.minecraft.font.MinecraftFontEngine#method:17:getRetainedFaces:()I
minecraft	Minecraft	dev.s7a.strata.runtime.minecraft.font.MinecraftFontEngine#method:17:getRetainedRasterBytes:()J
minecraft	Minecraft	dev.s7a.strata.runtime.minecraft.font.MinecraftFontEngine#method:17:getRetainedRasterEntries:()I
minecraft	Minecraft	dev.s7a.strata.runtime.minecraft.font.MinecraftFontEngine#method:17:glyph:(Ldev/s7a/strata/resource/ResourceId;I)Ldev/s7a/strata/runtime/minecraft/font/MinecraftFontGlyph;
minecraft	Minecraft	dev.s7a.strata.runtime.minecraft.font.MinecraftFontEngine#method:17:visualGlyphs:(Ljava/lang/String;)Ljava/util/List;
minecraft	Minecraft	dev.s7a.strata.runtime.minecraft.font.MinecraftFontEngine#method:17:visualGlyphs:(Ljava/lang/String;Z)Ljava/util/List;
minecraft	Minecraft	dev.s7a.strata.runtime.minecraft.font.MinecraftFontEngine#method:17:visualOrder:(Ljava/lang/String;)Ljava/lang/String;
minecraft	Minecraft	dev.s7a.strata.runtime.minecraft.font.MinecraftFontEngine#method:17:visualOrder:(Ljava/lang/String;Z)Ljava/lang/String;
minecraft	Minecraft	dev.s7a.strata.runtime.minecraft.font.MinecraftFontEngine#method:1:close:()V
minecraft	Minecraft	dev.s7a.strata.runtime.minecraft.font.MinecraftFontEngine#type:17:java.lang.Object:java.lang.AutoCloseable
minecraft	Minecraft	dev.s7a.strata.runtime.minecraft.font.MinecraftFontEngine$WhenMappings#type:4121:java.lang.Object:
minecraft	Minecraft	dev.s7a.strata.runtime.minecraft.font.MinecraftFontGlyph#constructor:1:(FFFFFLdev/s7a/strata/render/DrawImage;Ldev/s7a/strata/runtime/minecraft/font/MinecraftGlyphChannel;FF)V
minecraft	Minecraft	dev.s7a.strata.runtime.minecraft.font.MinecraftFontGlyph#constructor:1:(FFFFFLdev/s7a/strata/render/DrawImage;Ldev/s7a/strata/runtime/minecraft/font/MinecraftGlyphChannel;FFLdev/s7a/strata/render/SampledImageOrientation;)V
minecraft	Minecraft	dev.s7a.strata.runtime.minecraft.font.MinecraftFontGlyph#constructor:1:(FFFFFLdev/s7a/strata/render/DrawImage;Ldev/s7a/strata/runtime/minecraft/font/MinecraftGlyphChannel;FFLdev/s7a/strata/render/SampledImageOrientation;Ldev/s7a/strata/geometry/IntSize;)V
minecraft	Minecraft	dev.s7a.strata.runtime.minecraft.font.MinecraftFontGlyph#method:17:component10:()Ldev/s7a/strata/render/SampledImageOrientation;
minecraft	Minecraft	dev.s7a.strata.runtime.minecraft.font.MinecraftFontGlyph#method:17:component11:()Ldev/s7a/strata/geometry/IntSize;
minecraft	Minecraft	dev.s7a.strata.runtime.minecraft.font.MinecraftFontGlyph#method:17:component1:()F
minecraft	Minecraft	dev.s7a.strata.runtime.minecraft.font.MinecraftFontGlyph#method:17:component2:()F
minecraft	Minecraft	dev.s7a.strata.runtime.minecraft.font.MinecraftFontGlyph#method:17:component3:()F
minecraft	Minecraft	dev.s7a.strata.runtime.minecraft.font.MinecraftFontGlyph#method:17:component4:()F
minecraft	Minecraft	dev.s7a.strata.runtime.minecraft.font.MinecraftFontGlyph#method:17:component5:()F
minecraft	Minecraft	dev.s7a.strata.runtime.minecraft.font.MinecraftFontGlyph#method:17:component6:()Ldev/s7a/strata/render/DrawImage;
minecraft	Minecraft	dev.s7a.strata.runtime.minecraft.font.MinecraftFontGlyph#method:17:component7:()Ldev/s7a/strata/runtime/minecraft/font/MinecraftGlyphChannel;
minecraft	Minecraft	dev.s7a.strata.runtime.minecraft.font.MinecraftFontGlyph#method:17:component8:()F
minecraft	Minecraft	dev.s7a.strata.runtime.minecraft.font.MinecraftFontGlyph#method:17:component9:()F
minecraft	Minecraft	dev.s7a.strata.runtime.minecraft.font.MinecraftFontGlyph#method:17:copy:(FFFFFLdev/s7a/strata/render/DrawImage;Ldev/s7a/strata/runtime/minecraft/font/MinecraftGlyphChannel;FFLdev/s7a/strata/render/SampledImageOrientation;Ldev/s7a/strata/geometry/IntSize;)Ldev/s7a/strata/runtime/minecraft/font/MinecraftFontGlyph;
minecraft	Minecraft	dev.s7a.strata.runtime.minecraft.font.MinecraftFontGlyph#method:17:getAdvance:()F
minecraft	Minecraft	dev.s7a.strata.runtime.minecraft.font.MinecraftFontGlyph#method:17:getBoldOffset:()F
minecraft	Minecraft	dev.s7a.strata.runtime.minecraft.font.MinecraftFontGlyph#method:17:getBottom:()F
minecraft	Minecraft	dev.s7a.strata.runtime.minecraft.font.MinecraftFontGlyph#method:17:getChannel:()Ldev/s7a/strata/runtime/minecraft/font/MinecraftGlyphChannel;
minecraft	Minecraft	dev.s7a.strata.runtime.minecraft.font.MinecraftFontGlyph#method:17:getImage:()Ldev/s7a/strata/render/DrawImage;
minecraft	Minecraft	dev.s7a.strata.runtime.minecraft.font.MinecraftFontGlyph#method:17:getLeft:()F
minecraft	Minecraft	dev.s7a.strata.runtime.minecraft.font.MinecraftFontGlyph#method:17:getOrientation:()Ldev/s7a/strata/render/SampledImageOrientation;
minecraft	Minecraft	dev.s7a.strata.runtime.minecraft.font.MinecraftFontGlyph#method:17:getOversizedRasterSize:()Ldev/s7a/strata/geometry/IntSize;
minecraft	Minecraft	dev.s7a.strata.runtime.minecraft.font.MinecraftFontGlyph#method:17:getRight:()F
minecraft	Minecraft	dev.s7a.strata.runtime.minecraft.font.MinecraftFontGlyph#method:17:getShadowOffset:()F
minecraft	Minecraft	dev.s7a.strata.runtime.minecraft.font.MinecraftFontGlyph#method:17:getTop:()F
minecraft	Minecraft	dev.s7a.strata.runtime.minecraft.font.MinecraftFontGlyph#method:1:equals:(Ljava/lang/Object;)Z
minecraft	Minecraft	dev.s7a.strata.runtime.minecraft.font.MinecraftFontGlyph#method:1:hashCode:()I
minecraft	Minecraft	dev.s7a.strata.runtime.minecraft.font.MinecraftFontGlyph#method:1:toString:()Ljava/lang/String;
minecraft	Minecraft	dev.s7a.strata.runtime.minecraft.font.MinecraftFontGlyph#type:17:java.lang.Object:
minecraft	Minecraft	dev.s7a.strata.runtime.minecraft.font.MinecraftFontLoadLimitException#constructor:1:(Ljava/lang/String;)V
minecraft	Minecraft	dev.s7a.strata.runtime.minecraft.font.MinecraftFontLoadLimitException#type:17:java.lang.IllegalArgumentException:
minecraft	Minecraft	dev.s7a.strata.runtime.minecraft.font.MinecraftFontLoadLimits#constructor:1:()V
minecraft	Minecraft	dev.s7a.strata.runtime.minecraft.font.MinecraftFontLoadLimits#constructor:1:(IIIIJIIJJJIIIJIIIIIJJIJ)V
minecraft	Minecraft	dev.s7a.strata.runtime.minecraft.font.MinecraftFontLoadLimits#method:17:checkPng:([B)Z
minecraft	Minecraft	dev.s7a.strata.runtime.minecraft.font.MinecraftFontLoadLimits#method:17:component10:()J
minecraft	Minecraft	dev.s7a.strata.runtime.minecraft.font.MinecraftFontLoadLimits#method:17:component11:()I
minecraft	Minecraft	dev.s7a.strata.runtime.minecraft.font.MinecraftFontLoadLimits#method:17:component12:()I
minecraft	Minecraft	dev.s7a.strata.runtime.minecraft.font.MinecraftFontLoadLimits#method:17:component13:()I
minecraft	Minecraft	dev.s7a.strata.runtime.minecraft.font.MinecraftFontLoadLimits#method:17:component14:()J
minecraft	Minecraft	dev.s7a.strata.runtime.minecraft.font.MinecraftFontLoadLimits#method:17:component15:()I
minecraft	Minecraft	dev.s7a.strata.runtime.minecraft.font.MinecraftFontLoadLimits#method:17:component16:()I
minecraft	Minecraft	dev.s7a.strata.runtime.minecraft.font.MinecraftFontLoadLimits#method:17:component17:()I
minecraft	Minecraft	dev.s7a.strata.runtime.minecraft.font.MinecraftFontLoadLimits#method:17:component18:()I
minecraft	Minecraft	dev.s7a.strata.runtime.minecraft.font.MinecraftFontLoadLimits#method:17:component19:()I
minecraft	Minecraft	dev.s7a.strata.runtime.minecraft.font.MinecraftFontLoadLimits#method:17:component1:()I
minecraft	Minecraft	dev.s7a.strata.runtime.minecraft.font.MinecraftFontLoadLimits#method:17:component20:()J
minecraft	Minecraft	dev.s7a.strata.runtime.minecraft.font.MinecraftFontLoadLimits#method:17:component21:()J
minecraft	Minecraft	dev.s7a.strata.runtime.minecraft.font.MinecraftFontLoadLimits#method:17:component22:()I
minecraft	Minecraft	dev.s7a.strata.runtime.minecraft.font.MinecraftFontLoadLimits#method:17:component23:()J
minecraft	Minecraft	dev.s7a.strata.runtime.minecraft.font.MinecraftFontLoadLimits#method:17:component2:()I
minecraft	Minecraft	dev.s7a.strata.runtime.minecraft.font.MinecraftFontLoadLimits#method:17:component3:()I
minecraft	Minecraft	dev.s7a.strata.runtime.minecraft.font.MinecraftFontLoadLimits#method:17:component4:()I
minecraft	Minecraft	dev.s7a.strata.runtime.minecraft.font.MinecraftFontLoadLimits#method:17:component5:()J
minecraft	Minecraft	dev.s7a.strata.runtime.minecraft.font.MinecraftFontLoadLimits#method:17:component6:()I
minecraft	Minecraft	dev.s7a.strata.runtime.minecraft.font.MinecraftFontLoadLimits#method:17:component7:()I
minecraft	Minecraft	dev.s7a.strata.runtime.minecraft.font.MinecraftFontLoadLimits#method:17:component8:()J
minecraft	Minecraft	dev.s7a.strata.runtime.minecraft.font.MinecraftFontLoadLimits#method:17:component9:()J
minecraft	Minecraft	dev.s7a.strata.runtime.minecraft.font.MinecraftFontLoadLimits#method:17:copy:(IIIIJIIJJJIIIJIIIIIJJIJ)Ldev/s7a/strata/runtime/minecraft/font/MinecraftFontLoadLimits;
minecraft	Minecraft	dev.s7a.strata.runtime.minecraft.font.MinecraftFontLoadLimits#method:17:getMaxArchiveBytes:()J
minecraft	Minecraft	dev.s7a.strata.runtime.minecraft.font.MinecraftFontLoadLimits#method:17:getMaxAssetBytes:()I
minecraft	Minecraft	dev.s7a.strata.runtime.minecraft.font.MinecraftFontLoadLimits#method:17:getMaxBitmapSheetBytes:()J
minecraft	Minecraft	dev.s7a.strata.runtime.minecraft.font.MinecraftFontLoadLimits#method:17:getMaxDecompressedBytes:()J
minecraft	Minecraft	dev.s7a.strata.runtime.minecraft.font.MinecraftFontLoadLimits#method:17:getMaxDecompressedEntryBytes:()J
minecraft	Minecraft	dev.s7a.strata.runtime.minecraft.font.MinecraftFontLoadLimits#method:17:getMaxDocumentBytes:()I
minecraft	Minecraft	dev.s7a.strata.runtime.minecraft.font.MinecraftFontLoadLimits#method:17:getMaxEntries:()I
minecraft	Minecraft	dev.s7a.strata.runtime.minecraft.font.MinecraftFontLoadLimits#method:17:getMaxFontDocuments:()I
minecraft	Minecraft	dev.s7a.strata.runtime.minecraft.font.MinecraftFontLoadLimits#method:17:getMaxGlyphRowBytes:()J
minecraft	Minecraft	dev.s7a.strata.runtime.minecraft.font.MinecraftFontLoadLimits#method:17:getMaxGlyphs:()I
minecraft	Minecraft	dev.s7a.strata.runtime.minecraft.font.MinecraftFontLoadLimits#method:17:getMaxImageBytes:()J
minecraft	Minecraft	dev.s7a.strata.runtime.minecraft.font.MinecraftFontLoadLimits#method:17:getMaxImageDimension:()I
minecraft	Minecraft	dev.s7a.strata.runtime.minecraft.font.MinecraftFontLoadLimits#method:17:getMaxInputBytes:()J
minecraft	Minecraft	dev.s7a.strata.runtime.minecraft.font.MinecraftFontLoadLimits#method:17:getMaxJsonDepth:()I
minecraft	Minecraft	dev.s7a.strata.runtime.minecraft.font.MinecraftFontLoadLimits#method:17:getMaxJsonValues:()I
minecraft	Minecraft	dev.s7a.strata.runtime.minecraft.font.MinecraftFontLoadLimits#method:17:getMaxPathLength:()I
minecraft	Minecraft	dev.s7a.strata.runtime.minecraft.font.MinecraftFontLoadLimits#method:17:getMaxProviders:()I
minecraft	Minecraft	dev.s7a.strata.runtime.minecraft.font.MinecraftFontLoadLimits#method:17:getMaxReferenceDepth:()I
minecraft	Minecraft	dev.s7a.strata.runtime.minecraft.font.MinecraftFontLoadLimits#method:17:getMaxResolvedProviders:()I
minecraft	Minecraft	dev.s7a.strata.runtime.minecraft.font.MinecraftFontLoadLimits#method:17:getMaxSourceEntries:()I
minecraft	Minecraft	dev.s7a.strata.runtime.minecraft.font.MinecraftFontLoadLimits#method:17:getMaxSources:()I
minecraft	Minecraft	dev.s7a.strata.runtime.minecraft.font.MinecraftFontLoadLimits#method:17:getMaxTrueTypeFaces:()I
minecraft	Minecraft	dev.s7a.strata.runtime.minecraft.font.MinecraftFontLoadLimits#method:17:getMaxTrueTypeInputBytes:()J
minecraft	Minecraft	dev.s7a.strata.runtime.minecraft.font.MinecraftFontLoadLimits#method:17:requireBitmapSheetSize:(II)V
minecraft	Minecraft	dev.s7a.strata.runtime.minecraft.font.MinecraftFontLoadLimits#method:17:requireImageSize:(II)V
minecraft	Minecraft	dev.s7a.strata.runtime.minecraft.font.MinecraftFontLoadLimits#method:1:equals:(Ljava/lang/Object;)Z
minecraft	Minecraft	dev.s7a.strata.runtime.minecraft.font.MinecraftFontLoadLimits#method:1:hashCode:()I
minecraft	Minecraft	dev.s7a.strata.runtime.minecraft.font.MinecraftFontLoadLimits#method:1:toString:()Ljava/lang/String;
minecraft	Minecraft	dev.s7a.strata.runtime.minecraft.font.MinecraftFontLoadLimits#type:17:java.lang.Object:
minecraft	Minecraft	dev.s7a.strata.runtime.minecraft.font.MinecraftFontOptions#constructor:1:()V
minecraft	Minecraft	dev.s7a.strata.runtime.minecraft.font.MinecraftFontOptions#constructor:1:(ZZZ)V
minecraft	Minecraft	dev.s7a.strata.runtime.minecraft.font.MinecraftFontOptions#method:17:component1:()Z
minecraft	Minecraft	dev.s7a.strata.runtime.minecraft.font.MinecraftFontOptions#method:17:component2:()Z
minecraft	Minecraft	dev.s7a.strata.runtime.minecraft.font.MinecraftFontOptions#method:17:component3:()Z
minecraft	Minecraft	dev.s7a.strata.runtime.minecraft.font.MinecraftFontOptions#method:17:copy:(ZZZ)Ldev/s7a/strata/runtime/minecraft/font/MinecraftFontOptions;
minecraft	Minecraft	dev.s7a.strata.runtime.minecraft.font.MinecraftFontOptions#method:17:getJapaneseVariants:()Z
minecraft	Minecraft	dev.s7a.strata.runtime.minecraft.font.MinecraftFontOptions#method:17:getRightToLeft:()Z
minecraft	Minecraft	dev.s7a.strata.runtime.minecraft.font.MinecraftFontOptions#method:17:getUniform:()Z
minecraft	Minecraft	dev.s7a.strata.runtime.minecraft.font.MinecraftFontOptions#method:1:equals:(Ljava/lang/Object;)Z
minecraft	Minecraft	dev.s7a.strata.runtime.minecraft.font.MinecraftFontOptions#method:1:hashCode:()I
minecraft	Minecraft	dev.s7a.strata.runtime.minecraft.font.MinecraftFontOptions#method:1:toString:()Ljava/lang/String;
minecraft	Minecraft	dev.s7a.strata.runtime.minecraft.font.MinecraftFontOptions#type:17:java.lang.Object:
minecraft	Minecraft	dev.s7a.strata.runtime.minecraft.font.MinecraftFontSnapshot#constructor:1:(Ldev/s7a/strata/runtime/minecraft/font/MinecraftFontCompatibility;Ldev/s7a/strata/runtime/minecraft/font/MinecraftFontOptions;Ljava/util/Map;Ljava/util/List;)V
minecraft	Minecraft	dev.s7a.strata.runtime.minecraft.font.MinecraftFontSnapshot#constructor:1:(Ldev/s7a/strata/runtime/minecraft/font/MinecraftFontCompatibility;Ldev/s7a/strata/runtime/minecraft/font/MinecraftFontOptions;Ljava/util/Map;Ljava/util/List;Ldev/s7a/strata/runtime/minecraft/font/MinecraftFontLoadLimits;)V
minecraft	Minecraft	dev.s7a.strata.runtime.minecraft.font.MinecraftFontSnapshot#field:25:Companion:Ldev/s7a/strata/runtime/minecraft/font/MinecraftFontSnapshot$Companion;
minecraft	Minecraft	dev.s7a.strata.runtime.minecraft.font.MinecraftFontSnapshot#method:17:getCompatibility:()Ldev/s7a/strata/runtime/minecraft/font/MinecraftFontCompatibility;
minecraft	Minecraft	dev.s7a.strata.runtime.minecraft.font.MinecraftFontSnapshot#method:17:getDiagnostics:()Ljava/util/List;
minecraft	Minecraft	dev.s7a.strata.runtime.minecraft.font.MinecraftFontSnapshot#method:17:getFontIds:()Ljava/util/Set;
minecraft	Minecraft	dev.s7a.strata.runtime.minecraft.font.MinecraftFontSnapshot#method:17:getFonts$dev_s7a_strata_minecraft:()Ljava/util/Map;
minecraft	Minecraft	dev.s7a.strata.runtime.minecraft.font.MinecraftFontSnapshot#method:17:getLimits$dev_s7a_strata_minecraft:()Ldev/s7a/strata/runtime/minecraft/font/MinecraftFontLoadLimits;
minecraft	Minecraft	dev.s7a.strata.runtime.minecraft.font.MinecraftFontSnapshot#method:17:getOptions:()Ldev/s7a/strata/runtime/minecraft/font/MinecraftFontOptions;
minecraft	Minecraft	dev.s7a.strata.runtime.minecraft.font.MinecraftFontSnapshot#method:25:load:(Ljava/util/List;Ldev/s7a/strata/runtime/minecraft/font/MinecraftFontCompatibility;)Ldev/s7a/strata/runtime/minecraft/font/MinecraftFontSnapshot;
minecraft	Minecraft	dev.s7a.strata.runtime.minecraft.font.MinecraftFontSnapshot#method:25:load:(Ljava/util/List;Ldev/s7a/strata/runtime/minecraft/font/MinecraftFontCompatibility;Ldev/s7a/strata/runtime/minecraft/font/MinecraftFontOptions;)Ldev/s7a/strata/runtime/minecraft/font/MinecraftFontSnapshot;
minecraft	Minecraft	dev.s7a.strata.runtime.minecraft.font.MinecraftFontSnapshot#method:25:load:(Ljava/util/List;Ldev/s7a/strata/runtime/minecraft/font/MinecraftFontCompatibility;Ldev/s7a/strata/runtime/minecraft/font/MinecraftFontOptions;Ldev/s7a/strata/runtime/minecraft/font/MinecraftFontLoadLimits;)Ldev/s7a/strata/runtime/minecraft/font/MinecraftFontSnapshot;
minecraft	Minecraft	dev.s7a.strata.runtime.minecraft.font.MinecraftFontSnapshot#type:17:java.lang.Object:
minecraft	Minecraft	dev.s7a.strata.runtime.minecraft.font.MinecraftFontSnapshot$Companion#method:17:load:(Ljava/util/List;Ldev/s7a/strata/runtime/minecraft/font/MinecraftFontCompatibility;)Ldev/s7a/strata/runtime/minecraft/font/MinecraftFontSnapshot;
minecraft	Minecraft	dev.s7a.strata.runtime.minecraft.font.MinecraftFontSnapshot$Companion#method:17:load:(Ljava/util/List;Ldev/s7a/strata/runtime/minecraft/font/MinecraftFontCompatibility;Ldev/s7a/strata/runtime/minecraft/font/MinecraftFontOptions;)Ldev/s7a/strata/runtime/minecraft/font/MinecraftFontSnapshot;
minecraft	Minecraft	dev.s7a.strata.runtime.minecraft.font.MinecraftFontSnapshot$Companion#method:17:load:(Ljava/util/List;Ldev/s7a/strata/runtime/minecraft/font/MinecraftFontCompatibility;Ldev/s7a/strata/runtime/minecraft/font/MinecraftFontOptions;Ldev/s7a/strata/runtime/minecraft/font/MinecraftFontLoadLimits;)Ldev/s7a/strata/runtime/minecraft/font/MinecraftFontSnapshot;
minecraft	Minecraft	dev.s7a.strata.runtime.minecraft.font.MinecraftFontSnapshot$Companion#type:25:java.lang.Object:
minecraft	Minecraft	dev.s7a.strata.runtime.minecraft.font.MinecraftGlyphChannel#field:16409:Color:Ldev/s7a/strata/runtime/minecraft/font/MinecraftGlyphChannel;
minecraft	Minecraft	dev.s7a.strata.runtime.minecraft.font.MinecraftGlyphChannel#field:16409:Intensity:Ldev/s7a/strata/runtime/minecraft/font/MinecraftGlyphChannel;
minecraft	Minecraft	dev.s7a.strata.runtime.minecraft.font.MinecraftGlyphChannel#method:9:getEntries:()Lkotlin/enums/EnumEntries;
minecraft	Minecraft	dev.s7a.strata.runtime.minecraft.font.MinecraftGlyphChannel#method:9:valueOf:(Ljava/lang/String;)Ldev/s7a/strata/runtime/minecraft/font/MinecraftGlyphChannel;
minecraft	Minecraft	dev.s7a.strata.runtime.minecraft.font.MinecraftGlyphChannel#method:9:values:()[Ldev/s7a/strata/runtime/minecraft/font/MinecraftGlyphChannel;
minecraft	Minecraft	dev.s7a.strata.runtime.minecraft.font.MinecraftGlyphChannel#type:16401:java.lang.Enum:
minecraft	Minecraft	dev.s7a.strata.runtime.minecraft.font.MinecraftIndexedFontAssetSource#constructor:1:(Ljava/nio/file/Path;Ljava/nio/file/Path;Ljava/lang/String;)V
minecraft	Minecraft	dev.s7a.strata.runtime.minecraft.font.MinecraftIndexedFontAssetSource#constructor:1:(Ljava/nio/file/Path;Ljava/nio/file/Path;Ljava/lang/String;Ldev/s7a/strata/runtime/minecraft/font/MinecraftFontLoadLimits;)V
minecraft	Minecraft	dev.s7a.strata.runtime.minecraft.font.MinecraftIndexedFontAssetSource#method:1:getName:()Ljava/lang/String;
minecraft	Minecraft	dev.s7a.strata.runtime.minecraft.font.MinecraftIndexedFontAssetSource#method:1:paths:()Ljava/util/Set;
minecraft	Minecraft	dev.s7a.strata.runtime.minecraft.font.MinecraftIndexedFontAssetSource#method:1:read:(Ljava/lang/String;)[B
minecraft	Minecraft	dev.s7a.strata.runtime.minecraft.font.MinecraftIndexedFontAssetSource#method:1:read:(Ljava/lang/String;Ldev/s7a/strata/runtime/minecraft/font/MinecraftFontLoadLimits;)[B
minecraft	Minecraft	dev.s7a.strata.runtime.minecraft.font.MinecraftIndexedFontAssetSource#method:65:paths:(Ldev/s7a/strata/runtime/minecraft/font/MinecraftFontLoadLimits;)Ljava/util/Set;
minecraft	Minecraft	dev.s7a.strata.runtime.minecraft.font.MinecraftIndexedFontAssetSource#method:65:paths:(Ldev/s7a/strata/runtime/minecraft/font/MinecraftFontLoadLimits;Lkotlin/jvm/functions/Function0;)Ljava/util/Set;
minecraft	Minecraft	dev.s7a.strata.runtime.minecraft.font.MinecraftIndexedFontAssetSource#type:17:java.lang.Object:dev.s7a.strata.runtime.minecraft.font.MinecraftBoundedFontAssetSource
minecraft	Minecraft	dev.s7a.strata.runtime.minecraft.font.MinecraftMemoryFontAssetSource#constructor:1:(Ljava/lang/String;Ljava/util/Map;)V
minecraft	Minecraft	dev.s7a.strata.runtime.minecraft.font.MinecraftMemoryFontAssetSource#constructor:1:(Ljava/lang/String;Ljava/util/Map;Ldev/s7a/strata/runtime/minecraft/font/MinecraftFontLoadLimits;)V
minecraft	Minecraft	dev.s7a.strata.runtime.minecraft.font.MinecraftMemoryFontAssetSource#method:1:getName:()Ljava/lang/String;
minecraft	Minecraft	dev.s7a.strata.runtime.minecraft.font.MinecraftMemoryFontAssetSource#method:1:paths:()Ljava/util/Set;
minecraft	Minecraft	dev.s7a.strata.runtime.minecraft.font.MinecraftMemoryFontAssetSource#method:1:read:(Ljava/lang/String;)[B
minecraft	Minecraft	dev.s7a.strata.runtime.minecraft.font.MinecraftMemoryFontAssetSource#method:1:read:(Ljava/lang/String;Ldev/s7a/strata/runtime/minecraft/font/MinecraftFontLoadLimits;)[B
minecraft	Minecraft	dev.s7a.strata.runtime.minecraft.font.MinecraftMemoryFontAssetSource#method:65:paths:(Ldev/s7a/strata/runtime/minecraft/font/MinecraftFontLoadLimits;)Ljava/util/Set;
minecraft	Minecraft	dev.s7a.strata.runtime.minecraft.font.MinecraftMemoryFontAssetSource#method:65:paths:(Ldev/s7a/strata/runtime/minecraft/font/MinecraftFontLoadLimits;Lkotlin/jvm/functions/Function0;)Ljava/util/Set;
minecraft	Minecraft	dev.s7a.strata.runtime.minecraft.font.MinecraftMemoryFontAssetSource#type:17:java.lang.Object:dev.s7a.strata.runtime.minecraft.font.MinecraftBoundedFontAssetSource
minecraft	Minecraft	dev.s7a.strata.runtime.minecraft.font.MinecraftTrueTypeFace#method:1025:close:()V
minecraft	Minecraft	dev.s7a.strata.runtime.minecraft.font.MinecraftTrueTypeFace#method:1025:glyph:(I)Ldev/s7a/strata/runtime/minecraft/font/MinecraftFontGlyph;
minecraft	Minecraft	dev.s7a.strata.runtime.minecraft.font.MinecraftTrueTypeFace#type:1537::java.lang.AutoCloseable
minecraft	Minecraft	dev.s7a.strata.runtime.minecraft.font.MinecraftTrueTypeRasterizer#field:16409:FreeType:Ldev/s7a/strata/runtime/minecraft/font/MinecraftTrueTypeRasterizer;
minecraft	Minecraft	dev.s7a.strata.runtime.minecraft.font.MinecraftTrueTypeRasterizer#field:16409:Stb:Ldev/s7a/strata/runtime/minecraft/font/MinecraftTrueTypeRasterizer;
minecraft	Minecraft	dev.s7a.strata.runtime.minecraft.font.MinecraftTrueTypeRasterizer#method:9:getEntries:()Lkotlin/enums/EnumEntries;
minecraft	Minecraft	dev.s7a.strata.runtime.minecraft.font.MinecraftTrueTypeRasterizer#method:9:valueOf:(Ljava/lang/String;)Ldev/s7a/strata/runtime/minecraft/font/MinecraftTrueTypeRasterizer;
minecraft	Minecraft	dev.s7a.strata.runtime.minecraft.font.MinecraftTrueTypeRasterizer#method:9:values:()[Ldev/s7a/strata/runtime/minecraft/font/MinecraftTrueTypeRasterizer;
minecraft	Minecraft	dev.s7a.strata.runtime.minecraft.font.MinecraftTrueTypeRasterizer#type:16401:java.lang.Enum:
minecraft	Minecraft	dev.s7a.strata.runtime.minecraft.font.MinecraftTrueTypeSettings#constructor:1:()V
minecraft	Minecraft	dev.s7a.strata.runtime.minecraft.font.MinecraftTrueTypeSettings#constructor:1:(FFFF)V
minecraft	Minecraft	dev.s7a.strata.runtime.minecraft.font.MinecraftTrueTypeSettings#method:17:component1:()F
minecraft	Minecraft	dev.s7a.strata.runtime.minecraft.font.MinecraftTrueTypeSettings#method:17:component2:()F
minecraft	Minecraft	dev.s7a.strata.runtime.minecraft.font.MinecraftTrueTypeSettings#method:17:component3:()F
minecraft	Minecraft	dev.s7a.strata.runtime.minecraft.font.MinecraftTrueTypeSettings#method:17:component4:()F
minecraft	Minecraft	dev.s7a.strata.runtime.minecraft.font.MinecraftTrueTypeSettings#method:17:copy:(FFFF)Ldev/s7a/strata/runtime/minecraft/font/MinecraftTrueTypeSettings;
minecraft	Minecraft	dev.s7a.strata.runtime.minecraft.font.MinecraftTrueTypeSettings#method:17:getOversample:()F
minecraft	Minecraft	dev.s7a.strata.runtime.minecraft.font.MinecraftTrueTypeSettings#method:17:getShiftX:()F
minecraft	Minecraft	dev.s7a.strata.runtime.minecraft.font.MinecraftTrueTypeSettings#method:17:getShiftY:()F
minecraft	Minecraft	dev.s7a.strata.runtime.minecraft.font.MinecraftTrueTypeSettings#method:17:getSize:()F
minecraft	Minecraft	dev.s7a.strata.runtime.minecraft.font.MinecraftTrueTypeSettings#method:1:equals:(Ljava/lang/Object;)Z
minecraft	Minecraft	dev.s7a.strata.runtime.minecraft.font.MinecraftTrueTypeSettings#method:1:hashCode:()I
minecraft	Minecraft	dev.s7a.strata.runtime.minecraft.font.MinecraftTrueTypeSettings#method:1:toString:()Ljava/lang/String;
minecraft	Minecraft	dev.s7a.strata.runtime.minecraft.font.MinecraftTrueTypeSettings#type:17:java.lang.Object:
minecraft	Minecraft	dev.s7a.strata.runtime.minecraft.font.MinecraftVisualGlyph#constructor:1:(II)V
minecraft	Minecraft	dev.s7a.strata.runtime.minecraft.font.MinecraftVisualGlyph#method:17:component1:()I
minecraft	Minecraft	dev.s7a.strata.runtime.minecraft.font.MinecraftVisualGlyph#method:17:component2:()I
minecraft	Minecraft	dev.s7a.strata.runtime.minecraft.font.MinecraftVisualGlyph#method:17:copy:(II)Ldev/s7a/strata/runtime/minecraft/font/MinecraftVisualGlyph;
minecraft	Minecraft	dev.s7a.strata.runtime.minecraft.font.MinecraftVisualGlyph#method:17:getCodePoint:()I
minecraft	Minecraft	dev.s7a.strata.runtime.minecraft.font.MinecraftVisualGlyph#method:17:getSourceIndex:()I
minecraft	Minecraft	dev.s7a.strata.runtime.minecraft.font.MinecraftVisualGlyph#method:1:equals:(Ljava/lang/Object;)Z
minecraft	Minecraft	dev.s7a.strata.runtime.minecraft.font.MinecraftVisualGlyph#method:1:hashCode:()I
minecraft	Minecraft	dev.s7a.strata.runtime.minecraft.font.MinecraftVisualGlyph#method:1:toString:()Ljava/lang/String;
minecraft	Minecraft	dev.s7a.strata.runtime.minecraft.font.MinecraftVisualGlyph#type:17:java.lang.Object:
fonts	Fonts	dev.s7a.strata.runtime.minecraft.font.lwjgl.FreeTypeMinecraftFontFace#constructor:1:([BLdev/s7a/strata/runtime/minecraft/font/MinecraftTrueTypeSettings;Ldev/s7a/strata/runtime/minecraft/font/MinecraftFontLoadLimits;)V
fonts	Fonts	dev.s7a.strata.runtime.minecraft.font.lwjgl.FreeTypeMinecraftFontFace#method:1:close:()V
fonts	Fonts	dev.s7a.strata.runtime.minecraft.font.lwjgl.FreeTypeMinecraftFontFace#method:1:glyph:(I)Ldev/s7a/strata/runtime/minecraft/font/MinecraftFontGlyph;
fonts	Fonts	dev.s7a.strata.runtime.minecraft.font.lwjgl.FreeTypeMinecraftFontFace#type:17:java.lang.Object:dev.s7a.strata.runtime.minecraft.font.MinecraftTrueTypeFace
fonts	Fonts	dev.s7a.strata.runtime.minecraft.font.lwjgl.LwjglMinecraftFontBackend#constructor:1:(Ldev/s7a/strata/runtime/minecraft/font/MinecraftTrueTypeRasterizer;)V
fonts	Fonts	dev.s7a.strata.runtime.minecraft.font.lwjgl.LwjglMinecraftFontBackend#method:1:close:()V
fonts	Fonts	dev.s7a.strata.runtime.minecraft.font.lwjgl.LwjglMinecraftFontBackend#method:1:decodePng:([B)Ldev/s7a/strata/render/DrawImage;
fonts	Fonts	dev.s7a.strata.runtime.minecraft.font.lwjgl.LwjglMinecraftFontBackend#method:1:decodePng:([BLdev/s7a/strata/runtime/minecraft/font/MinecraftFontLoadLimits;)Ldev/s7a/strata/render/DrawImage;
fonts	Fonts	dev.s7a.strata.runtime.minecraft.font.lwjgl.LwjglMinecraftFontBackend#method:1:openTrueType:([BLdev/s7a/strata/runtime/minecraft/font/MinecraftTrueTypeSettings;)Ldev/s7a/strata/runtime/minecraft/font/MinecraftTrueTypeFace;
fonts	Fonts	dev.s7a.strata.runtime.minecraft.font.lwjgl.LwjglMinecraftFontBackend#method:1:openTrueType:([BLdev/s7a/strata/runtime/minecraft/font/MinecraftTrueTypeSettings;Ldev/s7a/strata/runtime/minecraft/font/MinecraftFontLoadLimits;)Ldev/s7a/strata/runtime/minecraft/font/MinecraftTrueTypeFace;
fonts	Fonts	dev.s7a.strata.runtime.minecraft.font.lwjgl.LwjglMinecraftFontBackend#method:1:visualGlyphs:(Ljava/lang/String;Z)Ljava/util/List;
fonts	Fonts	dev.s7a.strata.runtime.minecraft.font.lwjgl.LwjglMinecraftFontBackend#method:1:visualOrder:(Ljava/lang/String;Z)Ljava/lang/String;
fonts	Fonts	dev.s7a.strata.runtime.minecraft.font.lwjgl.LwjglMinecraftFontBackend#type:17:java.lang.Object:dev.s7a.strata.runtime.minecraft.font.MinecraftBoundedFontBackend
fonts	Fonts	dev.s7a.strata.runtime.minecraft.font.lwjgl.LwjglMinecraftFontBackend$WhenMappings#type:4121:java.lang.Object:
fonts	Fonts	dev.s7a.strata.runtime.minecraft.font.lwjgl.LwjglMinecraftFontBackendFactory#field:25:INSTANCE:Ldev/s7a/strata/runtime/minecraft/font/lwjgl/LwjglMinecraftFontBackendFactory;
fonts	Fonts	dev.s7a.strata.runtime.minecraft.font.lwjgl.LwjglMinecraftFontBackendFactory#method:1:open:(Ldev/s7a/strata/runtime/minecraft/font/MinecraftFontCompatibility;)Ldev/s7a/strata/runtime/minecraft/font/MinecraftFontBackend;
fonts	Fonts	dev.s7a.strata.runtime.minecraft.font.lwjgl.LwjglMinecraftFontBackendFactory#type:17:java.lang.Object:dev.s7a.strata.runtime.minecraft.font.MinecraftFontBackendFactory
fonts	Fonts	dev.s7a.strata.runtime.minecraft.font.lwjgl.LwjglMinecraftFontBackendKt#type:17:java.lang.Object:
fonts	Fonts	dev.s7a.strata.runtime.minecraft.font.lwjgl.StbMinecraftFontFace#constructor:1:([BLdev/s7a/strata/runtime/minecraft/font/MinecraftTrueTypeSettings;Ldev/s7a/strata/runtime/minecraft/font/MinecraftFontLoadLimits;)V
fonts	Fonts	dev.s7a.strata.runtime.minecraft.font.lwjgl.StbMinecraftFontFace#method:1:close:()V
fonts	Fonts	dev.s7a.strata.runtime.minecraft.font.lwjgl.StbMinecraftFontFace#method:1:glyph:(I)Ldev/s7a/strata/runtime/minecraft/font/MinecraftFontGlyph;
fonts	Fonts	dev.s7a.strata.runtime.minecraft.font.lwjgl.StbMinecraftFontFace#type:17:java.lang.Object:dev.s7a.strata.runtime.minecraft.font.MinecraftTrueTypeFace
fonts	Fonts	dev.s7a.strata.runtime.minecraft.font.lwjgl.TrueTypeGlyphMetrics#constructor:1:(FFFFFLdev/s7a/strata/geometry/IntSize;)V
fonts	Fonts	dev.s7a.strata.runtime.minecraft.font.lwjgl.TrueTypeGlyphMetrics#method:17:rasterize:(Ldev/s7a/strata/runtime/minecraft/font/MinecraftFontLoadLimits;Lkotlin/jvm/functions/Function0;)Ldev/s7a/strata/runtime/minecraft/font/MinecraftFontGlyph;
fonts	Fonts	dev.s7a.strata.runtime.minecraft.font.lwjgl.TrueTypeGlyphMetrics#method:17:rasterize:(Lkotlin/jvm/functions/Function0;)Ldev/s7a/strata/runtime/minecraft/font/MinecraftFontGlyph;
fonts	Fonts	dev.s7a.strata.runtime.minecraft.font.lwjgl.TrueTypeGlyphMetrics#type:17:java.lang.Object:
